portrait status,file name,id,Telugu name,other names,role,side (ring colour),episodes,type,gender,appearance,dress & ornaments,objects,marks,characteristic moment,artist note
done — painted portrait in site,yudhishthira.png,yudhishthira,యుధిష్ఠిరుడు,"ధర్మరాజు, ధర్మజుడు","పెద్ద పాండవుడు, యమధర్మరాజు వరపుత్రుడు",Pandava side,54,prince,male,"Fair-complexioned — 'the one with the white/fair body colour is Yama's son Dharmaraja' (తెల్లని మేని రంగు గలవాడు) [adi 95 (story)]; Ages: 16 on arriving at Hastina from Shatashringa; 29 when leaving for Varanavata (eldest of the five) [adi 78 (story)]; Long arms, sun-like lustre (said of all five brothers' bearing) [sabha 18 (story); sabha 24 (story)]; After losing everything: pride gone, a very pitiful face [sabha 18 (story)]","Leaving for exile: no ornaments or royal garments; deer-skins and bark garments in the guise of munis [sabha 24 (story)]; Covers his face with the end of his cloth as he walks into exile [sabha 24 (story)]; Pandavas shed royal garments and put on deer-skins after the second game [sabha 23 (Vyasa: Ganguli, Sabha Parva, Section LXXVI)]","The dice (పాచికలు) in his hand [sabha 18 (caption)]; Excelled above all in chariot-fighting [adi 68 (Vyasa: Ganguli, Adi Parva, Section CXXXIV)]","Son of Yama-Dharma by Kunti; named by a heavenly voice 'Yudhishthira' — steady in battle, steadfast in dharma [adi 60 (story)]; Bathed with waters of all tirthas by Dhaumya, Narada, Vyasa at the Rajasuya's end [sabha 15 (story)]; Covers his eyes because his angry glance would burn the people [sabha 24 (story)]","In the new hall at Hastina, dice in hand, stunned and motionless, as Shakuni taunts him. [sabha 18 (caption); sabha 17 (caption)]","Also: answering Narada's questions on kingship in Maya's hall (sabha 2 caption); stake by stake he loses wealth, land, brothers, himself and Draupadi (sabha 18). He reads Vidura's coded warning and notices the lac house is fake (adi 79). Do not show a crown during exile. Called Dharmaraja, Dharmaja, Ajatashatru."
done — painted portrait in site,arjuna.png,arjuna,అర్జునుడు,,"ఇంద్ర పుత్రుడు, గాండీవధారి, లోకైక విలుకాడు",Pandava side,45,warrior,male,"నల్లని దేహం — 'ప్రకాశించే నల్లకలువ రంగు దేహం', 'ఇంద్రనీలమణిలా నల్లని అందమైన శరీరం', 'నల్లని రత్నం వంటి మేని కాంతి', 'ఇంద్రనీలం రంగు' [adi 71 (story); adi 104 (story); adi 94 (story); adi 105 (story); adi 87 (story)]; తుమ్మెదల్లాంటి నల్లని ఉంగరాల జుట్టు; ఎర్రని కొనలున్న తామరరేకుల్లాంటి కళ్ళు [adi 105 (story)]; మోకాళ్ళ వరకూ వేలాడే బలమైన పొడవైన బాహువులు ('ఐరావతం తొండం లాంటి బాహువులు'); విశాలమైన వక్షస్థలం, విశాలమైన భుజాలు [adi 105 (story); adi 104 (story); adi 71 (story); adi 93 (story); adi 97 (story)]; మన్మథుని వంటి రూపం, కొత్త యౌవనంతో వెలిగిపోతున్నవాడు, దేవేంద్రుని వంటివాడు [adi 94 (story)]; వయసు: హస్తినకు వచ్చినప్పుడు పద్నాలుగు; వారణావతానికి వెళ్ళే నాటికి ఇరవై ఏడు (నన్నయ లెక్క) [adi 78 (story)]","రంగభూమిలో: రంగురంగులుగా మెరిసే బంగారు కవచం, నడుముకు కట్టిన అమ్ములపొది — 'ఇంద్రధనుస్సు, మెరుపుతో కూడిన నల్లని మేఘంలా' [adi 71 (story)]; స్వయంవరంలో బ్రాహ్మణ వేషం — జింక చర్మాలే ఉత్తరీయాలు [adi 94 (story); adi 97 (story)]; ద్వారకలో కపట సన్యాసి (యతి) వేషం [adi 105 (story; caption)]; సుభద్ర వివాహంలో ఇంద్రుడు పెట్టిన బంగారు మణుల ఎత్తైన కిరీటం, బాహుపురులు, హారాలు (అందుకే 'కిరీటి') [adi 105 (story); adi 106 (story)]; వనవాస ప్రయాణంలో జింకచర్మాలు, నారచీరలు — ఆభరణాలు, రాజవస్త్రాలు లేకుండా [sabha 24 (story)]","గాండీవం — వరుణుడు ఇచ్చిన విల్లు; విరగనిది, వజ్రంలా గట్టిది, మేరుపర్వతపు చరియ వంటి కాంతి గలది; వ్యాసునిలో లక్ష విల్లులతో సమానం [adi 107 (story; caption; Vyasa, Ganguli Adi CCXXVII); sabha 24 (story)]; తరగని బాణాలు గల అంబులపొదుల జంట [adi 107 (story)]; రథం: జెండా మీద సింహపు తోక గల వానరుడు; మనసు, గాలి వేగం గల తెల్లని గుర్రాలు; రత్నాల గంటలు; మేఘగర్జన వంటి చప్పుడు [adi 107 (story; Vyasa)]; దేవదత్తము శంఖం — సభా పర్వంలో మయుడు ఇచ్చాడు (adi 28 సారాంశంలో అగ్ని నుండి అని) [sabha 1 (story); adi 28 (story)]; ఉడుము చర్మపు వేలి తొడుగులు (రాకుమారులందరితో) [adi 71 (story)]","ఇంద్రుని అంశతో/కొడుకు; పుట్టగానే మేఘగర్జన వంటి దివ్యవాణి — 'కార్తవీర్యుని కంటె వీరుడు' [adi 62 (story; Vyasa, Ganguli Adi CXXIII)]; సవ్యసాచి — రెండు చేతులతోనూ వింటిని ఎక్కుపెట్టే నేర్పు [adi 105 (story); sabha 23 (story)]; నరుని అవతారం (నర నారాయణులలో నరుడు), కృష్ణుని మిత్రుడు [adi 107, adi 108 (story)]",ద్రౌపది స్వయంవరంలో బ్రాహ్మణుల గుంపులో నుండి లేచి వచ్చిన యువకుడు — విల్లు ఎక్కుపెట్టి ఆకాశంలోని మత్స్య యంత్రానికి గురి పెట్టడం [adi 94 (story; caption)],"రంగు తప్పనిసరిగా నల్లని (నీల/ఇంద్రనీల) — తెల్లగా కాదు; adi 95లో 'తెల్లని మేని రంగు' ధర్మరాజుది. కిరీటం సుభద్ర వివాహం (adi 105) తరువాతే — స్వయంవర దృశ్యంలో బ్రాహ్మణ వేషం, జింకచర్మం; రంగభూమిలో బంగారు కవచం. ఇతర ముఖ్య దృశ్యాలు: ద్రుపదుని రథపు ఇరుసుకు కట్టి తేవడం (adi 74), ఖాండవంలో బాణాల పందిరి (adi 108)."
done — painted portrait in site,bhima.png,bhima,భీముడు,భీమసేనుడు,"వాయు పుత్రుడు, పది వేల ఏనుగుల బలుడు",Pandava side,43,prince,male,"వజ్రం వంటి దేహం — పసివాడుగా కొండ మీద పడితే బండ నూరు ముక్కలైంది, బిడ్డకు గాయం కాలేదు [adi 62 (vyasa, Ganguli Adi CXXIII); adi 62 caption]; పాముల విషపు కోరలు అతని శరీరపు చర్మాన్ని కూడా చీల్చలేకపోయాయి — వజ్రం లాంటి శరీరం [adi 65 (story)]; తామర రేకుల్లాంటి విశాలమైన కళ్ళు, ఎత్తైన విశాలమైన ఛాతీ, సింహం లాంటి దేహం, మన్మథుని వంటి అందం, వజ్రాయుధం లాంటి దృఢమైన బాహువులు (హిడింబి చూపు) [adi 82 (story)]; బంగారు కొండ పొదరిల్లు లాంటి విశాలమైన ఛాతీ [adi 86 (story)]; పొడవైన చేతులు, సూర్యుని వంటి తేజస్సు (పాండవ సోదరుల వర్ణన) [sabha 18 (story)]; కోపంలో ఎర్రబడిన కళ్ళు, పళ్ళు కొరకడం, భయంకరమైన ముఖం [sabha 21 (story); sabha 21 (vyasa, Ganguli Sabha LXXI)]; వయసు: హస్తినకు వచ్చినప్పుడు పదిహేనేళ్ళు; పది రోజుల పసివాడుగా కూడా కథలో ఉన్నాడు [adi 78 (story); adi 62 (story)]","నాగలోకంలో స్నానం చేసి తెల్లని వస్త్రాలు, తెల్లని పూలమాలలు ధరించాడు [adi 65 (vyasa, Ganguli Adi CXXIX)]; అస్త్ర ప్రదర్శనలో రాకుమారులంతా ఎర్రని వేషం [adi 71 (note, Nannaya 6.11)]; జరాసంధుని దగ్గరికి కృష్ణార్జునులతో స్నాతక బ్రహ్మచారి వేషం [sabha 6 (story)]; పైవస్త్రం (ఉత్తరీయం) — దానిని నీటిలో తడిపి సోదరులకు నీళ్ళు మోసుకొచ్చాడు [adi 82 (vyasa, Ganguli Adi CLIII)]","గద — గదాయుద్ధంలో శ్రేష్ఠుడు; 'వజ్రాయుధం వంటి గద' [adi 71, adi 74, adi 75 (story); sabha 18 (vyasa, Ganguli Sabha LXV)]; మయుడు బిందుసరస్సు నుండి తెచ్చి ఇచ్చిన గద (భౌమాదిత్యుడు దాచినది) [sabha 1 (story)]; ద్రౌపదీ స్వయంవరంలో పెకలించిన పెద్ద చెట్టు — దండం పట్టిన యమునిలా [adi 95 (story, caption)]; రాజసూయంలో చామరం [sabha 15 (note, Nannaya 2.119)]","వాయుదేవుని అంశ/వాయుపుత్రుడు; 'వృకోదరుడు' అనే పేరు; పది వేల ఏనుగుల బలం [adi 32, adi 62 (story); adi 97 (note, 7.224)]; ఆయుధం లేని మల్లయుద్ధ బలుడు — బకుని, హిడింబుని, జరాసంధుని చేతులతో విరిచి చంపాడు [adi 82, adi 86 (story); sabha 7 (story)]","మండుతున్న లక్క ఇంటిని వదిలి తల్లిని మూపున, అన్నదమ్ములను భుజాలపై, కవలలను ఒడిలో మోసుకుని చీకటి అడవిలో ఛాతీతో చెట్లను విరుస్తూ వెళ్ళడం (లేదా సభలో ఎర్రని కళ్ళతో ప్రతిజ్ఞ — sabha 21) [adi 81 (story, caption; vyasa Ganguli Adi CL)]","ఆది 31లోని 'భీమసేనుడు' గంధర్వుడు, ఆది 44లోని 'భీమసేనుడు' (పరీక్షిత్తు కొడుకు) వేరే వ్యక్తులు. దేహ వర్ణం (రంగు) మా మూలాల్లో చెప్పలేదు. వ్యాసునిలో బకుడు తల మీద కొట్టాడు, నన్నయలో ఛాతీ మీద (adi 86 note)."
done — painted portrait in site,bhishma.png,bhishma,భీష్ముడు,దేవవ్రతుడు,"గంగా శంతనుల కుమారుడు, ఆజన్మ బ్రహ్మచారి, కురు వంశ రక్షకుడు",Kuru elders,38,prince,male,"బాలుడిగా గంగ ఒడ్డున — రూపంలో తండ్రి శంతనుని పోలిక [adi 49 (story)]; Vyasa: a handsome youth (అందమైన యువకుడు) when Santanu first sees him [adi 49 (vyasa, Ganguli Adi Parva Sec C)]; సూర్యుని వంటి తేజస్సు [adi 50 (story)]; తరువాత కాలంలో ముసలివాడు — శిశుపాలుడు 'సంతానం లేని ముసలివాడివి' అంటాడు [sabha 12 (vyasa, Ganguli Sabha Parva Sec XLI); sabha 12 note (Nannaya 2.43)]; పరశురామునితో యుద్ధం తరువాత గాయాలతోనే గురువుకు మొక్కాడు [adi 51 (vyasa, Ganguli Udyoga Parva Sec CLXXXVIII)]; అంపశయ్య: ఒంటి మీద రెండు వేళ్ళ మేర కూడా బాణం గుచ్చుకోని చోటు లేదు; తూర్పు వైపు తల [adi 51 (vyasa, Ganguli Bhishma Parva Sec CXX)]",not stated in our sources [],"విల్లు, బాణాలు — బాల్యంలో బాణాల వంతెనతో గంగా ప్రవాహాన్ని కట్టేశాడు [adi 49 (story, caption)]; Vyasa: దివ్యాస్త్రంతో గంగ ప్రవాహాన్ని ఆపాడు [adi 49 (vyasa, Ganguli Adi Parva Sec C)]; రాజ్యాన్ని కాపాడేది భీష్ముని విల్లు [adi 55 (story)]; రథం — సత్యవతిని బంగారు రథం మీద తెచ్చాడు; కాశీ రాకుమార్తెలను తన రథం మీద ఎక్కించుకున్నాడు [adi 50 (story); adi 51 (story)]","ఎనిమిదవ వసువు ప్రభాసుని అంశ; గంగ కొడుకు (గాంగేయుడు) [adi 32 (story); adi 49 (story)]; భీషణ ప్రతిజ్ఞ — రాజ్యమూ వివాహమూ వదిలాడు; దేవతలు ఆకాశం నుండి పూలవాన కురిపించారు [adi 50 (story, caption)]","తండ్రి కోసం రాజ్యాన్నీ వివాహాన్నీ వదులుకుంటూ భీషణ ప్రతిజ్ఞ చేస్తున్న దేవవ్రతుడు — తల మీద దేవతల పూలవాన [adi 50 (story, caption; vyasa Ganguli Adi Parva Sec C)]","ప్రతిజ్ఞ సమయంలో యువరాజు (యువకుడు) — ముసలి రూపం తరువాతి కథలకే. గంగ ఒడ్డున బాలుడు/యువకుడు. జుట్టు, గడ్డం, రంగు, దుస్తులు మన పాఠంలో చెప్పబడలేదు — తెల్ల గడ్డాన్ని ఊహించకూడదు."
done — painted portrait in site,kunti.png,kunti,కుంతి,పృథ,"పాండురాజు రాణి, పాండవుల తల్లి",Pandava side,36,queen,female,"తామరమోము, తెల్లని కళ్ళ చక్కని పిల్ల — lotus face, clear ('white') eyes, a lovely girl [adi 56 (story)]; 'తామరరేకుల కళ్ళదానా' — lotus-petal eyes (Pandu addressing her) [adi 61 (story)]; 'తెల్లని కళ్ళదానా' (Pandu addressing her) [adi 62 (story)]; 'పువ్వు కంటే సుకుమారమైన' — more tender than a flower (Bhima's lament as she sleeps on bare ground) [adi 82 (story)]; like a crescent moon risen from the milk-ocean of the Yadu line (praise of her as a maiden) [adi 57 (story)]; age stages: unmarried maiden (కన్య) when Karna is born; young wife with five small sons at Shatashringa; mother of grown sons at the exile [adi 56, adi 63, sabha 24 (story)]; at the tournament her eyes widen with joy (విప్పారిన కళ్ళు); milk and tears flow at seeing her sons [adi 71 (story; note cites Nannaya 6.6, 6.21)]",her own clothing is not stated in our sources; Krishna honours her with fine jewelled ornaments (రత్నాభరణాలు) [adi 106 (story)],"box filled with gems and gold, sent by Surya, in which she lays the new-born Karna on the river [adi 56 (caption, story)]; bridal garland (వరమాల) placed on Pandu at Kuntibhoja's swayamvara [adi 57 (caption)]; the mantra given by Durvasa (spoken, not a physical object) [adi 56 (story); Ganguli Adi CXI (vyasa)]","born Pritha, eldest daughter of Shura, sister of Vasudeva; given to childless Kuntibhoja and raised as Kunti [adi 56 (story); Ganguli Adi CXI (vyasa)]; born on earth as the goddess Siddhi [adi 32 (story)]; called Madhavi — of Madhu's Yadu line [adi 98 (story, note)]; recognises Karna by his natural armour and earrings / auspicious body-marks and keeps silent [adi 73 (story); Ganguli Adi CXXXIX (vyasa)]","alone by the Ganga, trembling, laying the shining new-born Karna (born with armour and earrings) into the gem-and-gold box to float away [adi 56 (caption, story)]","Pritha = Kunti, one woman. At the tournament she sits beside blindfolded Gandhari with her own eyes open, and faints when Karna faces Arjuna (Ganguli Adi CXXXVIII; Vidura revives her with sandal-water, adi 72 note). At the exile it is her SONS who wear deer-skin and bark; Kunti stays in Vidura's house (sabha 24) — do not dress her as a forest ascetic."
done — painted portrait in site,duryodhana.png,duryodhana,దుర్యోధనుడు,,"పెద్ద కౌరవుడు, హస్తినాపుర యువరాజు",Kaurava side,35,prince,male,"At birth he brayed like a donkey / howled like a jackal; jackals, owls, donkeys cried as omens [adi 61 (story); adi 61 (Vyasa: Ganguli, Adi Parva, Section CXV)]; Thigh 'like a plantain stem, like an elephant's trunk' — handsome broad thigh [sabha 21 (story); sabha 21 (Vyasa: Ganguli, Sabha Parva, Section LXXI)]; Grown thin and lustreless from envy after the Rajasuya [sabha 15 (story)]; Wet clothes after falling into the pool in Maya's hall [sabha 14 (story)]",Lifts his garment to cross what he thinks is water; later soaked; given fine garments and ornaments by Yudhishthira [sabha 14 (story)],"Mace (gada) — he and Bhima wield maces at the tournament, circling like two rutting elephants [adi 71 (story); adi 68 (Vyasa: Ganguli, Adi Parva, Section CXXXIV)]","Born of a portion of Kali; born the same day as Bhima; eldest of Gandhari's hundred, born from the flesh-mass kept in pots [adi 61 (story); adi 61 (Vyasa: Ganguli, Adi Parva, Section CXV)]","In Maya's hall, falling into a crystal-hidden pool, soaked, while Draupadi and the Pandavas laugh. [sabha 14 (caption); sabha 14 (story)]","Other key scenes: embracing Karna at the tournament (adi 72, Vyasa: Ganguli, Adi Parva, Section CXXXVIII) and leading him by the hand in the light of a thousand torches (adi 73, story); signing to Draupadi to sit on his thigh (sabha 21). Bhima's vow to break his thighs is only a vow in these books. Also called Suyodhana (sabha 21)."
done — painted portrait in site,vidura.png,vidura,విదురుడు,,"ధర్మ స్వరూపుడు, కురు మంత్రి, ధర్మ బోధకుడు",sages & teachers,31,other,male,"ధర్మం పూర్తిగా తెలిసినవాడు, ఎదురులేని బలం గలవాడు — శరీర వివరాలు (రంగు, ముఖం, జుట్టు) not stated in our sources [adi 53 (story)]; సభా పర్వ కాలంలో పాండవులకు, కౌరవులకు పెద్ద (పినతండ్రి) — వయసు ప్రత్యేకంగా చెప్పబడలేదు [sabha 16, sabha 24 (story)]",not stated in our sources [—],ద్రుపదుని సభకు తీసుకువెళ్ళిన కానుకలు [adi 101 (caption)]; రంగభూమిని శాస్త్రంలో చెప్పిన కొలతలతో సిద్ధం చేశాడు [adi 71 (story)],"మాండవ్యుని శాపం వల్ల మనిషిగా పుట్టిన యమధర్మరాజు; వ్యాసుని వల్ల అంబిక దాసి కడుపున పుట్టాడు [adi 53, adi 54 (story)]; బృహస్పతి వంటి బుద్ధిబలం గలవాడు; సత్యం పలికేవాడు; ఎన్నో రకాల మాటల తీరులు తెలిసినవాడు (వారణావతానికి ముందు ధర్మరాజుకు గూఢంగా హెచ్చరించాడు) [sabha 16 (story); adi 79 (story)]","ద్యూతసభలో ద్రౌపదిని ఒడ్డినప్పుడు ముఖం పక్కకు తిప్పుకుని, తల వంచుకుని దుఃఖంలో మునిగిపోవడం (వ్యాసునిలో తల రెండు చేతులతో పట్టుకుని, పాములా నిట్టూరుస్తూ); తరువాత చేతులు పైకెత్తి సభను ఆపి పాంచాలి ప్రశ్నకు జవాబు చెప్పమనడం [sabha 18 (story; Vyasa, Ganguli Sabha LXV); sabha 21 (story)]",ధర్మం రూపమైనవాడు; దాసి కొడుకు కనుక రాజు కాడు — రాజచిహ్నాలు (కిరీటం) మూలంలో ఆధారం లేదు. ఇతర ముఖ్య దృశ్యం: బరువైన మనసుతో ఇంద్రప్రస్థంలో ధర్మరాజుకు జూదపు పిలుపు అందించడం (sabha 16 caption).
done — painted portrait in site,dhritarashtra.png,dhritarashtra,ధృతరాష్ట్రుడు,,"అంధుడైన కురు రాజు, కౌరవుల తండ్రి",Kaurava side,30,king,male,"పుట్టు గుడ్డివాడు — తల్లి అంబిక వ్యాసుని రూపం చూసి భయంతో కళ్ళు మూసుకున్నందువల్ల [adi 53 (story; vyasa Ganguli Adi CVI)]; బలవంతుడు, దేహబలమూ పరాక్రమమూ గలవాడు, పదివేల ఏనుగుల బలం [adi 53 (story; note 4.251)]; 'ప్రజ్ఞాచక్షువు' — బుద్ధినే కళ్ళుగా చేసుకున్నవాడు [adi 53, adi 77 (story)]; సూర్యుని వంటి తేజస్సు గలవాడు (ద్రుపదుని మాట) [adi 101 (story)]; సభా పర్వంలో 'కురువృద్ధుడు', తానే 'ముసలివాడినైన నన్ను' అంటాడు [sabha 19 (story, note); sabha 22 (note)]",not stated in our sources [],"వందమంది రాణులతో బంగారు ప్రేక్షాగారంలో కూర్చున్నాడు (అస్త్ర ప్రదర్శన) [adi 71 (note, Nannaya 6.4)]",అంధత్వం — చూపు లేదు; రంగస్థలంలో విదురుడు విన్యాసాలు వర్ణించి చెప్పాడు [adi 71 (story)],యుద్ధానంతరం శూన్యమైన హస్తినాపుర భవనంలో సంజయునితో తన దుఃఖం చెప్పుకుంటూ ప్రతి వార్తకూ 'అప్పుడే నాకు ఆశ పోయింది' అనడం [adi 4 (caption; vyasa Ganguli Adi I)],"గుడ్డివాడు — కళ్ళకు గంతలు కట్టుకున్నది గాంధారి, ధృతరాష్ట్రుడు కాదు. వ్యాసుని ఉత్తరాది పాఠంలో అంధత్వం వల్ల పాండురాజు రాజవుతాడు; నన్నయ దక్షిణాది పాఠం ప్రకారం ధృతరాష్ట్రుని పట్టాభిషేకం (adi 55 note)."
done — painted portrait in site,krishna.png,krishna,శ్రీకృష్ణుడు,కృష్ణుడు,"యదు వంశ నాయకుడు, పాండవ సఖుడు, గీతాచార్యుడు",gods,26,god,male,"నల్లకలువ రంగువాడు, తామరకన్నుల వాడు [adi 105 (story)]; Vyasa: కమలనేత్రుడు (lotus-eyed) — నారదుని మాట [sabha 11 (vyasa, Ganguli Sabha Parva Sec XXXIX)]; నారాయణుని నల్లని వెంట్రుక వాసుదేవుడిగా పుట్టింది (తెల్లనిది బలరాముడు) [adi 99 (story)]","జరాసంధుని దగ్గరకు వెళ్ళినప్పుడు స్నాతక వేషం — విద్య ముగించిన బ్రహ్మచారి వేషం [sabha 6 (story)]; ఇతర సందర్భాల్లో దుస్తులు, కిరీటం, ఆభరణాలు not stated in our sources []","సుదర్శన చక్రం — అగ్ని ఇచ్చినది; ప్రయోగిస్తే శత్రువులను చంపి మళ్ళీ చేతికే వస్తుంది [adi 107 (story, caption); note 8.254–8.257]; గద — అగ్ని ఇచ్చినది [adi 107 (story)]; చక్రగదాధరుడు [sabha 13 (vyasa, Ganguli Sabha Parva Sec XLIV)]; దివ్యమైన బంగారు రథం — వాయువేగపు గుర్రాలు, బంగారు రత్నాలతో మెరిసే గరుడధ్వజం, సారథి దారుకుడు [sabha 13 (story)]",శిశుపాలుని శరీరం నుండి వెలువడిన కాంతి కృష్ణుని శరీరంలో ప్రవేశించింది [sabha 13 (story; vyasa Ganguli Sabha Parva Sec XLV)],"రాజసూయ సభ మధ్య, శిశుపాలుడు నిందిస్తుండగానే అగ్నిజ్వాలలు చిమ్ముతూ చేతి నుండి దూసుకువెళ్ళే సుదర్శన చక్రం [sabha 13 (story, caption)]","రంగు నల్లకలువ (నీలి-నలుపు), కళ్ళు తామరల వంటివి — ఇది మన పాఠంలో ఉంది. నెమలి పింఛం, పిల్లనగ్రోవి, పీతాంబరం, నాలుగు చేతులు మన పాఠంలో లేవు; కల్పించకూడదు. 'కృష్ణ' అనే పేరు వ్యాసునికీ (adi 3), ద్రౌపదికీ, అర్జునునికీ కూడా వాడబడింది — కలపవద్దు."
done — painted portrait in site,drona.png,drona,ద్రోణుడు,ద్రోణాచార్యుడు,"భరద్వాజ కుమారుడు, పాండవ కౌరవుల విలువిద్యా గురువు",sages & teachers,25,sage,male,"నల్లని సన్నని శరీరం — dark, lean body; head slightly greying (తల కొంచెం నెరుస్తున్నవాడు); a Brahmin of great strength (as Bhishma first sees him) [adi 67 (story; note cites Nannaya 5.211–5.213)]; నెరసిన జుట్టూ గడ్డమూ — grey hair and grey beard at the tournament [adi 71 (story)]; poor Brahmin householder when he arrives in Hastinapura with wife, son, sacred fires and pupils [adi 67 (note, Nannaya 5.206); Ganguli Adi CXXXIII (vyasa)]","తెల్లని వస్త్రాలు, తెల్లని మాలలు, మైపూత (unguent), యజ్ఞోపవీతం — white clothes, white garlands, sacred thread [adi 71 (story, caption)]","many arrows, quivers, a long bow (పొడవైన విల్లు) when he first meets the princes [adi 67 (story)]; a chain of arrows (Nannaya: mantra-charged arrow, arrow-rope) drawing the ball from the well; in Vyasa grass-blades and his own ring pierced on an arrow [adi 67 (caption, story; note 5.211); Ganguli Adi CXXXIII (vyasa)]; Agneya astra and Brahmashira astra (taught, not physical objects) [adi 66, adi 75 (story)]","born in a pot/water-vessel (ద్రోణము = కలశం/కుండ) of Bharadvaja — not born of a woman [adi 66 (story); Ganguli Adi LXVII (vyasa)]; born of Brihaspati's portion (adi 32 story); Nannaya's text reads Shukra's portion with a variant 'Guru' (TTD) [adi 32 (story); adi 66 (note 5.195)]; husband of Kripi, father of Ashvatthama; at the tournament stands with Ashvatthama 'like the Sun with Mars' [adi 66 (vyasa CXXXI); adi 71 (note 6.9)]; a crocodile seizes his calf (Nannaya 'చిఱుదొడ' = calf per TTD; thigh in Vyasa) in the Ganga [adi 70 (note, story); Ganguli Adi CXXXV (vyasa)]","entering the arena centre in white clothes and white garlands, sacred thread, grey hair and beard, the princes lined up behind him by age [adi 71 (caption, story)]","Dark-complexioned and lean, not fair or portly. Grey-haired by the tournament. A Brahmin teacher, not a crowned king. The 'Drona' in adi 109 is a different being (a Sharngaka bird chick) — do not confuse."
done — painted portrait in site,sahadeva.png,sahadeva,సహదేవుడు,,"అశ్వినీ దేవతల కుమారుడు, జ్యోతిష్య నిపుణుడు",Pandava side,24,prince,male,"Long arms, sun-like lustre (said of the four brothers) [sabha 18 (story)]; Age 26 at Varanavata (twin of Nakula) [adi 78 (story)]; Leaves for exile with face bowed down in shame [sabha 24 (story)]",Leaving for exile: no ornaments or royal garments; deer-skins and bark garments like munis (all the Pandavas) [sabha 24 (story)],"Sword, shield and armour (with Nakula) [sabha 23 (story)]; Brings the arghya (offering of honour) at the Rajasuya [sabha 11 (story)]","Son of Madri by the Ashvins [adi 63 (story)]; Very self-controlled, revered in spiritual knowledge (Vidura); 'one who settles dharma, known as learned' (Vyasa) [sabha 24 (story); sabha 18 (Vyasa: Ganguli, Sabha Parva, Section LXV)]; Kunti's most protected youngest — she asks him to stay [sabha 24 (story)]","At the Rajasuya, rising and lifting his foot: 'on the heads of those who object to Krishna's worship I place my foot' — flowers rain on him from the sky. [sabha 11 (story)]","Second scene: at Mahishmati, his army ringed by fire, he bathes and lies on a darbha bed praising Agni (sabha 9 caption). Do not confuse with Jarasandha's son Sahadeva (sabha 7, sabha 8). The role line says 'astrology expert' — our books do not say this."
done — painted portrait in site,draupadi.png,draupadi,ద్రౌపది,"కృష్ణ, పాంచాలి","యాగాగ్ని నుంచి జన్మించిన పాంచాల రాజకుమార్తె, పాండవుల భార్య",Pandava side,24,princess,female,"నల్ల కలువ వంటి మృదువైన, నిర్మలమైన నల్లని మేని ఛాయ — 'కృష్ణ అంటే నల్లని దేహం కలది' [adi 87 (story); adi 93 (story)]; పెద్ద కలువ/తామర రేకుల వంటి కళ్ళు (తామరకన్నుల కృష్ణ); ద్యూతసభలో 'బెదిరిన లేడి వంటి కన్నులు' [adi 87, adi 94, adi 98 (story); sabha 18, sabha 21 (story)]; వంకరలు తిరిగిన ముంగురులు; నెమలి పింఛంలా మెరిసే జుట్టు; వ్యాసునిలో పొడవైన నల్లని ఉంగరాల జుట్టు [adi 87 (story); sabha 21 (story); sabha 19 (Vyasa, Ganguli Sabha LXVII)]; ఒంటి నుండి కలువ పరిమళం; మెరుపులా మెరిసే దివ్యమైన కాంతి [adi 87, adi 93 (story)]; నిండు చంద్రుని వంటి ముఖం (పెళ్ళి అలంకరణలో); గజరాజు నడక [adi 99 (story); adi 94 (story)]; వ్యాసునిలో: మరీ పొట్టి కాదు మరీ పొడవు కాదు, మరీ సన్నం కాదు మరీ లావు కాదు; కందిరీగ నడుము, ఎర్రని పెదవులు; శరత్కాలపు తామర వంటి కళ్ళు, పరిమళం [sabha 18 (Vyasa, Ganguli Sabha LXV)]; యజ్ఞకుండం నుండి పెళ్ళీడుకు రాని కన్యగా పుట్టింది; కాలం గడిచి పెళ్ళీడుకు వచ్చింది (నన్నయ) [adi 87 (story)]","స్వయంవరంలో: చేతిలో తెల్లని పూలమాల; వ్యాసునిలో స్నానం చేసి గొప్ప వస్త్రాలూ అన్ని నగలూ ధరించి, అర్ఘ్యం ఉంచిన బంగారు పళ్ళెమూ పూలమాలా పట్టుకుని వచ్చింది [adi 93 (caption); adi 94 (story); adi 93 (Vyasa, Ganguli Adi CLXXXVII)]; ద్యూతసభలో: రజస్వల, ఒంటి మీద ఒక్క వస్త్రం, కిందకు జారిన జుట్టు ముడి, కన్నీటితో తడిసిన రొమ్ము మీది వస్త్రం [sabha 19 (story); adi 4 (Vyasa, Ganguli Adi I)]; వనవాసానికి వెళ్తూ: తడిసిన ఒంటి వస్త్రం (వ్యాసునిలో రక్తపు మరకలున్న ఒంటి వస్త్రం), విరబోసిన కురులు [sabha 24 (story; Vyasa, Ganguli Sabha LXXIX)]","స్వయంవర పూలమాల (తెల్లని) — అర్జునుని మెడలో వేసింది [adi 94, adi 95 (story)]","ద్రుపదుని యజ్ఞకుండం (యజ్ఞవేది) నుండి ధృష్టద్యుమ్నుని వెనుకనే పుట్టింది; ఆకాశవాణి 'కృష్ణ' అని పేరు పెట్టింది; ద్రౌపది, పాంచాలి, యాజ్ఞసేని [adi 87 (story; caption)]; లక్ష్మీ స్వరూపం / శ్రీమూర్తి; పూర్వజన్మలో నలుని కూతురు ఇంద్రసేన (నాలాయని) [adi 32 (story); adi 99 (story); adi 98 (story)]; దుశ్శాసనుడు రాజసూయ అవభృథ స్నానంలో మంత్రజలంతో పవిత్రమైన ఆమె జుట్టు పట్టి సభకు ఈడ్చాడు; వస్త్రం విప్పుతుంటే అలాంటి వస్త్రమే మళ్ళీ మళ్ళీ నిలిచి కొండలా గుట్టపడింది [sabha 19 (story); sabha 21 (story; caption)]","కురుసభలో — ఒంటి వస్త్రంతో, చెదిరిన జుట్టుతో, పాలిపోయిన ముఖంతో — నిలబడి 'తనను ఓడిన తరువాత నన్ను ఒడ్డే హక్కు ఉందా?' అని పెద్దలను ప్రశ్నించడం [sabha 19 (story; caption)]","రంగు తప్పనిసరిగా నల్లని (శ్యామ) — 'కృష్ణ' అనే పేరుకు అర్థమే అది; తెల్లగా చిత్రించకూడదు. ద్యూతసభ దృశ్యంలో ఆమె రజస్వల, ఒంటి వస్త్రం — మూలంలో ఉన్నట్టే, మెత్తబరచకుండా. నన్నయలో వస్త్రాపహరణంలో కృష్ణుని పేరు నేరుగా రాదు; వ్యాసునిలో ఆమె కృష్ణుని మొరపెట్టింది, ధర్మదేవుడు కనబడకుండా వస్త్రాలతో కప్పాడు (sabha 21 Vyasa)."
done — painted portrait in site,janamejaya.png,janamejaya,జనమేజయుడు,,"పరీక్షిత్తు కుమారుడు, సర్పయాగం చేసిన రాజు",Pandava side,23,king,male,not stated in our sources [],"సర్పయాగానికి భార్య వపుష్టమతో కలిసి దీక్ష తీసుకున్నాడు (దీక్షా వేషం వివరాలు చెప్పలేదు); నల్లని వస్త్రాలు ఋత్విక్కులవి, రాజువి కావు [adi 26 (story)]",not stated in our sources [],"పరీక్షిత్తు కొడుకు, అభిమన్యుని మనుమడు; హస్తినాపుర మహారాజు; ఓటమి ఎరుగనివాడు, ఎన్నో యజ్ఞాలు చేసినవాడు [adi 6 (story); adi 11 (story)]; తండ్రి మరణం (తక్షకుని కాటు) విని హృదయం కోపంతో మండిపోయింది [adi 25 (story)]",హస్తినాపుర సభలో ఉదంకుడు తండ్రి మరణానికి ప్రతీకారం తీర్చుకోమని రెచ్చగొడుతుండగా వింటున్న రాజు; తరువాత సర్పయాగశాలలో అగ్నిలోకి రాలుతున్న నాగుల ఎదుట [adi 11 (caption); adi 26 (caption)],"వయసు, రూపం మా మూలాల్లో లేవు. యాగంలో నల్లని వస్త్రాలు, పొగకు ఎర్రబడిన కళ్ళు ఋత్విక్కులవి (adi 26). సభ 3లోని, ఆది 32/93లోని 'జనమేజయుడు' వేరే రాజులు."
done — painted portrait in site,vyasa.png,vyasa,వేదవ్యాసుడు,వ్యాసుడు,"మహాభారత రచయిత, పరాశర సత్యవతుల కుమారుడు",sages & teachers,22,sage,male,"నల్లనివాడు (అందుకే కృష్ణద్వైపాయనుడు) — మేఘంలా / ఇంద్రనీలమణిలా నల్లని దేహకాంతి [adi 29 (story); adi 28 (story); adi 53 (story); adi 83 (story)]; పొడవైన, సన్నని, నల్లని శరీరం [adi 53 (story); adi 28 (story — పొడవైన రూపం)]; జడలు గోరోజనం రంగు / కపిల వర్ణం — ఉదయించే సూర్యునిలా ఎర్రగా మెరిసేవి, విశాలమైనవి [adi 29, adi 53, adi 28 (story)]; కపిల వర్ణపు గడ్డం, కపిల వర్ణపు కళ్ళు (నన్నయ 'కవిల'); సంస్కృతంలో 'మండుతున్న కళ్ళు' [adi 53 (story, note)]; సూర్యుని వంటి / మధ్యాహ్న సూర్యుని వంటి తేజస్సు [adi 29, adi 93, adi 98 (story)]; Vyasa: వికారమైన భయంకర ముఖం, తీవ్రమైన వాసన (నియోగ సమయంలో) [adi 53 (vyasa, Ganguli Adi Parva Sec CV, CVI)]","జింకచర్మం కట్టుకుని / నల్లని జింక చర్మం ధరించి [adi 29, adi 28, adi 93 (story)]",దండమూ కమండలమూ [adi 29 (story)]; నెయ్యి నిండిన నూట ఒక్క కుండలు (గాంధారి గర్భపిండం) [adi 60 (caption)],యమునా ద్వీపంలో పుట్టగానే పెద్దవాడై తల్లి ముందు నిలిచాడు; బ్రహ్మ అంశ [adi 29 (story); adi 53 (story)],"తల్లి సత్యవతి తలచుకోగానే ప్రత్యక్షమైన వ్యాసుడు — నీలగిరి మీద బంగారు తీగల్లా మెరిసే గోరోజన రంగు జడలు, నల్లని దేహకాంతి; చేతులు జోడించిన భీష్ముడు [adi 53 (story, caption)]","తెల్ల గడ్డం గల ముసలి ముని కాదు — నల్లని, పొడవైన, సన్నని దేహం; జడలు, గడ్డం, కళ్ళు పసుపు-ఎరుపు (కపిల/గోరోజనం) రంగు. గణపతి లేఖకుడైన కథ నన్నయలో లేదు (adi 3 caption)."
done — painted portrait in site,karna.png,karna,కర్ణుడు,"వసుషేణుడు, రాధేయుడు","కుంతి సూర్యుల కుమారుడు, అంగ రాజు, దుర్యోధన మిత్రుడు",Kaurava side,22,warrior,male,"బంగారు రంగు దేహం — golden-coloured body [adi 72 (story)]; tall as a maddi (Arjuna) tree; like the young/rising sun (బాలసూర్యుని పోలిక) [adi 72 (note, Nannaya 6.31)]; as a new-born: radiant as if the sun's disc had come down with a thousand rays [adi 56 (story)]; 'shining, equal to the Sun' when Kunti sees him; in Vyasa she knows him by the auspicious marks on his body [adi 73 (story); Ganguli Adi CXXXIX (vyasa)]; youth at the tournament; face withers 'like a lotus beaten by rain' when asked his birth; lips tremble, he sighs and looks up at the sun [Ganguli Adi CXXXVIII, CXXXIX (vyasa); adi 73 (story)]","natural armour (సహజ కవచం) fused to his body from birth and a pair of natural earrings (కుండలాలు) [adi 56 (story); adi 72 (caption); Ganguli Adi CXI (vyasa)]; after the Anga coronation: jewelled crown (రత్నకిరీటం), armlets (భుజకీర్తులు), necklaces, all royal insignia; head still wet with coronation water [adi 72 (story); adi 73 (caption, story)]","bow in hand and a fearsome sword tied at the waist [adi 72 (story)]; Parjanya astra used against Arjuna at the tournament [adi 72 (story)]; the Shakti weapon given by Indra in exchange for his earrings, later hurled at Ghatotkacha [adi 83 (vyasa, Ganguli Drona CLXXIX); adi 4 (vyasa)]; golden seat (బంగారు పీఠం) on which he is crowned king of Anga [adi 72 (story); Ganguli Adi CXXXVIII (vyasa)]","born of Surya's portion to the unmarried Kunti, born with armour and earrings; floated in a gem box; raised by Radha and the charioteer (Adhiratha); named Vasushena [adi 56 (story); Ganguli Adi CXI (vyasa)]; in Vyasa, called Karna ('the cutter') because he cut off his natural armour [Ganguli Adi CXI (vyasa, adi 56)]; Surya spreads his light over his son in the arena; Karna stands in sunlight while Arjuna is in cloud-shadow [adi 72 (story; Ganguli Adi CXXXVIII vyasa)]; called sūta-putra; bows his head in shame when asked his lineage [adi 72, adi 73 (story)]","standing in the middle of the arena with natural armour and earrings, bow in hand and sword at waist, golden-bodied, facing Arjuna; the sun pouring light on him [adi 72 (caption, story)]","The armour and earrings are part of his body from birth, not ordinary worn armour. No crown until Duryodhana crowns him at the tournament. There is also a Kaurava brother named Karna (adi 61) — different person. In Nannaya Karna does not string the bow at Draupadi's swayamvara (adi 94 note); in Vyasa he strings it and Draupadi refuses him."
done — painted portrait in site,nakula.png,nakula,నకులుడు,,"అశ్వినీ దేవతల కుమారుడు, అశ్వ శాస్త్ర నిపుణుడు",Pandava side,22,prince,male,"Beautiful form — 'his handsome form unfit for sorrow' (దుఃఖానికి తగని తన అందమైన రూపం) [sabha 24 (story)]; Strong arms, lion-like neck, red eyes; a youth [sabha 18 (Vyasa: Ganguli, Sabha Parva, Section LXV)]; Long arms, sun-like lustre (said of the four brothers) [sabha 18 (story)]; Age 26 when the Pandavas left for Varanavata (twin of Sahadeva) [adi 78 (story)]",Leaving for exile: no ornaments or royal garments; deer-skins and bark garments like munis (all the Pandavas) [sabha 24 (story)],"Sword, shield and armour (with Sahadeva) [sabha 23 (story)]; Excelled at sword-fighting [adi 68 (Vyasa: Ganguli, Adi Parva, Section CXXXIV)]",Son of Madri by the Ashvins; named by a heavenly voice [adi 63 (story)],"Leaving Hastina for exile with his whole body smeared with dust, so people would not grieve at his beauty. [sabha 24 (story)]","In Vyasa he smears dust so as not to steal women's hearts (sabha 24, Ganguli Sec. LXXX). His western conquest brought wealth back on ten thousand camels (sabha 9). The role line says 'expert in horse-lore' — our two books do not state that; do not show it as from the text."
done — painted portrait in site,indra.png,indra,ఇంద్రుడు,దేవేంద్రుడు,"దేవతల రాజు, వజ్రాయుధధారి",gods,19,god,male,"వేయి కళ్ళవాడు — తిలోత్తమను చూడాలని 'రెండు కళ్ళు చాలవు' అని వేయి కళ్ళవాడయ్యాడు; అర్జునుని చూసి ఆనందబాష్పాలతో తడిసిన వేయి కళ్ళు [adi 103 (story; Vyasa, Ganguli Adi CCXIII); adi 105 (story)]; శరీర వర్ణం, ముఖ వివరాలు not stated in our sources [—]; మారువేషాలు: బ్రాహ్మణ వేషం (కర్ణుని కవచం అడగడానికి); హంస రూపం (ఉపరిచరుని పూజ స్వీకరించడానికి); గాలి రూపం (వస్త్రాలు కలపడానికి); కనిపించని రూపం [adi 56 (Vyasa, Ganguli Adi CXI); adi 28 (Vyasa, Ganguli Adi LXIII); adi 36 (Vyasa, Ganguli Adi LXXVIII); adi 21 (story)]","ఉత్తరీయం — వ్యాసునిలో సర్పయాగ సమయంలో తక్షకుడు అందులో దాక్కున్నాడు [adi 26 (Vyasa, Ganguli Adi LI, LVI)]; ఇతర దుస్తులు, కిరీటం not stated in our sources [—]","వజ్రాయుధం — దధీచి ఎముకల నుండి పుట్టినది; విసిరితే నిప్పురవ్వలు ఎగజిమ్ముతుంది; గరుడుని మీదా ఖాండవంలో అర్జునుని మీదా విసిరాడు [adi 21 (story); adi 73 (story); adi 108 (story)]; వాహనాలు: ఐరావతం (వ్యాసునిలో నాలుగు తెల్లని దంతాల మహాగజం), తెల్లని గుర్రం ఉచ్చైఃశ్రవం — మథనంలో పుట్టి ఇంద్రునికి తగినవయ్యాయి [adi 17 (story; Vyasa, Ganguli Adi XVIII); adi 18 (story)]; మేఘాలు, ఉరుములు, మెరుపులు, పిడుగులతో వాన; తారకాసుర యుద్ధంలో ఎక్కిన దివ్య రథం; ఉపరిచరునికి ఇచ్చిన వెదురు దండం, దివ్యవిమానం [adi 108 (story); sabha 7 (story); adi 28 (Vyasa)]","దేవతల రాజు, శచీపతి, శతమఖుడు, పురందరుడు; అదితి కొడుకు (శక్రుడు); అర్జునుని తండ్రి [adi 31 (story); adi 21 (story); adi 95 (Vyasa)]; గర్వం — వాలఖిల్యులను చూసి నవ్వాడు; హిమాలయ గుహలో శివుని సామాన్య యువకుడనుకుని గద్దించి, స్తంభంలా బిగుసుకుపోయాడు [adi 20 (story); adi 99 (story; caption)]; తక్షకుని మిత్రుడు [adi 108 (story)]",ఖాండవ దహనం ఆపడానికి మేఘాలతో ఆకాశాన్ని కప్పి ఉరుములు పిడుగులతో వాన కురిపిస్తూ అర్జునుని మీద వజ్రాయుధం విసరడం — అర్జునుడు బాణాల పందిరితో అడ్డుకోవడం [adi 108 (story; caption)],రెండవ ముఖ్య దృశ్యం: సుభద్ర వివాహంలో కొడుకు అర్జునుని అభిషేకించి బంగారు మణుల కిరీటం పెట్టి వేయి కళ్ళ ఆనందబాష్పాలతో చూడడం (adi 105). శరీర వర్ణం మూలంలో లేదు — ఊహించకూడదు. adi 99 గుహ దృశ్యం (caption): తనలాంటి మరి నలుగురు ఇంద్రులను చూసి నిర్ఘాంతపోయిన ఇంద్రుడు.
done — painted portrait in site,vaishampayana.png,vaishampayana,వైశంపాయనుడు,,"వ్యాస శిష్యుడు, జనమేజయునికి కథ చెప్పినవాడు",sages & teachers,18,sage,male,not stated in our sources [],not stated in our sources [],not stated in our sources [],"వ్యాసుని శిష్యుడు; వ్యాసుని ఆజ్ఞతో జనమేజయునికి మహాభారతం వినిపించినవాడు; వ్యాసుడు వచ్చినప్పుడు శిష్యులలో ఒకడుగా వెంట ఉన్నాడు [adi 2, adi 3, adi 27, adi 28 (story)]","సర్పయాగం ముగిశాక వ్యాసుని ఆజ్ఞతో జనమేజయ మహారాజుకు అతని పూర్వుల కథ చెప్పడం [adi 27 (story); adi 2 (vyasa, Ganguli Adi I)]","రూపం, వేషం, వయసు మా మూలాల్లో చెప్పలేదు — ముని అని మాత్రమే."
done — painted portrait in site,shakuni.png,shakuni,శకుని,,"గాంధారి సోదరుడు, జూద నిపుణుడు",Kaurava side,18,prince,male,not stated in our sources [],not stated in our sources [],"పాచికలు — తనకు నచ్చిన పాచికలు, గంధపుష్పాలతో పూజించి సిద్ధం చేసుకున్నవి [sabha 17 (story, caption); sabha 23 (story)]; Vyasa: ప్రతిసారీ పాచికలు ఎత్తి విసిరి 'ఇదిగో, గెలిచాను!' అంటాడు [sabha 17, 18, 23 (vyasa, Ganguli Sabha Parva Sec LX, LXI, LXV, LXXVI)]","సుబలుని కొడుకు, గాంధార రాజు; ద్వాపరుని అంశ [adi 32 (story; vyasa Ganguli Adi Parva Sec LXVII — శకుని ద్వాపరుడే); sabha 17 (story)]; Vyasa: పాచికలలో నేర్పరి, చేతి నైపుణ్యం గలవాడు, పందాలలో తెగించేవాడు [sabha 16 (vyasa, Ganguli Sabha Parva Sec LVIII)]","పాచికలు ముందుకు తోసి 'నీ ధనమంతా ఓడిపోయావు' అని ఎత్తిపొడుస్తున్న శకుని — ఎదురుగా నిశ్చేష్టుడైన ధర్మరాజు [sabha 18 (story, caption)]","రూపం, వయసు, కుంటి కాలు మొదలైనవి మన పాఠంలో లేవు — కల్పించకూడదు. పాచికలతో, జూద సభలో చూపాలి."
done — painted portrait in site,kripa.png,kripa,కృపాచార్యుడు,కృపుడు,కురు రాజకుమారుల మొదటి గురువు,sages & teachers,16,sage,male,"not stated in our sources (no description of his complexion, body or age stage beyond being one of the elder teachers) [—]; found as a new-born twin (with his sister Kripi) by a reed thicket [adi 66 (story, caption)]",not stated in our sources [—],"as infants the twins lay beside a bow, arrows and a black deer-skin (their father Sharadvan's) [adi 66 (story, caption; Ganguli Adi CXXX vyasa)]; teaches the four-fold dhanurveda (chariot, elephant, horse, foot); at the Rajasuya he is in charge of gold, silver and gem gifts (దక్షిణలు) [adi 66 (story); sabha 10 (story)]","born without a mother, from Sharadvan's seed fallen on a reed (రెల్లు) clump — 'born in a reed-bush' [adi 66 (story); adi 73 (story, Nannaya 6.60)]; named Kripa because Shantanu raised the twins out of pity (కృప) [adi 66 (story)]; born of the portion of the eleven Rudras [adi 32 (story)]; called Gautama (grandson of the sage Gautama); his sister Kripi is Drona's wife [adi 67, adi 66, adi 77 (story)]",stepping between Karna and Arjuna in the arena and asking Karna to declare his parents and lineage [adi 72 (story); Ganguli Adi CXXXVIII (vyasa)],"No physical description exists in our text — do not invent one. He is a Brahmin teacher (acharya), Drona's brother-in-law; sits among the silent elders at the dice game, sweating with distress (sabha 18)."
done — painted portrait in site,dushasana.png,dushasana,దుశ్శాసనుడు,,దుర్యోధనుని తమ్ముడు,Kaurava side,15,prince,male,"Red eyes (ఎర్రబడిన కళ్ళతో) when sent for Draupadi [sabha 19 (Vyasa: Ganguli, Sabha Parva, Section LXVII)]; Face blooming with glee, laughing with Karna and Saindhava as Yudhishthira loses [sabha 18 (story); sabha 18 (Vyasa: Ganguli, Sabha Parva, Section LXV)]",not stated in our sources [],not stated in our sources [],"Called merciless and always sunk in sin (దయలేనివాడు, ఎప్పుడూ పాపంలోనే మునిగి ఉండేవాడు) [sabha 19 (story)]; Born of a portion of Pulastya's rakshasa brothers [adi 32 (story)]","Exhausted and ashamed, stopping as the garments he stripped from Draupadi pile up like a mountain while her cloth stays in place. [sabha 21 (story); sabha 21 (caption)]","Earlier he drags Draupadi into the hall by her hair, the hair purified at the Rajasuya bath, 'like a banner flapping in wind' (sabha 19). In Vyasa he dances around the Kauravas mocking the deer-skin-clad Pandavas, 'Cow! Cow!' (sabha 23). Bhima vows to drink his blood (sabha 21, sabha 24) — the vow only; the killing is not in these books. Second son of Dhritarashtra."
done — painted portrait in site,drupada.png,drupada,ద్రుపదుడు,,"పాంచాల రాజు, ద్రౌపది తండ్రి",Pandava side,13,king,male,"శరీర వర్ణం, ముఖం, వయసు వివరాలు not stated in our sources [—]; మరుత్తుల అంశతో పుట్టినవాడు — యుద్ధాలలో దృఢమైన బలం గలవాడు [adi 32 (story); adi 66 (story)]",not stated in our sources [—],"విల్లు — గుండ్రంగా వంచి అకాలంలో వచ్చిన యముడిలా అర్జునుని మీదికి వచ్చాడు; ఒక్క బాణంతో అర్జునుని విల్లు విరిచాడు [adi 74 (story)]; రథం, ధ్వజం (వ్యాసునిలో అర్జునుడు విరిచాడు) [adi 74 (Vyasa, Ganguli Adi CXL)]; స్వయంవరానికి పెట్టిన విల్లు, ఆకాశంలోని మత్స్య యంత్రం [adi 93 (story)]","పృషతుని వీర్యం నుండి పుట్టాడు — పృషతుడు దానిని తన పాదంతో కప్పాడు (పదం → ద్రుపదుడు); బాల్యం భరద్వాజుని ఆశ్రమంలో ద్రోణునితో [adi 66 (story; Vyasa, Ganguli Adi CXXXI)]; యజ్ఞసేనుడు — యాజ ఉపయాజులతో పుత్రకామేష్టి చేయించగా యజ్ఞకుండం నుండి ధృష్టద్యుమ్నుడు, ద్రౌపది పుట్టారు; రాణి కోకిలాదేవి [adi 87 (story; caption)]; ఐశ్వర్య గర్వంతో బాల్యమిత్రుడు ద్రోణుని 'పేద బ్రాహ్మణులకూ రాజులకూ స్నేహమా?' అని అవమానించాడు; ఓడి అర్జునుని రథపు ఇరుసుకు కట్టబడ్డాడు [adi 67, adi 74 (story)]","యుద్ధంలో ఓడి, అర్జునుని రథపు ఇరుసుకు కట్టబడి గురుదక్షిణగా ద్రోణుని ఎదుట నిలబెట్టబడడం — ద్రోణుడు నవ్వుతూ 'మహారాజ్య మదంతో కమ్మిన కళ్ళ చీకటి తొలగిందా?' అనడం [adi 74 (story; caption)]","రెండు దశలు: గర్విష్ఠుడైన యువరాజు/రాజు (adi 67, 74) — తరువాత అవమానంతో లోలోపల కాలిపోతూ యజ్ఞం చేయించిన, అర్జునునికే కూతురిని ఇవ్వాలని పట్టుదలతో ఉన్న పాంచాల రాజు (adi 87, 93). కిరీటం వంటి రాజచిహ్నాలు మూలంలో వర్ణించబడలేదు."
done — painted portrait in site,gandhari.png,gandhari,గాంధారి,,"ధృతరాష్ట్రుని రాణి, కళ్ళకు గంతలు కట్టుకున్న సాధ్వి",Kaurava side,12,queen,female,"తామర కళ్ళ గాంధారి (భీష్ముని మాట — గంతలు కట్టుకోక ముందు) [adi 55 (story)]; సుబలుని కూతురు, గాంధార రాజకుమారి; శకుని సోదరి [adi 55 (story, caption); adi 60 (story)]","ఒక బట్టతో కళ్ళను గట్టిగా కట్టుకుంది — ఆ నాటి నుండి గంతలు ఆమె కళ్ళ మీదే ఉన్నాయి [adi 55 (story); adi 55 (vyasa, Ganguli Adi CX)]","నెయ్యి నిండిన నూట ఒక్క కుండలు (వ్యాసుడు మాంసపు ముద్ద ముక్కలు ఉంచినవి) [adi 60 (story, caption)]","కళ్ళకు గంతలు — పతివ్రతగా పరపురుషులను చూడడం మానుకుని [adi 55 (story); adi 71 (story)]; శివుని నుండి నూరుగురు కొడుకుల వరం [adi 55 (story; vyasa Ganguli Adi CX)]; కుంతికి కొడుకు పుట్టాడని విని దుఃఖంతో కడుపు బాదుకుంది; మాంసపు ముద్ద బయటపడింది (వ్యాసునిలో రెండేళ్ళ గర్భం, ఇనుప గుండులా గట్టి ముద్ద) [adi 60 (story; vyasa Ganguli Adi CXV)]","తండ్రి మాటను నిలబెడుతూ బట్టతో తన కళ్ళకు గంతలు కట్టుకోవడం — పక్కన సోదరుడు శకుని [adi 55 (story, caption)]",కళ్ళకు గంతలు ఎప్పుడూ ఉండాలి (వివాహం తరువాత ప్రతి దృశ్యంలోనూ). ఆమె గుడ్డిది కాదు — స్వయంగా కట్టుకుంది. అస్త్ర ప్రదర్శనలో విప్పారిన కళ్ళ కుంతి పక్కన గంతల గాంధారి (adi 71).
done — painted portrait in site,brahma.png,brahma,బ్రహ్మదేవుడు,బ్రహ్మ,సృష్టికర్త,gods,12,god,male,"నాలుగు ముఖాలు — తిలోత్తమ రూపాన్ని చూడాలని నాలుగు దిక్కులకూ నాలుగు ముఖాలు చేసుకున్నాడు [adi 103 (story); adi 109 (story — 'బ్రహ్మదేవుని నాలుగు ముఖాల లాగా')]; రంగు, వయసు, గడ్డం not stated in our sources []",not stated in our sources [],తామర ఆసనం — సరస్వతితో కలిసి కూర్చుని ప్రాణులను సృష్టిస్తాడు [sabha 3 (story)],"సృష్టి అంతటికీ మూలం; కుడి బొటనవేలి నుండి దక్షుడు, హృదయం నుండి భృగువు, కుడి స్తనం నుండి ధర్ముడు పుట్టారు [adi 31 (story)]; Vyasa: తిలోత్తమను చూడని ఏకైక దేవుడు బ్రహ్మ ఒక్కడే [adi 103 (vyasa, Ganguli Adi Parva Sec CCXIII)]",తామర ఆసనం మీద సరస్వతితో కూర్చుని సృష్టి చేస్తున్న బ్రహ్మ — చుట్టూ మానస పుత్రులు [sabha 3 (story); adi 31 (caption)],"నాలుగు ముఖాలు మన పాఠంలో ఉన్నాయి (adi 103). హంస వాహనం, తెల్ల గడ్డం, చేతుల సంఖ్య, వేద గ్రంథాలు మన పాఠంలో చెప్పబడలేదు."
done — painted portrait in site,pandu.png,pandu,పాండురాజు,,"హస్తినాపుర రాజు, పాండవుల తండ్రి",Pandava side,11,king,male,"తెల్లని (పాండు) దేహం / తెల్లని ఛాయ — pale/white complexion, because his mother Ambalika turned pale at Vyasa's sight; hence the name Pandu [adi 53 (story); Ganguli Adi CVI (vyasa)]; great bodily strength and valour (గొప్ప దేహబలమూ పరాక్రమమూ); 'great strength of arm' [adi 53, adi 62 (story)]; like Indra, arms shining with bow and arrows, roaming the Himalaya slopes 'like a tusker between two she-elephants' [adi 57 (story)]; 'radiant like the sun' (సూర్యుని లాంటి తేజస్సు) — said by the old ascetic [adi 64 (story)]","as a forest-dweller (Vyasa): bark garments and matted hair (నారబట్టలు, జడలు), living on roots and fruits [Ganguli Adi CXIX (vyasa, adi 58)]; royal dress not described; as king he gives away jewelled ornaments to Brahmins when renouncing [adi 58 (story)]","bow and five arrows that kill the mating deer pair (Vyasa: five swift arrows with golden feathers) [adi 58 (caption, story); Ganguli Adi CXVIII (vyasa)]; three arrows that kill the leaping tiger [adi 62 (story)]; trained in sword, spear, bow, horse and elephant [adi 57 (story)]","born of Vyasa and Ambalika; born of the Maruts' portion [adi 53, adi 32 (story)]; cursed by the sage Kindama (in deer form) — dies the moment he unites with a wife [adi 58, adi 63 (story, note)]; stands on one leg in penance at Shatashringa [adi 62 (story); Ganguli Adi CXXIII (vyasa)]; after death seen in Yama's hall, sending a message through Narada [sabha 3 (caption, story)]","the hunt: having shot the mating pair of deer with five arrows, he stands over them as the dying male deer speaks in a human voice [adi 58 (caption, story)]","His pallor is his defining mark (the name means 'pale/white') — paint him fair/pale, not dark. A vigorous warrior-king, not frail. In Nannaya Dhritarashtra holds the throne throughout (adi 58 story); in Vyasa Pandu was crowned (adi 55 vyasa)."
done — painted portrait in site,vasuki.png,vasuki,వాసుకి,,"నాగరాజు, ఆస్తీకుని మేనమామ",others,10,naga,male,"Many heads/mouths: asuras hold the head end, gods the tail; poison-fire smoke rises from his mouths like rows of clouds [adi 17 (story)]; Jewels on his hoods (merchants sell 'gems from Vasuki's hoods') [adi 102 (story)]",not stated in our sources [],not stated in our sources [],"Ornament of Shiva (పార్వతీపతికి ఆభరణమైన వాసుకి) [adi 10 (story)]; King of the nagas; son of Kadru; brother of the Naga maiden Jaratkaru, uncle of Astika [adi 22 (story); adi 31 (story); adi 23 (story)]","Used as the churning rope round Mount Mandara at the churning of the milk-ocean, poison smoke pouring from his mouths. [adi 17 (story); adi 17 (caption)]",Also: holding council of nagas in the netherworld (adi 22 caption); in anguish as serpents fall into the sacrifice fire (adi 26); receives Bhima in the naga world in the Vyasa box only — 'not in Nannaya' (adi 65 caption). He serves Varuna in Varuna's hall (sabha 3).
done — painted portrait in site,ashvatthama.png,ashvatthama,అశ్వత్థామ,,ద్రోణుని కుమారుడు,Kaurava side,10,warrior,male,"ద్రోణుని కొడుకు; మహాబలుడు, మహాతేజస్వి [adi 32 (story); adi 67 (story)]; బాల్యంలో పేదరికంలో పాల కోసం ఏడ్చిన పసివాడు — పిండినీళ్ళు పాలనుకుని నాట్యం చేశాడు [adi 67 (Vyasa, Ganguli Adi CXXXIII)]; రంగభూమిలో తండ్రి ద్రోణుని ప్రక్కన — 'అంగారకునితో కలిసిన సూర్యుడు' అనే ఉపమానం (అంగారకుడు = అశ్వత్థామ) [adi 71 (story; note 6.9)]; ముఖము, రంగు, జుట్టు మొదలైన శరీర వివరాలు not stated in our sources [—]",not stated in our sources [—],"అస్త్రశస్త్రాలలో ఆరితేరినవాడు; బ్రహ్మశిరో అస్త్రాన్ని ఉపయోగించాడు (భవిష్యత్ ప్రస్తావన) [adi 32 (story); adi 70 (Vyasa, Ganguli Adi I)]; గురుకులంలో తండ్రి ఇచ్చిన వెడల్పు మూతి నీళ్ళ పాత్ర [adi 68 (Vyasa, Ganguli Adi CXXXIV)]","పుట్టగానే ఉచ్చైఃశ్రవంలా గుర్రపు సకిలింపుతో అరిచాడు — అందుకే 'అశ్వత్థామ' అనే పేరు [adi 66 (Vyasa, Ganguli Adi CXXXI)]; నన్నయలో కామక్రోధాదుల ఏకత్వంగా పుట్టినవాడు; వ్యాసునిలో మహాదేవ, యమ, కామ, క్రోధుల అంశలు [adi 32 (story; Vyasa, Ganguli Adi LXVII)]","రంగభూమిలో తండ్రి ద్రోణుని ప్రక్కన నిలిచి, తండ్రి ఆజ్ఞతో గదలతో తలపడుతున్న భీమ దుర్యోధనులను విడదీయడం [adi 71 (story)]",ఆది సభా పర్వాలలో ఇతని రూపం గురించి వివరాలు లేవు. ప్రసిద్ధ చిత్రాలలోని నుదుటి మణి మన మూలాలలో లేదు — చిత్రించకూడదు. ఆది పర్వ కాలంలో యువకుడు/బాలుడు; సభా పర్వంలో పెద్దలతో సభలో కూర్చున్నవాడు (sabha 17).
done — painted portrait in site,narada.png,narada,నారదుడు,,"దేవర్షి, లోకాలు తిరిగే మహాముని",sages & teachers,10,sage,male,"సూర్యుని వంటి తేజస్సు గలవాడు; ఆకాశం నుండి దిగుతుంటే సూర్యుడేమో అని జనం ఆశ్చర్యపడ్డారు [adi 103 (story); sabha 2 (note, Nannaya 1.23)]; బ్రహ్మ కుమారుడు, దేవర్షి [adi 103 (story)]","నల్ల జింక చర్మం [sabha 11 (story); sabha 11 (vyasa, Ganguli Sabha XXXIX)]","కుంచె — రాజసూయంలో కుంచెను, నల్ల జింక చర్మాన్ని ఊపుతూ నాట్యం చేశాడు [sabha 11 (story; note 2.31)]","ఆకాశమార్గాన తిరుగుతాడు — దేవతలు, ఆకాశచారులు, మహామునులతో దిగి వచ్చాడు; పర్వత, పారిజాత, రైవత, సుముఖులతో [sabha 2 (story; note 1.25)]; 'కలహాలకు బంధువు' — రాబోయే యుద్ధాన్ని తలచి లోలోపల సంతోషించాడు [sabha 11 (story)]","ఆకాశం నుండి మయసభలో దిగి ధర్మరాజుకు రాజనీతి ప్రశ్నలు వేయడం (లేదా రాజసూయంలో కుంచె, జింక చర్మం ఊపుతూ నాట్యం) [sabha 2 (story, caption); sabha 11 (story)]",నన్నయలో నారదుని చేతిలో వీణ ప్రస్తావన లేదు (sabha 2 note) — వీణ పెట్టవద్దు. వ్యాసునిలో అతను నాట్యం చేయడు; నన్నయలో చేస్తాడు (sabha 11). హాస్యపాత్రగా కాక రాజనీతిజ్ఞునిగా (sabha 2).
done — painted portrait in site,kashyapa.png,kashyapa,కశ్యపుడు,,"ప్రజాపతి, కద్రువ వినతల భర్త",sages & teachers,10,sage,male,not stated in our sources [],not stated in our sources [],not stated in our sources [],"కశ్యప ప్రజాపతి — కద్రువ వినతల భర్త; దక్షుని పదమూడుగురు కూతుళ్ళకు భర్త [adi 16 (story); adi 31 (story)]; ఎంతోకాలం తపస్సు చేసి పుత్రకామేష్టి చేశాడు; ఇంద్రుడు, వాలఖిల్యులు సహాయకులు (Vyasa: సమిధలు తెస్తున్నారు) [adi 16, adi 20 (story); adi 20 (vyasa, Ganguli Adi Parva Sec XXXI)]","మేరు పర్వతమంత దేహంతో వచ్చి నమస్కరించిన కొడుకు గరుడుని, అతని నోటి కొమ్మకు వేలాడుతున్న వాలఖిల్యులనూ దయతో చూస్తున్న తండ్రి కశ్యపుడు [adi 20 (story)]","adi 25 caption లోని కశ్యపుడు (తక్షకుడు కాల్చిన మర్రిచెట్టును మంత్రంతో నిలబెట్టినవాడు) వేరే వ్యక్తి — 'కశ్యపుడనే బ్రహ్మర్షి', పరీక్షిత్తు కాలపు విషవైద్యుడు. adi 63 లో వసుదేవుని కుల పురోహితుడు కశ్యపుడు కూడా వేరు. ప్రజాపతి పోర్ట్రెయిట్‌కు ఆ దృశ్యాలను వాడకూడదు. రూపం మన పాఠంలో లేదు."
done — painted portrait in site,vasishtha.png,vasishtha,వసిష్ఠుడు,,"బ్రహ్మర్షి, అష్ట వసువులను శపించినవాడు",sages & teachers,9,sage,male,"physical appearance not stated in our sources; described as equal to Brahma in power, calm 'like an ocean that never crosses its shore' [adi 45, adi 89, adi 90 (story)]; old enough to be great-grandfather of Vyasa's line (grandfather of Parashara, who as a child calls him 'father') [adi 29 (story); Ganguli Adi CLXXX (vyasa, adi 92)]",not stated in our sources [—],"water-pot (కమండలం) — he sprinkles mantra-charged water from it to free Kalmashapada [adi 91 (story; note Nannaya 7.124–7.126)]; his homa-cow Nandini, who grants every wish [adi 45, adi 90 (story, caption)]","born of the austerity of the sage Varuna; in Vyasa he is Varuna's son, also called Apava, with his hermitage on Mount Meru (Sumeru cave) [adi 45, adi 48 (story); Ganguli Adi XCIX (vyasa)]; lost his hundred sons (Shakti the eldest) to Kalmashapada-turned-rakshasa; tried to die five ways (forest fire, ocean, Meru peak, Shatadru, Vipasha) — the river Vipasha cut his bonds [adi 91 (story, caption, note 7.119–7.123)]; husband of Arundhati (proverbial pair) [adi 100, adi 105, adi 109 (story)]; family priest of the early Kuru/Puru kings; travels to the Sun to win Tapati for Samvarana and brings her back on the Sun's chariot [adi 89 (story)]","bound and thrown into the river Vipasha in grief for his sons, and the river breaking his bonds and setting him on the bank [adi 91 (caption, story)]",No physical description in our sources — do not invent a long white beard etc. as 'from the text'. He is a forgiving sage: he frees the rakshasa who killed his sons instead of cursing him (adi 91). In Vyasa (adi 46 vyasa) the Vasus give a different reason for his curse.
done — painted portrait in site,satyavati.png,satyavati,సత్యవతి,,"దాశరాజు కుమార్తె, శంతనుని రాణి, వ్యాసుని తల్లి",Kuru elders,9,queen,female,"As a girl: body smelled of fish (Matsyagandhi); lotus-like face [adi 29 (story)]; Restless/darting eyes, slender creeper-like waist, full breasts (as seen by Parashara) [adi 29 (story)]; After Parashara's boon: fragrance felt a yojana away (Gandhavati, Yojanagandhi) [adi 29 (story); adi 49 (story)]; Beautiful maiden with fragrant body, darting glances, lovely form, a face lit by a white smile [adi 49 (story)]; Old age (Vyasa tells her 'in this old age' to go to the forest) [adi 64 (Vyasa: Ganguli, Adi Parva, Section CXXVIII)]",A single cloth (ఒకే వస్త్రం) while waiting at the ferry [adi 29 (story)]; Then adorned with many divine garments and ornaments by Parashara's grace [adi 29 (story)],"A ferry boat she rows across the Yamuna for free (dharmartham), at her father's order [adi 29 (story); adi 49 (story)]",Born from a fish (the apsara Adrika) from Uparichara Vasu's seed; raised by the Dasha-raja [adi 28 (story)],Rowing her boat on the Yamuna with the sage Parashara aboard as mist gathers over the river. [adi 29 (caption); adi 29 (story)],"Later Shantanu's queen and mother of Chitrangada and Vichitravirya; she calls Vyasa to beget heirs (adi 53) and finally goes to the forest with Ambika and Ambalika (adi 64). Our text says she was raised by a fisher-chief, but Parashara tells her she is not of fisher birth."
done — painted portrait in site,dhaumya.png,dhaumya,ధౌమ్యుడు,,పాండవుల పురోహితుడు,sages & teachers,9,sage,male,"తపస్వి, దేవలుని తమ్ముడు; ఉత్కచ (ఉత్కోచక) తీర్థంలో తపస్సు చేసేవాడు [adi 93 (story; Vyasa, Ganguli Adi CLXXXV)]; శరీర వివరాలు (వయసు, రంగు, జుట్టు) not stated in our sources [—]",not stated in our sources [—],"చేతిలో దర్భలు — వాటిని నైరృతి దిక్కు వైపు చూపుతూ నడిచాడు [sabha 24 (Vyasa, Ganguli Sabha LXXX)]; వివాహ హోమాగ్ని — మంత్రపూర్వక ఆహుతులు వేల్చడం [adi 99 (story; Vyasa, Ganguli Adi CC)]",పాండవుల పురోహితుడు; అప్పటినుండి చివరి వరకు వారి వెంట ఉన్నవాడు [adi 93 (story)],"పాండవులు వనవాసానికి హస్తినాపురం వదిలి వెళ్తున్నప్పుడు ముందు నడుస్తూ రుద్ర, యమ సంబంధమైన సామాలు గానం చేయడం (వ్యాసునిలో దర్భలు చేతపట్టి) [sabha 24 (story; caption; Vyasa, Ganguli Sabha LXXX)]","పాండవుల పురోహితుడైన ధౌమ్యుడు (దేవలుని తమ్ముడు) వేరు; ఆరుణి, ఉపమన్యు, వేదుల గురువు ఆయోదధౌమ్యుడు వేరు అని వ్యాసుని మూలం చెబుతుంది (adi 8 Vyasa). ఆ ఇద్దరినీ కలపకూడదు."
done — painted portrait in site,shalya.png,shalya,శల్యుడు,,"మద్ర రాజు, మాద్రి సోదరుడు",others,9,king,male,not stated in our sources [],not stated in our sources [],not stated in our sources [],"సంహ్లాదుడు అనే అసురుని అంశతో పుట్టినవాడు [adi 32 (story)]; మద్ర రాజు, శాకల నగరంలో; నకులుని మేనమామ [sabha 9 (story)]; బలంలో భీముడో బలరాముడో తప్ప ఓడించలేనివాడు అని బ్రాహ్మణుల మాట [adi 95 (story)]","ద్రౌపదీ స్వయంవరంలో భీమునితో మల్లయుద్ధం — నేల మీద పడి, చటుక్కున లేచి ఒంటి దుమ్ము దులుపుకుంటూ మెల్లగా జారుకోవడం [adi 95 (story)]","నన్నయలో మాద్రిని 'మద్ర దేశపు రాజు కూతురు' అంటాడు; శల్యుడు చెల్లెలిని ఆభరణాలతో భీష్మునికి అప్పగించడం వ్యాసునిలో మాత్రమే (adi 57, Ganguli Adi CXIII). స్వయంవరంలో నన్నయలో విల్లు ఎక్కుపెట్టలేకపోయాడు (adi 94 note)."
done — painted portrait in site,shishupala.png,shishupala,శిశుపాలుడు,,"చేది రాజు, కృష్ణుని మేనత్త కొడుకు, సుదర్శనానికి బలైనవాడు",others,9,king,male,"పుట్టినప్పుడు నాలుగు చేతులు, నుదుటి మీద ఒక కన్ను; గాడిద గొంతుతో ఏడ్చాడు ('వికారరూపంలో ఉన్న బాలుడు') [sabha 12 (story, caption)]; Vyasa: మూడు కళ్ళతో, నాలుగు చేతులతో పుట్టాడు [sabha 12 (vyasa, Ganguli Sabha Parva Sec XLIII)]; కృష్ణుడు ఎత్తుకోగానే అదనపు రెండు చేతులు, కన్ను అణగిపోయాయి — పెద్దయ్యాక మామూలు రూపం [sabha 12 (story, caption)]; వయోజన రూపం (రంగు, ముఖం) not stated in our sources []",not stated in our sources [],"not stated in our sources (ద్రౌపదీ స్వయంవరంలో విల్లు ఎక్కుపెట్టబోయి మోకాళ్ళ మీద కూలాడు — Vyasa) [adi 94 (vyasa, Ganguli Adi Parva Sec CLXXXIX)]","చేది రాజు, దమఘోష సాత్వతుల కొడుకు; నూరు తప్పుల వరం [sabha 12 (story)]; సుదర్శన చక్రం తల నరికింది; శరీరం నుండి వెలువడిన కాంతి కృష్ణునిలో ప్రవేశించింది [sabha 13 (story; vyasa Ganguli Sabha Parva Sec XLV)]","రాజసూయ సభలో కృష్ణునికి అర్ఘ్యం ఇస్తుండగా సహించలేక లేచి నిలబడి నిందిస్తున్న శిశుపాలుడు [sabha 11 (story, caption)]",పెద్దవాడైన శిశుపాలునికి నాలుగు చేతులు/మూడో కన్ను ఉండవు — అవి పసిబిడ్డగా మాత్రమే. నన్నయలో నుదుటి కన్ను ఒక్కటి (మొత్తం మూడు); శిశువు దృశ్యంలోనే చూపాలి.
done — painted portrait in site,sauti.png,sauti,ఉగ్రశ్రవుడు (సౌతి),"ఉగ్రశ్రవుడు, ఉగ్రశ్రవసుడు",నైమిశారణ్య మునులకు కథ చెప్పిన సూతుడు,sages & teachers,8,other,male,not stated in our sources [—],not stated in our sources [—],none stated — he is a storyteller (పౌరాణికుడు); the tale is his only 'object' [adi 2 (story)],"a sūta, son of Romaharshana (Lomaharshana), who was Vyasa's disciple — hence called Raumaharshani and Sauti [adi 2 (story); Ganguli Adi V, XIII (vyasa)]; heard the Bharata from Vaishampayana at Janamejaya's snake sacrifice [adi 2, adi 3 (story); Ganguli Adi I (vyasa)]; says he knows the 8,800 difficult verses, and has recited a lakh of verses [Ganguli Adi I (vyasa, adi 3, adi 5)]","arriving at Shaunaka's twelve-year sacrifice in the Naimisha forest, bowing with great devotion before the assembled sages, then beginning the Bharata story [adi 2 (caption, story)]","Type: a sūta storyteller, not a sage or king (closest category 'other'). He stands and bows to the sages, who honour him. No physical description in our text."
done — painted portrait in site,shukra.png,shukra,శుక్రాచార్యుడు,శుక్రుడు,"రాక్షస గురువు, మృతసంజీవని విద్య తెలిసినవాడు",sages & teachers,8,sage,male,'Great sage with lustre like the sun' (Kacha's address) [adi 34 (story)]; Comes lighting up the whole forest with his divine radiance [adi 37 (story)],not stated in our sources [],not stated in our sources [],Knows the Mritasanjivani — the art of reviving the dead [adi 34 (story)]; Unknowingly drank Kacha's ashes in his sura; Kacha came out by splitting his belly and revived him [adi 34 (story); adi 35 (story)]; Always immersed in Vedic study; guru of all daityas and danavas; a Bhargava [adi 34 (story); adi 37 (story)],"Lying lifeless after Kacha bursts out of his belly 'like the full moon from the eastern hill's cave', then revived by Kacha with the very vidya he taught him. [adi 35 (story)]","Other key scenes: comforting his angry, tear-filled daughter Devayani (adi 36); giving her to Yayati in the forest (adi 37 caption); cursing Yayati with old age (adi 38). In Vyasa he then forbids Brahmins to drink liquor (adi 35, Ganguli Sec. LXXVI). Our text gives no detail of his eyes, dress or age."
done — painted portrait in site,takshaka.png,takshaka,తక్షకుడు,,"నాగరాజు, ఇంద్రుని మిత్రుడు",others,8,naga,male,"నిజరూపం సర్పము; నాగుల ప్రభువు, బలమూ పరాక్రమమూ గలవాడు [adi 10 (story)]; పండులో నల్లని పురుగుగా దాగి, లత్తుక రంగులో ఎర్రని పాముగా మారి విషపు మంటలు కక్కాడు [adi 25 (story)]; మారువేషాలు: ఒంటి మీద బట్ట లేని నగ్న (దిగంబర) వేషం; ముసలి బ్రాహ్మణుని వేషం; ఎవరికీ కనబడని రూపం [adi 10 (story); adi 25 (story)]; సర్పయాగంలో విషజ్వాలలు రాలుతూ, కార్చిచ్చు నిప్పులా ఆకాశంలో గిరగిరా తిరుగుతూ, భయంతో వణుకుతున్నవాడు [adi 27 (story)]",not stated in our sources (నగ్న వేషం మినహా) [adi 10 (story)],"దొంగిలించిన మణికుండలాలు (పౌష్య రాణివి) [adi 9, adi 10 (story)]; విషాగ్ని — కరిచిన మర్రిచెట్టు క్షణంలో బూడిదైంది [adi 25 (story; Vyasa, Ganguli Adi XLIII)]","ఇంద్రుని మిత్రుడు; సర్పయాగంలో ఇంద్రుని ఉత్తరీయంలో దాక్కున్నాడు [adi 26 (Vyasa, Ganguli Adi LVI); adi 108 (story)]; వ్యాసునిలో పరీక్షిత్తు మెడకు చుట్టుకుని గర్జించి కాటు వేశాడు [adi 25 (Vyasa, Ganguli Adi XLIII)]; కుమారుడు అశ్వసేనుడు; కురుక్షేత్రంలో, కులపర్వతాలలో విహరించేవాడు [adi 10 (story)]",జనమేజయుని సర్పయాగంలో అగ్నికి ఎదురుగా ఆకాశంలో గిరగిరా తిరుగుతూ పడబోతుండగా బాలుడు ఆస్తీకుడు 'మరలిపో' అనగా నిలిచిపోవడం [adi 27 (story; caption)],"రంగుకు ఉన్న ఏకైక ఆధారం: 'లత్తుక రంగులో ఎర్రని పాము' (adi 25). పడగల సంఖ్య మూలంలో లేదు. పరీక్షిత్తు కథలో పురుగు రంగు నలుపు, పాము రంగు ఎరుపు."
done — painted portrait in site,shantanu.png,shantanu,శంతనుడు,,"కురు వంశ రాజు, భీష్ముని తండ్రి",Kuru elders,8,king,male,"గంగ ఆయన రూపానికీ, యౌవనానికీ, అందానికీ వశమైంది — మొదటి కలయిక నాడు యువరాజు [adi 48 (story)]; దేవవ్రతుడు (భీష్ముడు) రూపంలో తండ్రి పోలికే [adi 49 (story)]; మహాభిషుని పునర్జన్మ — 'దేవతలతో సమానుడు, వీరులలో శ్రేష్ఠుడు'; యువకుడైనప్పుడు పట్టం కట్టారు [adi 47 (story)]; ఈ రాజు తాకిన వృద్ధులు మళ్ళీ యౌవనం పొందేవారు (పేరుకు కారణం) [adi 47 (vyasa, Ganguli Adi XCVII, XCV)]",not stated in our sources [],పెద్ద విల్లు — వేటకు ఒక్కడే అడవిలో తిరుగుతూ గంగా తీరానికి వచ్చాడు [adi 48 (story)],"గంగను భార్యగా పొంది ఆమె అడిగినది ఏదీ ప్రశ్నించనని మాట; తరువాత సత్యవతిని పెళ్ళాడాడు; చిత్రాంగద విచిత్రవీర్యులు యౌవనానికి రాకముందే చనిపోయాడు [adi 48, adi 50, adi 51 (story)]","ఎనిమిదవ బిడ్డను నదిలో వేయబోతున్న గంగను దుఃఖంతో అడ్డుకోవడం (లేదా బాణాలతో గంగా ప్రవాహాన్ని ఆపిన బాలుని ఆశ్చర్యంతో చూడడం) [adi 48 (story, caption); adi 49 (caption)]","కథలో మొదట యువరాజు/యువకుడు, సత్యవతి పెళ్ళి నాటికి యువరాజైన కొడుకు ఉన్నవాడు. రూపవర్ణన మా మూలాల్లో లేదు."
done — painted portrait in site,pandavas.png,pandavas,పాండవులు,,పాండురాజు ఐదుగురు కుమారులు,Pandava side,8,prince,male,"సూర్యుని వంటి తేజస్సు గల కొడుకులు (కుంతి చూసినట్టు) [sabha 24 (story)]; వనవాసానికి వెళ్ళేటప్పుడు సిగ్గుతో వంగిన ముఖాలు [sabha 24 (story)]; అడవికి వెళ్ళే తీరు: ధర్మరాజు ముఖాన్ని వస్త్రపు చెంగుతో కప్పుకుని; భీముడు రెండు బాహువులను విశాలంగా చాచి; అర్జునుడు ఇసుక చల్లుతూ; నకులుడు ఒంటి నిండా దుమ్ము పూసుకుని (తన అందమైన రూపం దాచడానికి); సహదేవుడు ముఖం కిందికి వంచుకుని [sabha 24 (story)]; Vyasa: నకులుడు — బలమైన బాహువులు, సింహం వంటి మెడ, ఎర్రని కళ్ళు గల యువకుడు (యుధిష్ఠిరుని పందెం మాట) [sabha 18 (vyasa, Ganguli Sabha Parva Sec LXV)]","వనవాసం: ఆభరణాలూ రాజవస్త్రాలూ లేకుండా, జింకచర్మాలూ నారచీరలూ — మునుల వేషం [sabha 24 (story); sabha 23 (story — శకుని పందెం)]; Vyasa: రాజవస్త్రాలు విడిచి జింక చర్మాలు ధరించారు; దుశ్శాసనుడు 'జింక చర్మాలు, చినిగిన గుడ్డలు' అని ఎగతాళి [sabha 23 (vyasa, Ganguli Sabha Parva Sec LXXVI, LXXVII)]; సభలో తమ పైవస్త్రాలను తామే తీసి పెట్టారు [sabha 21 (story)]; లక్క ఇంటి తరువాత బ్రాహ్మణ వేషం; Vyasa: జటలు, నారచీరలు, జింక చర్మాలు [adi 87, adi 93 (story); adi 83 (vyasa, Ganguli Adi Parva Sec CLVIII); adi 84 note]; ద్రౌపది పెళ్ళికి మంగళస్నానం చేసి తగిన వస్త్రాలూ రత్నాభరణాలూ ధరించారు [adi 99 (story)]","భీముని గద, అర్జునుని గాండీవం (వనవాస ప్రతిజ్ఞల్లో); నకుల సహదేవుల బాణాలు [sabha 24 (story)]","ఐదుగురూ యముడు, వాయువు, ఇంద్రుడు, అశ్వినీదేవతల వల్ల పుట్టినవారు; పూర్వపు ఇంద్రులు [adi 99 (story; vyasa Ganguli Adi Parva Sec CXCIX)]","జింకచర్మాలూ నారచీరలూ ధరించి హస్తినాపురం వదిలి అడవికి నడుస్తున్న ఐదుగురు — ముఖం కప్పుకున్న ధర్మరాజు, బాహువులు చాచిన భీముడు, ఇసుక చల్లుతున్న అర్జునుడు, దుమ్ము పూసుకున్న నకులుడు, ముఖం వంచుకున్న సహదేవుడు; వెనుక విరబోసిన జుట్టుతో ద్రౌపది, ముందు సామగానం చేసే ధౌమ్యుడు [sabha 24 (story, caption)]","వనవాసపు దృశ్యాల్లో ఆభరణాలు, కిరీటాలు ఉండకూడదు. ఒక్కొక్కరి నడక తీరు పాఠంలో స్పష్టంగా ఉంది — దాన్ని మార్చకూడదు."
done — painted portrait in site,dhrishtadyumna.png,dhrishtadyumna,ధృష్టద్యుమ్నుడు,,"ద్రుపదుని కుమారుడు, పాండవ సేనాపతి",Pandava side,8,prince,male,"మంటల్లా భయంకరంగా మెరిసే దేహం — a body blazing fearsomely like flames; came out 'like Agni himself' [adi 87 (story)]; born fully grown (a warrior on a chariot), not as an infant [adi 87 (story, caption); adi 93 (story)]","శ్రేష్ఠమైన కవచం — fine armour on his body; కిరీటం — crown on his head [adi 87 (story, caption)]","sword in hand, a great bow; with arrows and a chariot (he stands on the chariot) [adi 87 (story; note Nannaya 7.18); adi 93 (story)]; at the swayamvara he displays the bow and arrows worshipped at the sacred fire and the target fish [adi 93 (story); Ganguli Adi CLXXXVII (vyasa)]","born from the sacrificial fire of Drupada's putrakameshti (by Yaja and Upayaja), with Draupadi after him [adi 87 (story, caption); sabha 24 (story)]; born of Agni's portion [adi 32 (story)]; born to destroy Drona (voice from the sky in Vyasa); Drona himself teaches him (Vyasa) [Ganguli Adi CLXIX (vyasa, adi 87); sabha 24 (story, vyasa)]; name means 'of great strength' [adi 87 (story)]","rising from Drupada's sacrificial fire-pit on a chariot, armoured and crowned, sword and great bow in hand, blazing like fire, Krishna (Draupadi) emerging behind him [adi 87 (caption, story)]",Born an adult warrior already armed and crowned — not a baby. Brother of Draupadi; at the swayamvara he stands beside her announcing the kings (adi 93 caption).
done — painted portrait in site,agni.png,agni,అగ్నిదేవుడు,,"అగ్ని దేవత, ఖాండవ వనాన్ని దహించినవాడు",gods,8,god,male,"As a Brahmin: soft tawny/brown hair and beard (గోధుమరంగు జుట్టు, గడ్డం); glowing with lustre but looking very tired [adi 107 (story)]; As a Brahmin: tall as a great sal tree; body like molten gold; beard golden-yellow tinged with green; matted locks; bark garments; lustre of the rising sun; lotus-petal eyes, tawny (pingala) [adi 107 (Vyasa: Ganguli, Adi Parva, Section CCXXIV)]; Then takes a blazing form; burning, he looks like one with many bodies [adi 107 (story); adi 108 (story)]; Matted-haired form, wind as charioteer, roaring like a cloud, chasing Maya [adi 110 (Vyasa: Ganguli, Adi Parva, Section CCXXX)]","Bark garments (నారబట్టలు) in his Brahmin guise [adi 107 (Vyasa: Ganguli, Adi Parva, Section CCXXIV)]",not stated in our sources [],Sick with indigestion and lost lustre from twelve years of Shvetaki's ghee; cured by eating Khandava's herbs [adi 107 (story); adi 110 (story)]; Cursed by Bhrigu to be all-devouring [adi 12 (story); adi 13 (story)]; Accepts oblations with 'his flames as hands' [adi 27 (story)],"Coming to Krishna and Arjuna at Khandava as a tired, lustrous Brahmin asking for food — then flaring into his blazing form to devour the forest. [adi 107 (story); adi 107 (caption); adi 108 (story)]","Other scenes: questioned by the rakshasa Puloma at Bhrigu's fire-house (adi 12); withdrawing himself after Bhrigu's curse, before Brahma amid extinguished fire-altars (adi 13 caption); at Mahishmati, in Brahmin form, caught with another man's wife, he blazes in anger, then guards the city and surrounds Sahadeva's army with fire until Sahadeva praises him lying on a darbha bed (sabha 9). Do not give him a ram or extra heads — not in our text."
done — painted portrait in site,balarama.png,balarama,బలరాముడు,సంకర్షణుడు,"శ్రీకృష్ణుని అన్న, నాగలి ఆయుధముగా గలవాడు",gods,8,warrior,male,"నారాయణుని తెల్లని వెంట్రుక బలరాముడుగా పుట్టింది (నల్లని వెంట్రుక వాసుదేవుడు) — తెలుపుతో ముడిపడినవాడు [adi 99 (story; Vyasa, Ganguli Adi CXCIX)]; ఆదిశేషుడు (అనంతుడు) అంశతో రోహిణీ వసుదేవులకు పుట్టినవాడు [adi 32 (story)]; ముఖ, దేహ వివరాలు not stated in our sources [—]",not stated in our sources [—],"ఆయుధం గురించి మన మూలాలలో ప్రస్తావన లేదు — నాగలి not stated in our sources [—]; భీమునికి కత్తి, గదా, రథ యుద్ధాలు నేర్పినవాడు [adi 75 (Vyasa, Ganguli Adi CXLI)]","బలంలో భీమునితో సాటి అని కృష్ణుడు చెప్పినవాడు [adi 95 (story)]; ప్రలంబుడు మొదలైన దైత్యులను సంహరించినవాడు [adi 32 (story)]; సుభద్రాహరణ సమయంలో మత్తులో ఉన్నాడు [adi 106 (Vyasa, Ganguli Adi CCXXII–CCXXIII)]","ద్వారక సభలో, సుభద్రను అర్జునుడు తీసుకుపోయాడని ఉప్పొంగుతున్న యాదవ వీరులను ఆపి, కృష్ణుని వైపు చూసి నిందగా ప్రశ్నించడం [adi 106 (story)]","పాత్ర వివరణలోని 'నాగలి ఆయుధము' మన ఆది/సభా పర్వ పాఠంలో లేదు; ఆయుధం ఇవ్వాలంటే మూలంలో ఆధారం లేదని గుర్తుంచుకోండి. 'తెల్లని వెంట్రుక' ఒక్కటే రంగుకు ఆధారం. సంకర్షణుడు, బలదేవుడు అనే పేర్లతోనూ వస్తాడు."
to do,udanka.png,udanka,ఉదంకుడు,ఉత్తంకుడు,"పైలుని శిష్యుడు, తక్షకునిపై పగతో జనమేజయుని ప్రేరేపించినవాడు",sages & teachers,7,sage,male,not stated in our sources (బ్రాహ్మణ విద్యార్థి/ముని అని మాత్రమే; తక్షకుని మాటలో 'శంకరుని వంటి ఈ బ్రాహ్మణుడు') [adi 10 (story)],not stated in our sources [],"పౌష్య మహారాజు రాణి ఇచ్చిన మణికుండలాలు (గురుపత్ని కోసం) [adi 9, adi 10 (story)]; వ్యాసునిలో రంధ్రం తవ్వడానికి కర్ర (నన్నయ ఈ వివరం తీసుకోలేదు) [adi 10 (vyasa, Ganguli Adi III; story note)]","పైలుని శిష్యుడు (నన్నయ); వ్యాసునిలో వేదుని శిష్యుడు, పేరు ఉత్తంకుడు [adi 8, adi 9 (story; vyasa Ganguli Adi III)]; తీరని కోపం — భోజనంలో వెంట్రుక చూసి పౌష్యుని శపించాడు; నాగలోకంలో గుర్రం చెవిలో ఊదగానే రంధ్రాల నుండి మంటలు [adi 9 (caption); adi 10 (story)]","నాగలోకంలో — తెలుపు నలుపు దారాలతో నేస్తున్న ఇద్దరు స్త్రీలు, ఆరుగురు బాలురు తిప్పే పన్నెండాకుల చక్రం, ఎత్తైన గుర్రంపై దివ్యపురుషుని ఎదుట మంత్రాలతో స్తుతిస్తున్న ఉదంకుడు; లేదా జనమేజయుని సర్పయాగానికి రెచ్చగొట్టడం [adi 10 (story, caption); adi 11 (caption)]","నన్నయలో గుర్రం చెవిలో ఊదుతాడు (సంస్కృతంలో అపానం — నన్నయ మార్చాడు, adi 10). కుండలాలు దొంగిలించినది నగ్న వేషంలో వచ్చిన తక్షకుడు."
to do,madri.png,madri,మాద్రి,,"పాండురాజు రెండవ రాణి, నకుల సహదేవుల తల్లి",Pandava side,7,queen,female,"అందమైన మాద్రి; పాండురాజు మనసు ఆమె అందం మీద నిలిచిపోయింది [adi 57 (story); adi 63 (story)]; Vyasa: యౌవనవతి [adi 63 (vyasa, Ganguli Adi Parva Sec CXXV)]","వసంతంలో కొత్త సంపెంగ పూలను ఆభరణాలుగా, వావిలి పూలను ముత్యాల్లా, పొగడ పూలదండలను చెవి అలంకారాలుగా ధరించింది [adi 63 (story)]; Vyasa: పలుచని వస్త్రం కట్టుకుని ఉంది [adi 63 (vyasa, Ganguli Adi Parva Sec CXXV)]; Vyasa: పెళ్ళికి శల్యుడు ఆభరణాలతో అలంకరించి అప్పగించాడు [adi 57 (vyasa, Ganguli Adi Parva Sec CXIII)]",not stated in our sources [],"మద్ర రాజు కూతురు, శల్యుని చెల్లెలు; అశ్వినుల వల్ల కవలలు నకుల సహదేవులు [adi 57, adi 63 (story)]; భర్త చితి ఎక్కి సహగమనం చేసింది [adi 63 (story, caption; vyasa Ganguli Sec CXXV)]","శతశృంగ వనంలో పాండురాజు చితి ఎక్కుతున్న మాద్రి — కుంతికి పిల్లలను అప్పగించి సెలవు తీసుకుంటూ; పక్కన ఐదుగురు పిల్లలతో కుంతి [adi 63 (story, caption)]","చితి దృశ్యంలో వనవాసపు రాణి — రాజభవనపు అలంకరణ కాదు; పూల ఆభరణాలు మాత్రమే పాఠంలో ఉన్నాయి. రంగు, జుట్టు చెప్పబడలేదు."
to do,parashurama.png,parashurama,పరశురాముడు,,"భీష్మ ద్రోణ కర్ణుల గురువు, విష్ణు అవతారము",sages & teachers,7,sage,male,"not stated in our sources; youngest of Jamadagni's four sons — 'young but greatest in virtues' [adi 31 (story)]; fierce, blazing with the fire of his anger (కోపాగ్నితో ఉగ్రుడై) [adi 30 (story)]",not stated in our sources [—],"his sharp axe (వాడి గొడ్డలి / పరశు) with which he cut down the kshatriyas and the thousand arms of the Haihaya king [adi 6 (story); adi 52 (story); Ganguli Adi CIV (vyasa)]; master of all astras — gives them, with their secrets, to Drona; passes on the Agneya astra [adi 66 (story); Ganguli Adi CXXXI (vyasa); adi 88 (story)]","son of Jamadagni (line Chyavana → Aurva → Richika → Jamadagni), a form of Vishnu [adi 31 (story, note 3.70)]; emptied the earth of kshatriyas twenty-one times; filled five lakes (Samantapanchaka) with their blood [adi 6, adi 30 (story)]; gave away all his wealth (the earth to Kashyapa) to Brahmins; lives in fierce austerity on Mount Mahendra [adi 66 (story; note 5.197)]; fought his pupil Bhishma at Kurukshetra for Amba and could not defeat him [Ganguli Udyoga CLXXX–CLXXXIX (vyasa, adi 51); adi 32 (story)]","standing by the lakes filled with kshatriya blood, offering water-libations to his ancestors, who beg him to calm his anger [adi 6 (caption, story)]","His weapon is the axe. In our text he is guru of Bhishma (adi 49 note, adi 51) and gives Drona his astras (adi 66); Karna's study under him is NOT told in our Adi/Sabha text — Karna only names him as a great fighter (adi 95). No physical description given."
to do,jarasandha.png,jarasandha,జరాసంధుడు,,"మగధ రాజు, జర కలిపిన రెండు సగాల బిడ్డ, భీముని చేతిలో మరణించినవాడు",others,7,king,male,"Born as two half-bodies (one eye, one ear, one cheek, one breast, half navel, one shoulder, one arm, one side, one leg each) joined by the rakshasi Jara [sabha 5 (story)]; As a joined baby: body hard as vajra, heavy as Meru's peak; copper-red fist pressed to his face, crying loudly [sabha 5 (story)]; Before the wrestling: ties his hair back tightly [sabha 7 (story)]; Takes off his crown and binds his hair into a knot before fighting [sabha 7 (Vyasa: Ganguli, Sabha Parva, Section XXII–XXIII)]; Angry like a lion whose mane is pulled; brows knit [sabha 7 (story)]","A crown (కిరీటం), removed before the duel [sabha 7 (Vyasa: Ganguli, Sabha Parva, Section XXII–XXIII)]",Indra's divine chariot (from Indra to Vasu to Brihadratha to him) [sabha 7 (story)],"A visible joining of two halves — named 'joined by Jara' [sabha 5 (story)]; Cannot be killed by weapons — boon of Shiva (Umeshvara) [sabha 5 (story)]; Imprisoned conquered kings to sacrifice them to Shiva/Bhairava [sabha 4 (note: Nannaya 1.119); sabha 6 (story); sabha 4 (Vyasa: Ganguli, Sabha Parva, Section XIV–XV)]","After thirteen days of wrestling, lifted above Bhima's head and whirled a hundred times, blood running from nose, mouth and ears. [sabha 7 (story); sabha 7 (caption)]",King of Magadha at Girivraja; father-in-law of Kamsa. In Nannaya Bhima kills him by breaking the bones at every joint; in Vyasa by pressing his knee on the spine and breaking him in two. There is NO leaf-splitting signal in Vyasa (sabha 7 Vyasa box). He honours snataka Brahmins even at midnight.
done — painted portrait in site,shaunaka.png,shaunaka,శౌనకుడు,,నైమిశారణ్య సత్రయాగ కులపతి,sages & teachers,6,sage,male,not stated in our sources [—],not stated in our sources [—],పన్నెండేండ్ల సత్రయాగము (యాగశాల సందర్భం) [adi 2 (story)],"నైమిశారణ్యంలో కులపతి — బ్రహ్మర్షుల గుంపులు సేవించేవాడు, లోకమంతా పొగిడేవాడు [adi 2 (story)]; భృగువంశంలోనివాడు; శునకుడు అతని పూర్వీకుడు [adi 11, adi 12 (Vyasa, Ganguli Adi V)]",నైమిశారణ్యంలో సత్రయాగము దగ్గర మునులతో కలిసి ఉగ్రశ్రవుని నుండి భారత కథ వినడం [adi 2 (story; caption)],"రూప వివరాలు ఏవీ లేవు; ఆయన శ్రోత మాత్రమే, కథ చెప్పేవాడు ఉగ్రశ్రవుడు (సౌతి)."
to do,devayani.png,devayani,దేవయాని,,"శుక్రాచార్యుని కుమార్తె, యయాతి భార్య",others,6,princess,female,"తామరకళ్ళ దేవయాని [adi 38 (story)]; యౌవనంలో ఉన్న కన్య (కచుని కథ నాటికి) [adi 33 (story); adi 34 (vyasa, Ganguli Adi LXXVI)]; నూతిలో — కోపంతో తిరుగుతున్న, కన్నీళ్ళతో నిండిన కళ్ళు [adi 36 (story; note)]",స్నానం తరువాత శర్మిష్ఠ తెలియక దేవయాని బట్టలు కట్టుకుంది — 'నేను కట్టుకున్న బట్ట' గొడవ [adi 36 (story; vyasa Ganguli Adi LXXVIII)],not stated in our sources [],"శుక్రాచార్యుని (భార్గవుని) కూతురు; శర్మిష్ఠ వేయిమంది కన్యలతో ఆమెకు దాసి [adi 33, adi 36 (story)]; యయాతి కుడిచేత ఆమె చేయి పట్టి నూతి నుండి లాగాడు — అదే పెళ్ళికి కారణం [adi 36 (note); adi 37 (story)]","పాడుబడిన నూతి లోపల నుండి యయాతి చేయి పట్టి పైకి లాగుతుండగా — కోపం, కన్నీళ్ళు నిండిన కళ్ళు (లేదా కచుని కోపంతో చేయి ఎత్తి శపించడం — adi 35) [adi 36 (story, caption)]","బ్రాహ్మణ కన్య (శుక్రుని కూతురు), రాక్షస రాజకుమారి శర్మిష్ఠ ఆమె దాసి — రెండు పాత్రలను కలపవద్దు."
to do,yayati.png,yayati,యయాతి,,"నహుషుని కుమారుడు, పూరుని తండ్రి",Kuru elders,6,king,male,"శుక్రుని శాపంతో ముసలితనం: తల వణకడం, అవయవాలు సడలిపోవడం, ముడతలూ నెరసిన జుట్టూ, ఆయాసం [adi 38 (story)]; పూరుని యవ్వనం తీసుకుని మళ్ళీ యువకుడై వేయి సంవత్సరాలు భోగాలు అనుభవించాడు [adi 39 (story)]; స్వర్గం నుండి దిగి వస్తున్న యయాతి తేజస్సు చూసి నక్షత్రాలు ఆశ్చర్యపోయాయి [adi 40 (story)]",not stated in our sources [],"ఎక్కుపెట్టిన విల్లు చేతబట్టి వేటాడుతూ దేవయానిని నూతి నుండి లాగాడు [adi 36 (story, caption)]; Vyasa: ఐదు బంగారు రథాలలో మనుమలతో స్వర్గానికి [adi 40 (vyasa, Ganguli Adi Parva Sec XCII–XCIII)]","నహుషుని కుమారుడు; దేవయాని, శర్మిష్ఠల భర్త; ముసలితనం–యవ్వనం మార్పిడి [adi 36, adi 38, adi 39 (story)]","కొడుకు పూరునికి యవ్వనం తిరిగి ఇచ్చి, తన ముసలితనం తాను తీసుకుని, పూరుని చక్రవర్తిని చేస్తున్న యయాతి [adi 39 (story, caption)]","కథలో మూడు దశలు: యువ రాజు (వేట, విల్లు), శాపంతో ముసలివాడు (నెరసిన జుట్టు, ముడతలు, తల వణకడం), మళ్ళీ యువకుడు. adi 39 దృశ్యంలో పూరునికి యవ్వనం ఇచ్చే క్షణం — యయాతి ముసలితనంలోకి తిరిగి వెళ్తున్నాడు."
to do,brihaspati.png,brihaspati,బృహస్పతి,,"దేవ గురువు, కచుని తండ్రి",gods,6,god,male,not stated in our sources [—],not stated in our sources [—],"the Agneya astra, given to him by Agni, which he passes to Bharadvaja [adi 88 (story; note Nannaya 7.45); Ganguli Adi CLXXII (vyasa)]","guru of the gods (దేవగురువు), son of the sage Angiras; brothers Utathya and Samvarta; sister Yogasiddhi [adi 31 (story)]; father of Kacha [adi 34 (story)]; proverbial for wisdom and statecraft ('బుద్ధిలో బృహస్పతి వంటివాడు'); counsels Indra, reads omens [adi 1, adi 21, sabha 15, sabha 23 (story)]; cursed his brother Utathya's unborn son (Dirghatamas) to darkness when the child forbade him approaching Mamata [adi 52 (story); Ganguli Adi CIV (vyasa)]; sets the wedding hour (లగ్నం) for Subhadra and Arjuna [adi 105 (story)]","in Indra's hall, explaining to the worried Indra the evil omens: Garuda is coming for the amrita and is beyond Indra's power [adi 21 (story)]","No physical description in our text. Shown in the text both as wise counsellor of Indra and, in the Mamata story (adi 52), in anger — do not make up iconography beyond 'guru of the gods'."
to do,garuda.png,garuda,గరుత్మంతుడు,"గరుడుడు, సుపర్ణుడు","వినత కుమారుడు, అమృతము తెచ్చినవాడు, విష్ణు వాహనము",gods,6,bird,male,"Hatched from Vinata's second egg; huge wide wings whose wind shakes mountains and seas; body-lustre dims the sun — gods mistook him for the fire of dissolution [adi 19 (story)]; Like a great winged mountain never struck by Indra's vajra; body as big as Mount Meru [adi 19 (story); adi 20 (story)]; Wings 'like the fire of dissolution'; beak tip and claws sharp as vajra [adi 21 (story)]; Can take any form and shrink his body (entered the spinning wheel guarding the amrita) [adi 21 (story)]; Gods begged him to reduce his fiery body and he made himself smaller [adi 19 (Vyasa: Ganguli, Adi Parva, Sections XXIII–XXIV)]",not stated in our sources [],"The pot (kalasham) of amrita, which he carries without tasting [adi 21 (story); adi 21 (caption)]","Indra's vajra could not hurt him; he let it take part of one feather — hence 'Suparna', of strong fine wings [adi 21 (story)]; Became Vishnu's vehicle and the emblem on his banner; immortal without drinking amrita [adi 21 (story)]; Lord of birds; son of Kashyapa and Vinata, born by the Valakhilyas' tapas [adi 21 (story)]","Flying with the pot of amrita while Vishnu, before him, grants him a boon and Indra behind raises the vajra. [adi 21 (caption); adi 21 (story)]","Our text describes a giant bird (wings, beak, claws, feathers) — it never gives him human arms or face. Other scenes: flying toward the sun with nagas scorching on his back (adi 19 caption); an elephant in one claw, a tortoise in the other, the Rohina branch in his beak with Valakhilyas hanging from it (adi 20 caption); carrying his mother Vinata on his back (adi 21); acting as Krishna's charioteer to Indraprastha (sabha 7)."
to do,vikarna.png,vikarna,వికర్ణుడు,,"దుర్యోధనుని తమ్ముడు, సభలో ద్రౌపది పక్షాన మాట్లాడినవాడు",Kaurava side,6,prince,male,"యువకుడు; 'చిన్నవాడైనా' అని విదురుడు అన్నాడు [sabha 20 (caption); sabha 21 (story)]; ముఖ, రంగు వివరాలు not stated in our sources [—]",not stated in our sources [—],not stated in our sources [—],దుర్యోధనుని తమ్ముడు; సభలో ద్రౌపది ప్రశ్నకు ధర్మం చెప్పినవాడు — 'బృహస్పతిలా ధర్మం చెప్పాడు' అని విదురుడు [sabha 20 (story); sabha 21 (story)],"ద్యూతసభ మధ్యలో లేచి నిలబడి, ద్రౌపది గెలవబడలేదని తీర్పు చెప్పడం — మౌనంగా ఉన్న పెద్దల ఎదుట; వ్యాసునిలో చేతులు నలుపుకుంటూ పాములా నిట్టూర్చి మాట్లాడాడు; ఎదురుగా కోపంతో కర్ణుడు [sabha 20 (story; caption; Vyasa, Ganguli Sabha LXVIII)]",కౌరవ పక్షంలోనే ఉన్న యువకుడు; ధర్మం కోసం ఒంటరిగా నిలిచిన భావం ముఖ్యం. రూప వివరాలు లేవు.
to do,vasudeva.png,vasudeva,వసుదేవుడు,,శ్రీకృష్ణ బలరాముల తండ్రి,others,6,king,male,'దేవతలంత తేజస్వి' (కృష్ణుని మాట) [sabha 13 (story)],not stated in our sources [],అశ్వమేధం చేస్తుండగా యజ్ఞాశ్వాన్ని శిశుపాలుడు దొంగిలించాడు [sabha 13 (story)],"యాదవ ప్రభువు; దేవకి ద్వారా కృష్ణుడు, రోహిణి ద్వారా బలదేవుడు; కుంతి (పృథ) అన్న; శూరుని కొడుకు [adi 32, adi 56 (story); adi 56 (vyasa, Ganguli Adi CXI)]; పుట్టినప్పుడు ఆకాశంలో దుందుభులు మోగినందుకు 'ఆనకదుందుభి' అనే పేరు [adi 106 (note, TTD 8.217)]",సుభద్రా అర్జునుల పెళ్ళికి యాదవులతో ఇంద్రప్రస్థానికి వచ్చి పాండవుల నమస్కారాలు అందుకోవడం [adi 106 (story)],"వయసు, రూపం మా మూలాల్లో లేవు; కృష్ణుని తండ్రిగా పెద్దవాడు అని మాత్రమే ఊహించవచ్చు — మూలంలో చెప్పలేదు. ఆది 44లోని 'వసుదేవ' దాశార్హుని కూతురు — వేరే వ్యక్తి."
to do,sharmishtha.png,sharmishtha,శర్మిష్ఠ,,"వృషపర్వుని కుమార్తె, పూరుని తల్లి",others,5,princess,female,అసాధారణమైన అందంతో వెలిగిపోతున్నది (యయాతి గమనించినట్టు) [adi 37 (story)]; అశోకవనంలో నిండు యవ్వనంలోకి వచ్చింది [adi 38 (story)],జలక్రీడ తరువాత పొరపాటున దేవయాని బట్టలు కట్టుకుంది [adi 36 (story; vyasa Ganguli Adi Parva Sec LXXVIII)]; దాసిగా ఉన్నప్పుడు: శుక్రుని ఆజ్ఞతో అన్నపానాలూ రకరకాల ఆభరణాలూ ఇవ్వబడ్డాయి [adi 38 (story)],not stated in our sources [],"దానవ రాజు వృషపర్వుని కూతురు; దేవయానికి దాసి అయింది; వేయిమంది కన్యలు చుట్టూ ఉండే రాకుమారి [adi 36, adi 37 (story, caption)]","అశోకవనంలో ఒంటరిగా వచ్చిన యయాతి ఎదుట సిగ్గుతో తలవంచి తన మనసు చెబుతున్న శర్మిష్ఠ [adi 38 (story, caption)]",అసుర రాకుమారి అయినా రాక్షస రూపం కాదు — పాఠం ఆమె అందాన్ని నొక్కి చెబుతుంది. adi 37 పెళ్ళి దృశ్యంలో దాసిగా వెనుక.
to do,puru.png,puru,పూరుడు,,"యయాతి కుమారుడు, పౌరవ వంశ మూలపురుషుడు",Kuru elders,5,king,male,"youngest son of Yayati; takes on his father's old age (ముసలితనం) and gives his youth — so for a thousand years he is an old man; youth returned at the end [adi 33, adi 39 (story); Ganguli Adi LXXXV (vyasa)]",not stated in our sources [—],"none stated; is anointed emperor of the whole earth before ministers, priests and citizens [adi 39 (story, caption)]","son of Yayati by Sharmishtha (the Asura princess serving as Devayani's maid); called 'జఘన్యాత్మజుడు' — son of the lower-placed woman [adi 33, adi 38 (story); adi 39 (note)]; founder of the Paurava line — Kauravas and Pandavas both descend from him [adi 39, adi 41 (story)]; Nannaya gives Puru no spoken words [adi 39 (note)]","Yayati handing back his youth and anointing the youngest son Puru emperor over his elder brothers [adi 39 (caption, story)]","Two age stages in one life: young prince → old man (carrying Yayati's age) → young again when crowned. Paint the coronation with Puru young (youth just returned). Silent, obedient son."
to do,kadru.png,kadru,కద్రువ,,"కశ్యపుని భార్య, నాగుల తల్లి",others,5,other,female,not stated in our sources [],not stated in our sources [],not stated in our sources [],"Mother of a thousand nagas, born from a thousand eggs kept in ghee pots, hatched after 500 years [adi 16 (story); adi 16 (Vyasa: Ganguli, Adi Parva, Section XVI)]; Asked for a thousand sons 'blazing like fire, long-bodied, famed for strength' [adi 16 (story)]","By the sea with Vinata, laughing as she claims the pure-white horse Ucchaihshravas has a black tail and proposes the wager of slavery; later her face blazes with anger as she curses her own serpent sons. [adi 18 (story)]","Wife of Kashyapa, daughter of Daksha (adi 31). Our text never describes her as a serpent — she walks, laughs and wagers like a woman. In Nannaya she begs her sons, she does not command them; in Vyasa she orders them to become black hairs on the tail (adi 18, Ganguli Sec. XX). Later she makes Garuda and Vinata serve her proudly (adi 19)."
to do,vinata.png,vinata,వినత,,"కశ్యపుని భార్య, అరుణ గరుడుల తల్లి",others,5,sage's wife,female,not stated in our sources (రూప వర్ణన లేదు) [—],not stated in our sources [—],"రెండు గుడ్లు — నేతి కుండలలో (వ్యాసునిలో వెచ్చని కుండలలో) కాపాడుకున్నవి [adi 16 (story; Vyasa, Ganguli Adi XVI)]","కశ్యప ప్రజాపతి భార్య, దక్షుని కూతురు; అరుణుడు (అనూరుడు), గరుడుల తల్లి — మానవ స్త్రీ రూపంలోనే చెప్పబడింది, పక్షిగా కాదు [adi 16, adi 31 (story)]; ఓపిక కోల్పోయి ఒక గుడ్డును తానే పగలగొట్టింది — సగం దేహంతో (నడుము పైభాగం మాత్రమే) అరుణుడు పుట్టాడు [adi 16 (story)]; ఉచ్చైఃశ్రవపు తోక పందెంలో ఓడి కద్రువకు ఐదు వందల ఏండ్లు దాసి అయింది [adi 18 (story; note 2.36)]; గరుడుడు ఆమెను తన వీపు మీద ఎక్కించుకుని ఎగిరిపోయాడు [adi 21 (story)]","సిగ్గుతో, ఆశతో పగలగొట్టిన గుడ్డు నుండి సగం దేహంతో బయటికి వచ్చిన అరుణుని ఎదుట దుఃఖిస్తున్న తల్లి; దూరంగా కద్రువ నాగ బిడ్డలు [adi 16 (story; caption)]",వినత గరుడుని తల్లి అయినా ఆమెను పక్షిగా చిత్రించడానికి మూలంలో ఆధారం లేదు; కశ్యపుని భార్యగా స్త్రీ రూపమే. ఉచ్చైఃశ్రవం తెల్లని గుర్రం అని ఆమె సరిగానే అన్నది.
to do,ganga.png,ganga,గంగాదేవి,,"నదీ దేవత, భీష్ముని తల్లి",gods,5,goddess,female,"దివ్యకాంత రూపం — శరీరకాంతి నలుదిక్కులా వ్యాపించేలా, తీగలాంటి మేను, ఎత్తైన వక్షోజాలు, తామరపువ్వు వంటి ముఖము, అందమైన కళ్ళు [adi 47 (story)]; కదలాడే విశాలమైన కళ్ళు, మేని కాంతి [adi 48 (story)]; శంతనునికి తన నిజరూపం చూపింది (వర్ణన లేదు) [adi 48 (story)]","దివ్యమైన వస్త్రాలు, పూలమాలలు, మణులు పొదిగిన నగలు [adi 48 (story)]; బ్రహ్మసభలో గాలికి చీర కొంగు ఎగిరింది [adi 46 (caption)]",not stated in our sources [],"నది — మానవ రూపం దాల్చిన నదీదేవత; పుట్టిన ఏడుగురు బిడ్డలను (వసువులను) ప్రవాహంలో వేసింది; వ్యాసునిలో ఎనిమిదవ బిడ్డను కూడా నవ్వుతూ వేయబోయింది [adi 46, adi 48 (story); adi 48 (vyasa, Ganguli Adi XCVIII)]; దేవవ్రతుని కుడిచేయి పట్టుకుని శంతనుని ముందు ప్రత్యక్షమైంది [adi 49 (story)]","ఎనిమిదవ బిడ్డను నదిలో వేయబోతుండగా శంతనుడు అడ్డుకోవడం (లేదా ప్రతీపుని కుడి తొడ మీద దివ్యకాంత రూపంలో కూర్చోవడం — adi 47) [adi 48 (story, caption)]",వాహనం (మొసలి/మకరం) మా మూలాల్లో లేదు — పెట్టవద్దు.
to do,surya.png,surya,సూర్యుడు,వివస్వంతుడు,"సూర్య దేవుడు, తపతి తండ్రి",gods,5,god,male,"కుంతి పిలవగా తీక్షణమైన కిరణాలను తగ్గించుకుని, యౌవనపు కాంతితో ఆకాశం నుండి దిగి ఎదుట నిలిచాడు [adi 56 (story; note — నన్నయలోనిది)]; వేయి కిరణాలవాడు; లోకానికి కన్నులాంటివాడు; లోకాలన్నిటికీ ఏకైక దీపం [adi 89 (story)]; తీక్షణమైన కిరణాల వేడి [adi 19 (story)]",not stated in our sources [],"రథం — ఒక్క నిమిషంలో మూడువందల అరవై నాలుగు యోజనాలు పరుగెత్తేది; సారథి అరుణుడు [adi 89 (story); adi 16 (story)]; కర్ణుని ఉంచడానికి రత్నాలతో, బంగారంతో నిండిన పెట్టె పంపాడు [adi 56 (caption; note)]","కర్ణుని తండ్రి (సహజ కవచ కుండలాలతో పుట్టిన బిడ్డ); తపతి, సావిత్రి, యమునల తండ్రి [adi 56, adi 73, adi 89, adi 44 (story)]; Vyasa: సూర్యమండలం నుండి సూర్యుని గొంతు 'పృథ మాటలు నిజం' అని పలికింది [adi 56 (vyasa, Ganguli Udyoga Parva Sec CXLV–CXLVI)]","చేతులు జోడించి నిలబడిన కన్య కుంతి ఎదుట కిరణాలు తగ్గించుకుని యువకుని కాంతితో ఆకాశం నుండి దిగి నిలిచిన సూర్యుడు — 'భయపడకు, వరం ఇవ్వడానికే వచ్చాను' [adi 56 (story)]","ముఖం, దుస్తులు, కిరీటం, చేతుల్లో వస్తువులు మన పాఠంలో లేవు. 'సూర్యుని వంటి తేజస్సు' అనేది ఇతరుల వర్ణనల్లో ఉపమానం మాత్రమే."
to do,shiva.png,shiva,శివుడు,ఈశ్వరుడు,మహాదేవుడు,gods,5,god,male,"holds the swallowed Halahala poison in his throat, where it stays 'beautifully' — hence Nilakantha (blue-throated) [adi 17 (story); Ganguli Adi XVIII (vyasa)]; in the Himalayan cave: in the form of a youth (యువకుని రూపంలో), on a jewelled platform and throne, playing dice with a young woman; when angered takes a terrible form [adi 99 (story; note Nannaya 7.272)]; three-eyed (త్ర్యంబకుడు, ముక్కంటి) [adi 4 (vyasa, Ganguli Adi I); adi 106 (vyasa, Ganguli Adi CCXXII)]; in Vyasa, grew four faces watching Tilottama circle the gods [Ganguli Adi CCXIII (vyasa, adi 103)]; the Ganga dwells in his matted locks (జటాజూటం) [adi 88 (story)]",not stated in our sources [—],"dice (పాచికలు) — playing with a young woman in the cave [adi 99 (story)]; Pashupata astra, which Arjuna later wins from him [adi 28 (story); adi 4, adi 62 (vyasa)]; attended by Ambika (his consort) and goblin-hosts (భూతగణాలు) with sharp weapons at Kubera's hall [sabha 3 (story)]","drank the Halahala poison at the churning of the ocean [adi 17 (story)]; burnt the three cities (త్రిపురాంతకుడు); destroyer of Daksha's sacrifice [adi 50, sabha 5, adi 98 (story)]; grants boons: Draupadi's five husbands (as Nalayani/Kashi princess), Gandhari's hundred sons, Amba's rebirth as Shikhandi, Jarasandha's strength [adi 87, adi 98, adi 55 (story); Ganguli Udyoga CXC–CXCI (vyasa, adi 51); sabha 5 (note)]; orders the five Indras to be born as men (the Pandavas) [adi 99 (story)]; Pashupati of Varanavata; worshipped at the Umeshvara festival by the Yadavas [adi 78, adi 105 (story)]","standing firm and swallowing the world-burning Halahala poison, holding it in his throat as the gods look on [adi 17 (story)]","Our text does not describe his ornaments, crescent moon, serpents or trident — avoid presenting those as from the text. The 'blue throat' is stated (adi 17 vyasa). In the five-Indras episode he appears as a youth, not an ascetic."
to do,bhagadatta.png,bhagadatta,భగదత్తుడు,,"ప్రాగ్జ్యోతిషపుర రాజు, ఇంద్రుని మిత్రుడు",others,5,king,male,not stated in our sources [],not stated in our sources [],not stated in our sources [],Friend of Indra; strong as Varuna; friend of Pandu [sabha 8 (story); sabha 4 (story)],"After eight days of fighting Arjuna with Shabaras and sea-coast warriors (Vyasa: Kiratas and Chinas), he yields: 'I am Indra's friend, you are Indra's son' — and gives tribute. [sabha 8 (story); sabha 8 (Vyasa: Ganguli, Sabha Parva, Section XXVI)]",King of Pragjyotisha. In Vyasa he smiles as he yields. Reborn asura Bashkala (adi 32). No physical description — do not add an elephant; our text never mentions one for him.
to do,yama.png,yama,యమధర్మరాజు,"యముడు, ధర్మదేవత","మృత్యు దేవత, ధర్మరాజు; విదురునిగా జన్మించినవాడు",gods,5,god,male,"శరీర వర్ణం, ముఖం not stated in our sources [—]; కుంతి మంత్రానికి 'యోగబలంతో ఒక రూపం ధరించి' వచ్చాడు — ఆ రూప వర్ణన లేదు [adi 60 (story)]",not stated in our sources [—],"దండం — 'యముని చేతిలోని దండం', 'దండం చేతబట్టిన యమధర్మరాజు', మాండవ్యుడు 'దండధరా' అని పిలిచాడు [adi 15 (story); adi 95 (story); adi 54 (story)]; వ్యాసునిలో ఖాండవ యుద్ధంలో మృత్యువునిచ్చే గద ఎత్తాడు [adi 108 (Vyasa, Ganguli Adi CCXXIX)]","వివస్వంతుని (సూర్యుని) కొడుకు, వైవస్వత మనువు, శనైశ్చరుడు, యమున, తపతిల తోబుట్టువు [adi 33 (story)]; విశ్వకర్మ కట్టిన యమసభ — నూరు యోజనాలది, కోరిన చోటికి కదిలేది; అక్కడ ప్రాణుల మంచి చెడ్డలు పరిశీలిస్తాడు; యమభటులు, రూపం ధరించిన కాలచక్రం, పాండురాజు అక్కడ ఉన్నారు [sabha 3 (story; caption)]; మాండవ్యుని శాపంతో దాసి కడుపున విదురునిగా పుట్టాడు; ధర్మరాజు అతని అంశ [adi 54 (story); adi 32 (story)]; వ్యాసునిలో ద్యూతసభలో కనబడకుండా ఉండి రంగురంగుల వస్త్రాలతో ద్రౌపదిని కప్పాడు [sabha 21 (Vyasa, Ganguli Sabha LXVIII)]","యమపురిలో ధర్మాసనం మీద — శూలం నుండి బతికి వచ్చిన మాండవ్యుడు ఎదుట నిలిచి 'దండధరా, ఏ పాపానికి ఈ శిక్ష?' అని నిలదీయగా, చిన్నతనంలో తూనీగలను ముళ్ళకు గుచ్చిన పాపం చెప్పడం [adi 54 (story)]","దున్నపోతు వాహనం, పాశం, నల్లని రంగు వంటివి మన మూలాల్లో యమునికి చెప్పబడలేదు (వ్యాసునిలో పాశం వరుణునిది — adi 108). ఆధారం ఉన్న చిహ్నం దండం మాత్రమే; వ్యాసునిలో గద. adi 99లో నైమిశారణ్యంలో సత్రదీక్షలో ఉండి ఎవరినీ చంపలేదు."
to do,kanva.png,kanva,కణ్వుడు,,శకుంతలను పెంచిన మహర్షి,sages & teachers,4,sage,male,not stated in our sources [],not stated in our sources [],"అడవి నుండి దుంపలు, పండ్లు తీసుకుని ఆశ్రమానికి తిరిగి వచ్చాడు [adi 42 (story)]","కశ్యప వంశపు మహర్షి; పుట్టినప్పటి నుండి బ్రహ్మచారి; పుణ్యనదీ తీరాన ఆశ్రమం [adi 41 (story)]; పక్షులు (శకుంతాలు) కాపాడుతున్న పసిబిడ్డను స్నానానికి వచ్చి తెచ్చి పెంచాడు [adi 41 (vyasa, Ganguli Adi LXXI–LXXII)]","శకుంతల కొడుకు తేజస్సు, రూపం, పరాక్రమం చూసి సంతోషించి, యువరాజు కావడానికి సమయం వచ్చిందని శిష్యులతో శకుంతలను పంపడం [adi 42 (story; note 4.65)]",రూపవర్ణన మా మూలాల్లో లేదు.
to do,menaka.png,menaka,మేనక,,"అప్సరస, శకుంతల తల్లి",gods,4,gandharva/apsara,female,గాలికి పైట తొలగి శరీరం బయటపడింది — సన్నని నడుము మొదలైన శరీర వర్ణన [adi 41 (story; note — నన్నయ 4.44–4.45)],"పైట (పైవస్త్రం) — సువాసనల గాలికి ఒరిగి తొలగిపోయింది [adi 41 (story)]; Vyasa: చంద్రునిలా తెల్లని వస్త్రాలు — వాయువు ఎగరేసుకుపోయాడు [adi 41 (vyasa, Ganguli Adi Parva Sec LXXI–LXXII)]",పూలు కోసే నెపంతో విశ్వామిత్రుని ఎదుట తిరిగింది [adi 41 (story)],అప్సరస; ఇంద్రుని ఆజ్ఞతో విశ్వామిత్రుని తపస్సు భంగం చేయడానికి వెళ్ళింది — మలయ మారుతం తోడు; శకుంతల తల్లి [adi 41 (story)]; విశ్వావసువు వల్ల ప్రమద్వరకు తల్లి; కపిల సంతానంగా అమృతంతో పాటు పుట్టిన అప్సరసలలో ఒకతె; భరద్వాజుడు వసంతపు పూలు కోస్తున్న మేనకను చూశాడు [adi 14 (story); adi 31 (story); adi 66 (story)],హిమాలయ తపోవనంలో విశ్వామిత్రుని ఎదుట వణుకుతూనే పూలు కోస్తూ తిరుగుతున్న మేనక — మలయ మారుతానికి పైట ఒరుగుతూ [adi 41 (story)],"నన్నయలో మేనక భయపడుతూ వెళ్తుంది (విశ్వామిత్రుని కోపం గుర్తు చేసుకుని). పిల్లల కోసం పోర్ట్రెయిట్ అయినా కథను మార్చకూడదు; పూలు కోసే అప్సరసగా చూపవచ్చు. ముఖం, జుట్టు రంగు చెప్పబడలేదు."
to do,vishvamitra.png,vishvamitra,విశ్వామిత్రుడు,,"రాజర్షి, శకుంతల తండ్రి",sages & teachers,4,sage,male,"not stated in our sources; his angry glance is said to split mountains, dry up oceans and spin the three worlds (Menaka's words) [adi 41 (story; note Nannaya 4.38)]; bows his head in shame after Nandini's armies rout his army [adi 90 (story)]",not stated in our sources [—],"as king, a great army (hunting party) that tries to seize Nandini [adi 90 (story, caption)]","son of Gadhi, king of Kanyakubja; a kshatriya who became a brahmarshi by austerity [adi 90, adi 41 (story); Ganguli Adi LXXI–LXXII, CLXXVII (vyasa)]; father of Shakuntala by the apsara Menaka; his penance in the Himalaya was broken by her [adi 41 (story)]; enmity with Vasishtha — invisibly sends the rakshasa Kinkara into Kalmashapada, causing the death of Vasishtha's sons [adi 91 (story)]; in Vyasa: created the river Kaushiki, another world and stars, sheltered Trishanku [Ganguli Adi LXXI–LXXII (vyasa, adi 41)]","as King Vishvamitra at Vasishtha's hermitage, his army driven back by the warriors pouring from Nandini; he lowers his head in shame and resolves that tapas is the greater power [adi 90 (caption, story)]",Two stages: a conquering king (adi 90) and later a fierce ascetic in Himalayan penance (adi 41). No physical description in our text.
to do,parashara.png,parashara,పరాశరుడు,,"వసిష్ఠుని మనుమడు, వ్యాసుని తండ్రి",sages & teachers,4,sage,male,"As a youth: blazing like a fourth fire beside the three fires, with the lustre of a thousand suns [adi 92 (story); adi 92 (caption: 'young Parashara')]",not stated in our sources [],not stated in our sources [],"Grandson of Vasishtha, son of Shakti and Adrishyanti; his father was eaten by a rakshasa [adi 92 (story); adi 29 (story)]; Creates a fog/darkness by his power on the Yamuna [adi 29 (story)]","Young Parashara before the fire of his rakshasa-destroying sattra, as Pulastya, Pulaha, Kratu and Vasishtha come to ask him to stop. [adi 92 (caption); adi 92 (story)]","Second scene (adi 29): on pilgrimage, he boards Satyavati's ferry on the Yamuna, desires her, grants that her maidenhood stays intact and her fish-smell becomes a fragrance, and makes a mist; Vyasa is born at once on an island. Text describes his virtues, not his looks — no physical description beyond lustre."
to do,yadu.png,yadu,యదువు,,"యయాతి పెద్ద కుమారుడు, యదు వంశ మూలపురుషుడు",Kuru elders,4,prince,male,"యయాతి దేవయానుల పెద్ద కొడుకు; 'ఎంతో గొప్ప శక్తి గలవాడు, భూభారాన్ని మోయగల సమర్థుడు' అని ప్రజలు అన్నారు [adi 39 (story)]; రూప వివరాలు not stated in our sources [—]",not stated in our sources [—],not stated in our sources [—],"శుక్రుని మనుమడు (భార్గవుని మనుమడు) [adi 39 (story; Vyasa, Ganguli Adi LXXXV)]; తండ్రి ముసలితనాన్ని తీసుకోవడానికి నిరాకరించి శాపం పొందాడు — అతని సంతతి రాజ్యానికి అర్హులు కారు; యాదవులకు మూలపురుషుడు [adi 39 (story; Vyasa, Ganguli Adi LXXXV)]",తండ్రి యయాతి ముసలితనం అడిగినప్పుడు 'నెరసిన జుట్టు ఉంటే యువతులు దగ్గరకు రానివ్వరు; మీ ముసలితనం మేము తీసుకోలేము' అని తమ్ముళ్ళతో కలిసి నిరాకరించడం [adi 39 (story)],ఉపరిచర వసువు కొడుకు యదువు (adi 28) వేరొకడు — కలపకూడదు. యయాతి మాటల్లో 'కడుపు నిండా గర్వంతో' అవమానించినవాడు.
to do,paila.png,paila,పైలుడు,,"వ్యాసుని శిష్యుడు, ఋగ్వేద ప్రవర్తకుడు, ఉదంకుని గురువు",sages & teachers,4,sage,male,not stated in our sources [],not stated in our sources [],not stated in our sources [],"వ్యాసుని శిష్యుడు — ఋగ్వేదానికి సూత్రాలు చేసినవాడు (TTD); ఉదంకుని గురువు (నన్నయ) [adi 3, adi 8, adi 9 (story)]; రాజసూయంలో ధౌమ్యునితో హోత [sabha 10 (story)]","ఉదంకుడు కుండలాలతో తిరిగి వచ్చాక 'ఇన్ని రోజులు ఎందుకు పట్టింది?' అని అడిగి, నాగలోకంలో చూసినవాటి అర్థం చెప్పిన గురువు [adi 10 (story; note — TTD ప్రకారం ఇక్కడి గురువు పైలుడు)]","రూపం మా మూలాల్లో లేదు. వ్యాసునిలో ఉదంకుని గురువు వేదుడు, పైలుడు కాదు."
to do,ruru.png,ruru,రురువు,రురుడు,"ప్రమద్వర భర్త, సర్పద్వేషాన్ని వదిలిన మహర్షి",sages & teachers,4,sage,male,"కాంతిమంతుడు — భృగువంశ శ్రేష్ఠుడు [adi 13 (story)]; వయసు, రంగు, దుస్తులు not stated in our sources []",not stated in our sources [],"కర్ర — పాముని కొట్టడానికి 'యముని చేతిలోని దండం వంటి' కర్ర పైకెత్తాడు [adi 15 (story, caption)]","ప్రమతి–ఘృతాచి కొడుకు; ప్రమద్వరకు తన ఆయుష్షులో సగం ఇచ్చాడు [adi 13, adi 14 (story)]","అడవిలో కర్ర ఎత్తి డుండుభుని కొట్టబోతుండగా ఎదుట ముని రూపం ధరించిన సహస్రపాదుడు — నివ్వెరపోయిన రురువు [adi 15 (story, caption)]","రెండో దృశ్యం: అడవిలో చేతులెత్తి ప్రార్థిస్తున్న రురువు, ఆకాశం నుండి దేవదూత (adi 14 caption). రురువు బ్రాహ్మణ యువకుడు — భార్యను పెళ్ళాడబోతున్నవాడు."
to do,parikshit.png,parikshit,పరీక్షిత్తు,,"అభిమన్యు కుమారుడు, తక్షకుని కాటుకు బలైన రాజు",Pandava side,4,king,male,"not stated in our sources; a king who reigned sixty years (so mature in age at the time of the curse) [adi 24 (story; note Nannaya 2.163)]; tired, hungry and thirsty from the hunt when he meets Shamika [adi 24 (story)]",not stated in our sources [—],"a great bow (పెద్ద విల్లు); he lifts the dead snake with the tip of his bow (Nannaya 'తనవింటికొప్పున'; Modali: arrow-tip) [adi 24 (caption, story, note)]; the forest fruit in which Takshaka hid as a small black worm that turned into a lac-red snake (Vyasa: tiny worm, black eyes, copper body, which the king places on his own neck) [adi 25 (story); Ganguli Adi XLIII (vyasa)]; the one-pillared palace (ఒక్క స్తంభం మీద మేడ) he lives in for safety [adi 25 (story)]","son of Abhimanyu and Uttara, father of Janamejaya (by Madravati); named because he was born when the Kuru line was being destroyed (పరిక్షయం) [adi 24, adi 44 (story)]; fond of hunting like Pandu; equal to Bharata [adi 24 (story)]; cursed by Shringi to die of Takshaka's bite in seven days [adi 24 (story)]","in the forest, angry at the silent sage Shamika, lifting a dead snake on the tip of his bow and laying it on the meditating sage's neck [adi 24 (caption, story)]",Not a youth — he had ruled sixty years. Nannaya: bow-tip; Modali Telugu prose: arrow-tip — the site follows Nannaya. Later deeply repents (adi 24).
to do,jaratkaru.png,jaratkaru,జరత్కారువు,,"ఆస్తీకుని తండ్రి, పితరుల కోసం వివాహమాడిన ముని",sages & teachers,4,sage,male,"Body much emaciated by vows, veins standing out, head trembling with old age [adi 23 (story)]; His body was once large and was dried up by austerity — hence the name [adi 23 (Vyasa: Ganguli, Adi Parva, Section XL)]",not stated in our sources [],Sleeps on a black deer-skin (కృష్ణాజినం) [adi 23 (story)],not stated in our sources [],"Asleep on a deer-skin with his head on his Naga wife's lap as the sun sets; woken, he rises in anger and leaves her. [adi 23 (story); adi 23 (caption)]","An ascetic of the Yayavara line who wanders forests; old when he marries. His wife has the same name, Jaratkaru (Vasuki's sister). His ancestors hang head-down from a single root gnawed by rats."
to do,dasharaja.png,dasharaja,దాశరాజు,,సత్యవతి పెంపుడు తండ్రి,others,4,other,male,not stated in our sources [—],not stated in our sources [—],యమునలో రేవు పడవ — అతని ఆజ్ఞతో కూతురు సత్యవతి నడిపేది [adi 49 (story)],"జాలర్ల (దాశుల) రాజు; చేప కడుపున దొరికిన ఆడపిల్లను (సత్యవతి) కూతురిగా పెంచినవాడు [adi 28 (story; Vyasa, Ganguli Adi LXIII)]; భీష్ముడు రాగానే 'ముఖం వెలిగిపోయింది' [adi 50 (story)]","యమునా తీరాన తన ఇంట గాంగేయుని ఎదుట 'నీకు పుట్టబోయే కొడుకులు ఈ కట్టుబాటును పాటించగలరా?' అని అడగడం — దానికి సమాధానంగా దేవవ్రతుని బ్రహ్మచర్య ప్రతిజ్ఞ (వ్యాసునిలో క్షత్రియ ప్రముఖుల ఎదుట) [adi 50 (story; Vyasa, Ganguli Adi C)]","నన్నయ, మొదలి వచనం రెండూ పేరు ఇవ్వకుండా కేవలం 'దాశరాజు' అంటాయి (adi 49 note). రూపం, దుస్తులు మూలంలో లేవు."
to do,purochana.png,purochana,పురోచనుడు,,లక్క ఇల్లు నిర్మించిన దుర్యోధన మంత్రి,Kaurava side,4,attendant,male,not stated in our sources [],not stated in our sources [],"వేగమైన కంచరగాడిదల రథం [adi 78 (vyasa, Ganguli Adi CXLVI; note 6.139)]; తాను కట్టిన లక్క ఇల్లు (చతుశ్శాల) — లక్క, సర్జరసం కలిపిన మట్టి, నెయ్యి నూనెలో నానిన గోడలు, సున్నపు పూత [adi 78 (note); adi 79 (story)]","దుర్యోధనుని మనిషి, 'శిల్పాచార్యుడు'; లక్క ఇంటి గుమ్మం దగ్గర ఎప్పుడూ కాపలా, పక్క ఇంట్లో పడుకునేవాడు; తన ఇంటి వాకిట భీముడు పెట్టిన నిప్పులో కాలిపోయాడు [adi 79, adi 80, adi 81 (story); adi 80 (vyasa, Ganguli Adi CXLIX)]",తాను కట్టిన నాలుగిళ్ళ భవనాన్ని పాండవులకు చూపిస్తూ గౌరవం అందుకోవడం — లోపల మోసం దాచుకుని [adi 79 (story)],రూపం మా మూలాల్లో లేదు.
to do,angaraparna.png,angaraparna,అంగారపర్ణుడు,"చిత్రరథుడు, దగ్ధరథుడు","గంధర్వ రాజు, అర్జునునితో ఓడి మిత్రుడైనవాడు",others,4,gandharva/apsara,male,not stated in our sources [],not stated in our sources [],విల్లు — నారి మోగించి పదునైన బాణాలు వేశాడు [adi 88 (story)]; రథం — ఆగ్నేయాస్త్రంతో కాలిపోయింది; తరువాత గంధర్వ మాయతో రత్నాలతో మెరిసే కొత్త రథం (అందుకే చిత్రరథుడు) [adi 88 (story; note 7.50–7.51)],కుబేరుని మిత్రుడైన గంధర్వుడు; స్త్రీలతో అర్ధరాత్రి గంగలో జలక్రీడకు వచ్చాడు [adi 88 (story)]; ఓడిపోయి నేల మీద పడగా అర్జునుడు జుట్టు పట్టి ధర్మరాజు దగ్గరకు ఈడ్చుకొచ్చాడు [adi 88 (story; note 7.45)]; తరువాత రాజసూయానికి నాలుగు వందల గుర్రాలు ఇచ్చాడు (చిత్రరథుడుగా) [sabha 15 (story)],"అర్ధరాత్రి గంగ ఒడ్డున విల్లు ఎత్తి బాణాలు వేస్తున్న గంధర్వుడు — కాగడా తిప్పి అడ్డుకుంటున్న అర్జునుడు [adi 88 (story, caption)]","దృశ్యం అర్ధరాత్రి, కాగడా వెలుగులో. నన్నయలో భార్య కుంభీనసి ఉంది (మొదలి వచనంలో లేదు). adi 36 vyasa లోని 'చిత్రరథుని తోట' వేరే సందర్భం."
to do,ambika.png,ambika,అంబిక,,"కాశీ రాజకుమార్తె, విచిత్రవీర్యుని భార్య, ధృతరాష్ట్రుని తల్లి",Kuru elders,4,queen,female,"కొత్త చిగురు వంటి సుకుమారమైన శరీరం, తెల్లని చూపులు — body tender as a new shoot, clear ('white') glances [adi 53 (story)]; young, beautiful, full of youth and grace (అందమూ యౌవనమూ విలాసమూ) at her marriage [adi 51 (story)]; shuts her eyes tight in fear at Vyasa's form and does not open them (also in the Sanskrit, per TTD) [adi 53 (story, note)]; later old: goes with Satyavati to the forest [adi 64 (story); Ganguli Adi CXXVIII (vyasa)]",not stated in our sources [—],none stated; waits on a clean bed (శుభ్రమైన పడక) for the night of niyoga [adi 53 (story)],"daughter of the king of Kashi, sister of Amba and Ambalika; elder wife of Vichitravirya [adi 44, adi 51 (story)]; mother of the blind Dhritarashtra by Vyasa; the second time, unable to bear Vyasa's look and smell, she adorns and sends her maid (who bears Vidura) [adi 53 (story, note Nannaya 4.256–4.258)]","at night on the bed, eyes shut tight in fear before Vyasa's fearsome form [adi 53 (story)]",Eyes CLOSED is the defining detail of the niyoga scene. Note: adi 57 (story) once calls Ambika and Ambalika 'Kosala princesses' while adi 44/51 say Kashi — the main telling is Kashi.
to do,ambalika.png,ambalika,అంబాలిక,,"కాశీ రాజకుమార్తె, విచిత్రవీర్యుని భార్య, పాండురాజు తల్లి",Kuru elders,4,queen,female,"Young and beautiful (అందమూ యౌవనమూ విలాసమూ) at her marriage [adi 51 (story)]; Turned white/pale with fear on seeing Vyasa [adi 53 (story); adi 53 (Vyasa: Ganguli, Adi Parva, Section CVI)]",not stated in our sources [],not stated in our sources [],"Mother of Pandu, born pale because she paled [adi 53 (story)]",Vyasa comes to her chamber; seeing his form she goes pale with fear. [adi 53 (story)],"Princess of Kashi, younger sister of Amba and Ambika (adi 51). adi 57 calls Ambika and Ambalika 'Kosala princesses' — a mismatch in the text; elsewhere they are Kashi's daughters. Later goes to the forest for tapas with Satyavati and Ambika (adi 64)."
to do,vishnu.png,vishnu,విష్ణువు,నారాయణుడు,జగత్పాలకుడు,gods,4,god,male,"వక్షస్థలంలో లక్ష్మి (శ్రీదేవి), సూర్యకిరణాలను మించిన కాంతి గల కౌస్తుభ మణి [adi 1 (story); adi 17 (story; Vyasa, Ganguli Adi XVIII)]; శరీరం నుండి తెల్లని, నల్లని రెండు వెంట్రుకలు తీసి బలరామ కృష్ణులుగా పంపాడు [adi 99 (story; Vyasa, Ganguli Adi CXCIX)]; సముద్రంలో అనంతుని వేయి పడగల మీద పవళిస్తాడు (అనంతుడు అతని పాన్పు) [adi 10 (story)]; మాయా స్త్రీరూపం (మోహిని) ధరించి అసురుల నుండి అమృతం తిరిగి తీసుకున్నాడు [adi 17 (story; note 2.17)]; శరీర వర్ణం (రంగు), చేతుల సంఖ్య not stated in our sources [—]",not stated in our sources [—],"చక్రం — రాహువు కంఠం తెగ్గొట్టింది, అసురుల తలలు నరికింది [adi 17 (story)]; గరుడవాహనుడు, గరుడధ్వజుడు — వ్యాసునిలో గరుడుని తన రథపు ధ్వజం మీద కూర్చోబెట్టాడు [adi 21 (story; Vyasa, Ganguli Adi XXXIII)]","వైకుంఠంలో ఉండేవాడు; భూభారం తగ్గించడానికి దేవాంశలను భూమి మీద పుట్టించినవాడు [adi 30 (story; Vyasa, Ganguli Adi LXIV)]; నరునితో కలిసి నారాయణుడు — నరుడు విల్లుతో, నారాయణుడు చక్రంతో అసురుల మీదకు [adi 17 (story)]","అమృత కలశంతో ఎగురుతున్న గరుడుని ఎదుట వరమిస్తూ, 'నాకు వాహనంగానూ ధ్వజంగానూ ఉండు' అనడం [adi 21 (story; caption)]","రంగు, చేతుల సంఖ్య, శంఖం, గద వంటివి విష్ణువుకు మన మూలాలలో చెప్పబడలేదు. adi 107లో అగ్ని ఇచ్చిన సుదర్శన చక్రం, కౌమోదకి గద కృష్ణునికి (నారాయణ నామంతో) — అది కృష్ణుని ఘట్టం. 'హరి' అనీ వస్తాడు."
to do,shesha.png,shesha,శేషుడు,అనంతుడు,"కద్రువ పెద్ద కుమారుడు, భూమిని మోసే నాగరాజు",others,4,naga,male,వేయి పడగలు — వాటి మీద భూమి బరువంతా మోస్తున్నాడు [adi 10 (story); adi 22 (caption)]; పడగల మీద రత్నాలు [adi 57 (story)],not stated in our sources [],మందర పర్వతాన్ని పెకలించి ఎత్తాడు (సముద్ర మథనం) [adi 17 (story; note 2.10)],"కద్రువ పెద్ద కొడుకు; తల్లిని తమ్ముళ్ళను విడిచి గంధమాదనం, బదరీ, గోకర్ణం, పుష్కరం, హిమవత్తులలో వేల ఏళ్ళు తపస్సు [adi 22 (story)]; సముద్రంలో పవళించే నారాయణునికి విడువని పాన్పు [adi 10 (story)]; గరుడునితో స్నేహం — బ్రహ్మ ఆజ్ఞ [adi 22 (story)]","బ్రహ్మ ఆజ్ఞతో పడగల మీద భూమినంతటినీ మోస్తున్న ఆదిశేషుడు [adi 22 (story, caption)]",రంగు మా మూలాల్లో చెప్పలేదు. బలదేవుడు అతని (విష్ణు) అంశ అని adi 32.
to do,satyaki.png,satyaki,సాత్యకి,,మరుత్తుల అంశతో పుట్టిన యాదవ వీరుడు,Pandava side,4,warrior,male,not stated in our sources [],not stated in our sources [],అభిషిక్తుడైన ధర్మరాజుకు ముత్యాల గొడుగు పట్టాడు [sabha 15 (story; note 2.119)],"మరుత్తుల అంశతో పుట్టిన యాదవ వీరుడు; Vyasa: యుయుధానుడు అని మరొక పేరు (నన్నయ రెండు పేర్లను విడివిడిగా చెబుతాడు) [adi 32 (story); adi 93 (vyasa, Ganguli Udyoga Parva Sec LVII; note 7.171)]; Vyasa (ద్రోణ పర్వం): భూరిశ్రవుడు సాత్యకిని నేలకూల్చి జుట్టు పట్టుకుని తల నరకబోయాడు [adi 44 (vyasa, Ganguli Drona Parva Sec CXLII)]",రాజసూయ అవభృథం తరువాత ధర్మరాజు తల మీద ముత్యాల గొడుగు పట్టిన సాత్యకి — పక్కన చామరాలు వీచే భీమార్జునులు [sabha 15 (story)],రూపం మన పాఠంలో లేదు. బలరామ కృష్ణులతో పాటు పాండవుల స్నేహితుడు (adi 100).
to do,dushyanta.png,dushyanta,దుష్యంతుడు,,"పౌరవ వంశ రాజు, భరతుని తండ్రి",Kuru elders,3,king,male,"handsome like Jayanta, Indra's son (ఇంద్రుని కొడుకు జయంతునిలా అందంగా) [adi 41 (story; note Nannaya 4.26)]; of strength beyond all others; as a youth chased lions, tigers, elephants and sharabhas and in youthful pride uprooted hills with their trees [adi 41 (story)]; young king, unmarried when he meets Shakuntala [adi 41, adi 42 (story)]",not stated in our sources [—],"chariot with horses swifter than the Sun's; kills fleeing beasts with arrows and charging ones with the sword [adi 41 (story)]; followed by thousands of soldiers with spears, shaktis, bows and swords [adi 41 (story)]","son of Ilina by Rathantari, Puru-line king; father of Bharata by Shakuntala [adi 41, adi 43 (story)]; in Nannaya there is no ring, no curse and no forgetting — he admits he knew Shakuntala and denied her for fear of public talk [adi 43 (note, Nannaya 4.107–4.108)]","entering Kanva's hermitage alone, leaving his ministers behind, and being received with seat, water and honour by Shakuntala, who recognises him at once [adi 41 (caption, story)]",Do not use the Kalidasa ring/curse imagery — not in Nannaya (adi 43 note). In the court scene he is in the wrong until the heavenly voice speaks (adi 43).
to do,shakuntala.png,shakuntala,శకుంతల,,"మేనక విశ్వామిత్రుల కుమార్తె, కణ్వుని పెంపుడు కూతురు",Kuru elders,3,princess,female,"Slender body, large lotus-petal eyes, curling locks black as bees (సన్నని దేహము, తామరరేకుల్లాంటి విశాలమైన కళ్ళు, తుమ్మెదల్లా నల్లని వంకర ముంగురులు) [adi 41 (story)]; An unmarried maiden of great beauty and grace, all auspicious marks [adi 41 (story)]; In the court: eyes red with anger, tears falling like drops from red lotus petals, head bowed, glancing sideways [adi 43 (story)]","Hermitage life: bark garments and deer-skins (నారచీరలు, జింక చర్మాలు) — Dushyanta says these do not suit her beauty [adi 42 (story)]",not stated in our sources [],"Daughter of Menaka and Vishvamitra, abandoned and guarded by shakunta birds, raised by Kanva [adi 41 (story); adi 41 (Vyasa: Ganguli, Adi Parva, Sections LXXI–LXXII)]","In Dushyanta's full court, rejected, eyes red with anger and tears, she speaks dharma to the king; as she turns to leave with her son, the voice from the sky speaks. [adi 43 (story); adi 43 (caption)]","Not Kalidasa's Shakuntala: NO ring, NO Durvasa curse, NO companions Anasuya/Priyamvada, NO forgetfulness (adi 42 & 43 notes). In Nannaya she argues and rebukes; Dushyanta admits he knew her all along. She also welcomes Dushyanta alone at the hermitage (adi 41 caption, lions resting in the shade of elephants' trunks)."
to do,bhrigu.png,bhrigu,భృగువు,,"భృగు వంశ మూలపురుషుడు, అగ్నిని శపించిన మహర్షి",sages & teachers,3,sage,male,not stated in our sources [—],not stated in our sources [—],అగ్నిహోత్రం — హోమగృహంలోని అగ్నులు (స్నానానికి వెళ్తూ భార్యకు అప్పగించాడు) [adi 12 (story)],"నన్నయలో బ్రహ్మ హృదయం నుండి పుట్టాడు; వ్యాసునిలో బ్రహ్మ వరుణుని యజ్ఞాగ్ని నుండి సృష్టించాడు [adi 31 (story); adi 12 (Vyasa, Ganguli Adi V)]; అగ్నిని 'సర్వభక్షకుడవు కమ్ము' అని శపించినవాడు; చ్యవనుని తండ్రి, భృగువంశ మూలపురుషుడు [adi 12, adi 13 (story)]","స్నానం ముగించి ఆశ్రమానికి తిరిగి వచ్చి, ఉదయ సూర్యునిలా మెరిసే బిడ్డను ఎత్తుకున్న భార్యను చూసి, జరిగినది విని అతి కోపంతో అగ్ని వైపు తిరిగి శపించడం [adi 12 (story)]",మహర్షి; రూపం గురించి మూలంలో ఏమీ లేదు. శాప దృశ్యంలో అగ్ని హోమగృహపు అగ్ని రూపంలోనే ఉన్నాడు.
to do,chyavana.png,chyavana,చ్యవనుడు,,"పుట్టుకతోనే తేజస్వి, భృగు పులోమల కుమారుడు",sages & teachers,3,sage,male,"పుట్టగానే ఒక్కసారిగా ఉదయించిన వేయి సూర్యుల్లా, ప్రళయాగ్నిలా భరించలేని తేజస్సుతో వెలిగిన పసిబిడ్డ [adi 12 (story)]; అప్పుడే ఉదయిస్తున్న సూర్యునిలా మెరుస్తున్న బిడ్డ (తల్లి చేతిలో) [adi 12 (story)]",not stated in our sources [],not stated in our sources [],"తల్లి పులోమ కడుపు నుండి జారిపడినవాడు ('చ్యుతుడు') — తన తేజస్సుతో పంది రూపంలోని పులోముని బూడిద చేశాడు [adi 12 (story, caption)]; భృగువు కొడుకు; సుకన్య భర్త; ప్రమతి తండ్రి; వధూసర నది అతని ఆశ్రమం పక్కన [adi 12, adi 13 (story); adi 12 (vyasa, Ganguli Adi VI)]","పంది రూపంలో తల్లిని ఎత్తుకుపోతున్న రాక్షసుని ముందు జారిపడి, సూర్యతేజస్సుతో వాడిని భస్మం చేస్తున్న పసిబిడ్డ [adi 12 (story, caption)]",మా మూలాల్లో అతను పసిబిడ్డగానే కనిపిస్తాడు; పెద్దవాడైన ముని రూపం (సుకన్య కథ) అరణ్య పర్వంలో — ఇక్కడ వర్ణన లేదు.
to do,aruna.png,aruna,అరుణుడు,అనూరుడు,"వినత మొదటి కుమారుడు, సూర్యుని రథసారథి",gods,3,bird,male,"సగం దేహంతో గుడ్డు నుండి బయటికి వచ్చాడు — తొడలు లేనివాడు (అందుకే అనూరుడు) [adi 16 (story, caption)]; 'నన్ను పూర్తి దేహం కలవాడిగా కానీయకుండానే గుడ్డును పగలగొట్టావు' — అసంపూర్ణ దేహం [adi 16 (story)]",not stated in our sources [],సూర్యుని రథానికి సారథి [adi 16 (story)],"వినత మొదటి కొడుకు, గరుడుని అన్న; తల్లిని ఐదు వందల ఏండ్ల దాస్యానికి శపించాడు; సంపాతి, జటాయువుల తండ్రి [adi 16 (story; note 2.4–2.7); adi 31 (story)]","సగం దేహంతో గుడ్డు నుండి బయటికి వచ్చి తల్లి వినతను నిందిస్తూ శపిస్తున్న అరుణుడు — దూరంగా కద్రువ బిడ్డలైన నాగులు [adi 16 (story, caption)]","గరుడుని అన్న కనుక పక్షి వంశం (type 'bird' పక్షి వంశాన్ని బట్టి); కానీ పాఠం అతని రూపాన్ని పక్షిగా స్పష్టంగా చెప్పదు — 'తొడలు లేని, సగం దేహం' మాత్రమే. కాళ్ళు/తొడల కింది భాగం లేకుండా చూపాలి."
to do,astika.png,astika,ఆస్తీకుడు,,"జరత్కారు కుమారుడు, సర్పజాతిని రక్షించిన బాలుడు",sages & teachers,3,child,male,"a boy (బాలుడు) when he enters the snake sacrifice [adi 27 (caption); Ganguli Adi LIV–LV (vyasa)]; గొప్ప తేజస్సు — great radiance, 'blazing like the sun and fire' (father's prophecy) [adi 23 (story); Ganguli Adi XLVIII (vyasa)]",not stated in our sources [—],"none stated; he goes to the sacrifice with Brahmins learned in the Vedas [adi 27 (note, Nannaya)]","son of the sage Jaratkaru and Jaratkaru, sister of the Naga king Vasuki; raised in Vasuki's house — nephew of the serpents [adi 22, adi 23, adi 24 (story); adi 11 (note)]; learned all the Vedas and Vedangas from Pramati, son of Chyavana (Vyasa: from Chyavana) [adi 23 (story, note); Ganguli Adi XLVIII (vyasa)]; stops Takshaka in mid-air with 'ఓహో తక్షకా!' / Vyasa: 'Stay!' three times [adi 27 (story); Ganguli Adi LV (vyasa)]; remembering him removes fear of snakes [adi 27 (story); Ganguli Adi LVIII (vyasa)]","the boy Astika in Janamejaya's snake-sacrifice hall, turning back Takshaka as he is about to fall into the fire [adi 27 (caption, story)]","A Brahmin boy, not a naga in form — his mother is a Naga woman but he is the sage Jaratkaru's son. The 'asti' name-story is Vyasa only (adi 23 note)."
to do,bharata.png,bharata,భరతుడు,,"దుష్యంత శకుంతలల కుమారుడు, భరత వంశ మూలపురుషుడు",Kuru elders,3,prince,male,"Lion-like body, long arms, boundless speed and strength [adi 42 (story)]; Born after three full years in the womb [adi 42 (story)]; Bright as the rising sun; tall, big and strong for his age (Dushyanta mocks this) [adi 43 (story)]; About six years old when he catches lions, tigers, bears, buffaloes, elephants [adi 42 (Vyasa: Ganguli, Adi Parva, Section LXXIV)]",not stated in our sources [],not stated in our sources [],"A chakra (discus) mark on his palm — all marks of an emperor [adi 42 (story)]; Called Sarvadamana, 'tamer of all' [adi 42 (story)]","As a small boy in Kanva's hermitage, sitting on a rutting wild elephant amid tigers and wild boars he has tied to the trees, while Shakuntala and the sages watch. [adi 42 (story); adi 42 (caption)]","Later an emperor on the throne (adi 44 caption) who performed many sacrifices on the Yamuna and Ganga. NO lion-cub teeth-counting scene — that is Kalidasa, not in our sources (adi 42 Vyasa box and note)."
to do,pratipa.png,pratipa,ప్రతీపుడు,,శంతనుని తండ్రి,Kuru elders,3,king,male,"వృద్ధ రాజు [adi 47 (caption); adi 44 (Vyasa, Ganguli Udyoga CXLIX)]; విశాలమైన కుడి తొడ (గంగ కూర్చున్నది) [adi 47 (story)]; భరత కులపు వీరుడు; రాజ్యసుఖాలు అనుభవించి ఇప్పుడు ధర్మపరుడై తపస్సు చేస్తున్నవాడు [adi 47 (story)]",not stated in our sources [—],not stated in our sources [—],"శంతనుని తండ్రి; భార్య శిబి కూతురు సునంద; నన్నయలో దేవాపి, శంతనుడు, బాహ్లికుడు అని ముగ్గురు కొడుకులు [adi 44 (story)]; 'అగ్నిసాక్షిగా పెళ్ళాడిన భార్యను తప్ప మరొక స్త్రీని మనసులో కూడా తలచను' అన్నవాడు [adi 47 (story)]","గంగా తీరాన యమ నియమాలతో తపస్సు చేస్తుండగా దివ్యకాంతగా వచ్చిన గంగ అతని కుడి తొడ మీద కూర్చోవడం; ఆశ్చర్యంతో 'ఎవరమ్మా నువ్వు?' అని అడిగి, స్థిరంగా కాదనడం [adi 47 (story; caption)]","కుడి తొడ కూతుళ్ళకు, కోడళ్ళకు చెందిన స్థానం — అందుకే ఆమెను కోడలిగా స్వీకరించాడు (Vyasa, Ganguli Adi XCVII). ఆ దృశ్యంలో అతను వృద్ధుడు, తపస్వి; కామభావం చూపకూడదు."
to do,vichitravirya.png,vichitravirya,విచిత్రవీర్యుడు,,శంతను సత్యవతుల చిన్న కుమారుడు,Kuru elders,3,king,male,సూర్యునిలా తేజస్సు గలవాడు [adi 44 (story)]; బాలుడుగా సింహాసనం ఎక్కాడు; తరువాత యౌవనం వచ్చింది; యువకుడుగానే క్షయరోగంతో చిక్కి శల్యమై చనిపోయాడు [adi 51 (story); adi 44 (story)],not stated in our sources [],not stated in our sources [],"శంతను సత్యవతుల చిన్న కొడుకు; భీష్ముడు తెచ్చిన కాశీరాజు కూతుళ్ళు అంబిక, అంబాలికలు భార్యలు [adi 44, adi 51 (story)]; భార్యలతో కామక్రీడలలో మునిగి రాజకార్యాలు పట్టించుకోలేదు — వెన్నెల మేడలు, పూలతోటలు, తామర కొలనుల ఒడ్డున; వ్యాసునిలో ఏడేళ్ళు [adi 51 (story); adi 51 (vyasa, Ganguli Adi CII)]; సంతానం లేకుండా చనిపోయాడు [adi 51 (story)]","అంబిక అంబాలికలతో వెన్నెల కాసే మేడల మీద, హంసలు అరిచే తామర కొలనుల ఒడ్డున విహరిస్తున్న యువరాజు [adi 51 (story)]",యువకుడుగానే మరణించాడు — వృద్ధునిగా చూపవద్దు. చివర రోగంతో చిక్కిపోయాడు (adi 51).
to do,maya.png,maya,మయుడు,,"దానవ శిల్పి, మయసభ నిర్మాత",others,3,demon/rakshasa,male,not stated in our sources [],not stated in our sources [],"మయసభ — మణుల స్తంభాలు, ఇంద్రనీల మణుల కొలను, పద్మరాగ తామరలు, స్ఫటికపు గోడలు [sabha 1 (story, caption)]; భౌమాదిత్యుని గద (భీమునికి), దేవదత్తము అనే శంఖం (అర్జునునికి) బిందుసరస్సు నుండి తెచ్చి ఇచ్చాడు [sabha 1 (story)]","నముచి అనే దానవుని తమ్ముడు; 'దానవులకు విశ్వకర్మను — దానవుల శిల్పిని' [adi 110 (story); sabha 1 (story)]; ఖాండవ దహనం నుండి బతికిన ఆరుగురిలో ఒకడు [adi 108, adi 110 (story)]; సభను ఎనిమిది వేల మంది ఆకాశచారులైన రాక్షస భటులతో మోయించి తెచ్చాడు [sabha 1 (story)]","మండుతున్న ఖాండవం నుండి పరుగెత్తి వచ్చి 'అర్జునా, నన్ను కాపాడు!' అని అర్జునుని చాటున శరణు కోరిన మయుడు — వెనుక చక్రం ఎత్తిన కృష్ణుడు, జడలు గల దేహంతో వెంటాడుతున్న అగ్ని (Vyasa) [adi 110 (story, caption; vyasa Ganguli Adi Parva Sec CCXXX)]","దానవుడు అయినా పాఠం అతని రూపాన్ని వర్ణించదు — కొమ్ములు, కోరలు వంటి రాక్షస రూపం కల్పించకూడదు. sabha 1 లో వినయంగా చేతులు జోడించి అర్జునుని ముందు నిలిచాడు."
to do,pramati.png,pramati,ప్రమతి,,"చ్యవనుని కుమారుడు, రురువు తండ్రి",sages & teachers,3,sage,male,not stated in our sources [—],not stated in our sources [—],not stated in our sources [—],"son of Chyavana and Sukanya (Bhrigu's line); 'ఘనుడు' — great [adi 13 (story)]; husband of the apsara Ghritachi, father of the radiant Ruru [adi 13 (story)]; teacher of Astika in all the Vedas and Vedangas [adi 23 (story; note Nannaya 2.161)]; goes with Ruru to Sthulakesha's hermitage [adi 14 (story)]",teaching the young Astika the Vedas and their limbs [adi 23 (story)],"No physical description. A Bhrigu-line sage, grandfather of Shunaka (Vyasa, adi 12)."
to do,aruni.png,aruni,ఉద్దాలకుడు,"ఆరుణి, ఆరుణి (ఉద్దాలకుడు)","గురువు ఆజ్ఞకు పొలం గట్టుకు అడ్డుపడిన శిష్యుడు, శ్వేతకేతుని తండ్రి",sages & teachers,3,sage,male,not stated in our sources [],not stated in our sources [],not stated in our sources [],"From Panchala ('Panchala Aruni') [adi 8 (Vyasa: Ganguli, Adi Parva, Section III)]","Unable to stop a breach in a field channel, he lies down in the breach himself; hearing his guru call, he rises out of it and is renamed Uddalaka. [adi 8 (Vyasa: Ganguli, Adi Parva, Section III)]","This story is NOT in Nannaya nor in the Modali prose (adi 8 story says so); it is only in the Vyasa box. As Uddalaka he is also the father of Shvetaketu (adi 59) and appears in sage lists (adi 14, adi 26)."
to do,yuyutsu.png,yuyutsu,యుయుత్సుడు,యుయుత్సు,ధృతరాష్ట్రునికి వైశ్య స్త్రీ వల్ల పుట్టిన కుమారుడు,Kaurava side,3,prince,male,"మహాబలుడు (వ్యాసునిలో) [adi 74 (Vyasa, Ganguli Adi CXL)]; రూప వివరాలు not stated in our sources [—]",not stated in our sources [—],not stated in our sources [—],"ధృతరాష్ట్రునికి వైశ్య స్త్రీ (సేవ చేసే వైశ్య దాసి) వల్ల పుట్టిన కొడుకు; దుర్యోధనుని తరువాత వెంటనే పుట్టాడు [adi 61 (story; Vyasa, Ganguli Adi CXV)]; సమబుద్ధి గలవాడు; గొప్ప బుద్ధిమంతుడు [adi 65 (story); adi 61 (Vyasa)]; తరువాత యుద్ధారంభంలో కౌరవులను వదిలి పాండవ సైన్యంలో చేరాడు [adi 61 (Vyasa, Ganguli Bhishma XLIII)]",దుర్యోధనుడు భీముని అన్నంలో విషం కలిపించినప్పుడు 'ఆ అన్నం చెడ్డది' అని భీమునికి రహస్యంగా హెచ్చరించడం [adi 65 (story)],కౌరవ సోదరులలో ఒకడైనా గాంధారి కొడుకు కాదు; పాండవుల పక్షాన మనసు ఉన్నవాడు. రూపం మూలంలో లేదు.
to do,vishvakarma.png,vishvakarma,విశ్వకర్మ,,"దేవతల విమానాలు, ఆభరణాలు నిర్మించినవాడు",gods,3,god,male,not stated in our sources [],not stated in our sources [],"దేవతల విమానాలు, దివ్యాభరణాలు నిర్మించిన శిల్పప్రజాపతి [adi 31 (story)]; ఇంద్రప్రస్థాన్ని నిర్మించాడు — తెల్లని మేడలు, బంగారు గోపురాలు, మెరుపులను మించిన బంగారు శిఖరాలు [adi 102 (story, caption)]; నువ్వుగింజంత కోటానుకోట్ల మణులతో తిలోత్తమ దేహాన్ని సృష్టించాడు [adi 103 (story)]; యమసభ, వరుణసభ (నీళ్ళ లోపల జలస్తంభనంతో) కట్టాడు [sabha 3 (story)]",దేవశిల్పి; ప్రభాసుడు అనే వసువుకు బృహస్పతి చెల్లెలు యోగసిద్ధి వల్ల పుట్టాడు [adi 31 (story)],"ఇంద్రుని ఆదేశంతో భూమికి దిగి ఖాండవప్రస్థంలో ఇంద్రప్రస్థ మహానగరాన్ని నిర్మించడం (లేదా మణులు కూర్చి తిలోత్తమను సృష్టించడం) [adi 102 (story, caption); adi 103 (story)]","నన్నయలో ఇంద్రప్రస్థాన్ని కట్టినది విశ్వకర్మ, మయుడు కాదు (adi 102 note); వ్యాసునిలో ఇక్కడ ఎవరూ కట్టినట్టు లేదు. రూపం మా మూలాల్లో లేదు."
to do,pradyumna.png,pradyumna,ప్రద్యుమ్నుడు,,సనత్కుమారుని అంశతో పుట్టిన యాదవుడు,others,3,warrior,male,not stated in our sources [],not stated in our sources [],not stated in our sources [],సనత్కుమారుని అంశతో పుట్టాడు; Vyasa: కృష్ణుని కొడుకు ప్రద్యుమ్నుడు సనత్కుమారుడు [adi 32 (story; vyasa Ganguli Adi Parva Sec LXVII)],సుభద్ర అరణంతో ఇంద్రప్రస్థానికి వచ్చిన యాదవ వీరులలో ఒకడు — పాండవుల గౌరవం అందుకుంటూ [adi 106 (story)],"మన పాఠంలో పేర్ల జాబితాల్లో మాత్రమే ఉన్నాడు; రూపం, వయసు, ఆయుధం చెప్పబడలేదు."
to do,somadatta.png,somadatta,సోమదత్తుడు,,శరభుని అంశతో పుట్టిన రాజు,Kuru elders,3,king,male,old — 'వృద్ధుడైన సోమదత్తుడు' at Draupadi's swayamvara [adi 93 (story; note TTD)],not stated in our sources [—],none stated [—],"born of the Danava Sharabha's portion [adi 32 (story)]; one of the Kuru elders at the tournament, the councils and the Rajasuya; father of Bhurishravas [adi 71, adi 100, sabha 10 (story); adi 93 (story)]; fights on the Kaurava side at Kurukshetra (Vyasa) [Ganguli Drona CXLII, CLXII (vyasa, adi 44)]; in Vyasa, urges that the second dice game not begin [Ganguli Sabha LXXIV (vyasa, sabha 23)]","the aged king seated among the guests at Draupadi's swayamvara, come to watch and bless [adi 93 (story)]",An old man in our text. Only appears in lists of elders; no further description.
to do,uparichara.png,uparichara,ఉపరిచర వసువు,వసువు,"చేది రాజు, ఇంద్ర మిత్రుడు, సత్యవతి తండ్రి",Kuru elders,2,king,male,not stated in our sources [],The Indramala — a garland of never-fading lotuses; whoever wears it no weapon can touch [adi 28 (story)],"A divine vimana of gold and jewels in which he roams the upper worlds (Vyasa: of crystal) [adi 28 (story); adi 28 (Vyasa: Ganguli, Adi Parva, Section LXIII)]; A bamboo staff (venu-yashti) given by Indra, worshipped at the Indra festival [adi 28 (story)]; Indra's divine chariot, later Jarasandha's [sabha 7 (story)]",Pushed aside the Kolahala mountain with his foot to free the river Shuktimati [adi 28 (story)]; Indra gave him god-like status (దేవత్వం) [adi 28 (story)],"Flying to the world of the gods in his gold-and-jewel vimana, below him the Shuktimati river and Kolahala mountain. [adi 28 (caption)]","King of Chedi, friend of Indra; father of Brihadratha, Saubala etc. and (from seed carried by a hawk and swallowed by the fish-apsara Adrika) of Matsyaraja and Satyavati. In Vyasa he is of the Puru line and loves hunting."
to do,kacha.png,kacha,కచుడు,,"బృహస్పతి కుమారుడు, మృతసంజీవని విద్య నేర్చినవాడు",gods,2,sage,male,"యువకుడు, చిన్నవాడు; సుకుమారమైన రూపం, అందగాడు [adi 34 (story; Vyasa, Ganguli Adi LXXVI)]; నియమవ్రతాలతో వెలిగే ప్రశాంతత; 'సూర్యుని వంటి తేజస్సు గలవాడా' అని దేవయాని పిలిచింది [adi 34, adi 35 (story)]; శుక్రుని కడుపు చీల్చుకుని తూర్పు కొండ గుహ నుండి ఉదయించే పూర్ణచంద్రునిలా బయటికి వచ్చాడు [adi 35 (story)]",బ్రహ్మచారి — వస్త్ర వివరాలు not stated in our sources [adi 34 (story)],"దేవయానికి తెచ్చిచ్చే పూలూ పండ్లూ; శుక్రుని హోమధేనువులను మేపేవాడు [adi 34 (story)]; వ్యాసునిలో పాటలు పాడి, నాట్యం చేసి, వాద్యాలు వాయించి దేవయానిని సంతోషపెట్టాడు [adi 34 (Vyasa, Ganguli Adi LXXVI)]","బృహస్పతి కొడుకు, అంగిరస మహర్షి మనుమడు; మృతసంజీవని విద్య నేర్చినవాడు [adi 34 (story)]; దానవులు మళ్ళీ మళ్ళీ చంపారు — సాలవృక్షానికి కట్టారు, కాల్చి బూడిదను సురలో కలిపి శుక్రునికి తాగించారు [adi 34 (story)]","ఆశ్రమం విడిచి దేవలోకానికి బయలుదేరుతుండగా దేవయాని పెళ్ళి కోరగా 'నా మనసులో నువ్వు నా తోబుట్టువువి' అని నిరాకరించి, ఆమె శాపానికి తొణకక ప్రతిశాపం ఇవ్వడం [adi 35 (story; caption)]","బ్రహ్మచారి, ధర్మనిష్ఠుడు; ప్రేమికుడిగా చిత్రించకూడదు — దేవయానిని సోదరిగానే భావించాడు. caption: కోపంతో చేయి ఎత్తి శపిస్తున్నది దేవయాని."
to do,vrishaparva.png,vrishaparva,వృషపర్వుడు,,"రాక్షస రాజు, శర్మిష్ఠ తండ్రి",others,2,demon/rakshasa,male,not stated in our sources [],not stated in our sources [],మయుడు అతని కోసం సభ కట్టాలని సేకరించిన రత్నాల సామగ్రి బిందుసరస్సులో [sabha 1 (story)],"అసుర రాజు/'మహాదానవేంద్రుడు'; శర్మిష్ఠ తండ్రి; శుక్రుడు అతని పట్టణంలో గురువు [adi 34, adi 36, adi 37 (story); sabha 1 (note 1.8)]; తరువాత దీర్ఘప్రజ్ఞుడు అనే రాజుగా పుట్టాడు [adi 32 (story)]","కోపించిన శుక్రుని శాంతపరచడానికి దేవయాని కోరిక కాదనకుండా, కూతురు శర్మిష్ఠను వేయిమంది కన్యలతో ఆమెకు దాసిగా ఇవ్వడం [adi 36 (story)]",రూపం మా మూలాల్లో లేదు; దానవ/అసుర రాజు అని మాత్రమే.
to do,chitrangada-k.png,chitrangada-k,చిత్రాంగదుడు,,శంతను సత్యవతుల పెద్ద కుమారుడు,Kuru elders,2,prince,male,పసితనంలోనే / చిన్న వయసులోనే చనిపోయాడు — యువకుడు [adi 44 (story); adi 51 (story)],not stated in our sources [],not stated in our sources [],"శంతను సత్యవతుల పెద్ద కొడుకు; వీరుడే కానీ చంచలుడు, గర్విష్ఠి [adi 51 (story)]; అదే పేరుగల గంధర్వ రాజు కురుక్షేత్రంలో హిరణ్వతీ తీరాన మాయాయుద్ధంలో మోసంతో చంపాడు [adi 51 (story; note); vyasa Ganguli Adi Parva Sec CI]",కురుక్షేత్రంలో హిరణ్వతీ తీరాన అదే పేరుగల గంధర్వ రాజుతో యుద్ధం చేస్తున్న గర్వి యువరాజు చిత్రాంగదుడు [adi 51 (story; note)],"అర్జునుని భార్య చిత్రాంగద (మణిపూర రాకుమారి), ఆమె తండ్రి (adi 104 note), గంధర్వ రాజు చిత్రాంగదుడు — ఇవి వేరు వేరు. ఇతను కురు యువరాజు."
to do,amba.png,amba,అంబ,,"కాశీ రాజకుమార్తె, తరువాతి జన్మలో శిఖండి",others,2,princess,female,"not stated in our sources beyond being the eldest of the three Kashi princesses (young, unmarried) [adi 51 (story)]; in Vyasa: twelve years of austerity — six months living on air standing like a pillar, a year fasting in the Yamuna water, a year on her toe-tips eating one fallen leaf [Ganguli Udyoga CLXXXIX (vyasa, adi 51)]",not stated in our sources [—],"in Vyasa: the funeral pyre she builds and lights herself on the Yamuna bank [Ganguli Udyoga CXC (vyasa, adi 51)]","eldest daughter of the king of Kashi; had chosen / been promised to King Shalva (Salva) before Bhishma carried her off [adi 51 (story; note Nannaya 4.213); sabha 12 (story, note)]; in Vyasa: rejected by Shalva, refused by Bhishma, aided by Parashurama, wins Shiva's boon and is reborn as Shikhandi [Ganguli Udyoga CLXXVI–CXCV (vyasa, adi 51)]","standing before Bhishma as the wedding preparations begin, telling him that King Shalva had chosen her and her father had already given her [adi 51 (story)]","In Nannaya her story stops when Bhishma sends her to Shalva (adi 51 note); everything after (rejection, tapas, pyre, rebirth) is Vyasa (Udyoga Parva) — label it so. Do not show her married to Vichitravirya."
to do,ekalavya.png,ekalavya,ఏకలవ్యుడు,,"నిషాద రాజకుమారుడు, స్వయంశిక్షిత విలుకాడు",others,2,prince,male,"Strong, tall, dark body covered in dust/mud (గట్టి పొడవైన, మట్టి కొట్టుకుపోయిన నల్లని దేహం); a young man (యువకుడు) [adi 69 (story)]; Dark body, dirty, matted hair (జడలు కట్టిన జుట్టు) [adi 69 (Vyasa: Ganguli, Adi Parva, Section CXXXIV)]; Face shone with joy when Drona called him a disciple [adi 69 (story)]","A black deer-skin as his only garment [adi 69 (story)]; Black clothes [adi 69 (Vyasa: Ganguli, Adi Parva, Section CXXXIV)]","A sharpened arrow in hand; bow [adi 69 (story)]; A clay image of Drona that he made, circumambulated and practised before [adi 69 (story); adi 69 (caption)]",Shot seven arrows at once into a barking dog's mouth [adi 69 (story)]; Cut off his right thumb as guru-dakshina [adi 69 (story)],"In the forest before his clay image of Drona, facing Drona and Arjuna; with a serene face he cuts off his right thumb for his guru. [adi 69 (story); adi 69 (caption); adi 69 (Vyasa: Ganguli, Adi Parva, Section CXXXIV)]","Son of the Nishada/Erukala king Hiranyadhanvan. Before the dakshina he has both thumbs; after, the right thumb is gone (Nannaya: he lost the speed of drawing arrows). The clay figure is of Drona."
to do,hidimbi.png,hidimbi,హిడింబి,,"రాక్షస కన్య, భీముని భార్య",others,2,demon/rakshasa,female,"కోరిన రూపం ధరించగల రాక్షసి; భీముని దగ్గరకు మానవ స్త్రీ రూపంలో వచ్చింది — రత్నాలు పొదిగిన నగలు మెరుస్తుండగా, కొత్తగా పూసిన నడిచే తీగలా [adi 82 (story)]; మానవాతీతమైన అందం — 'వనదేవతా? అప్సరసా?' అని పాండవులు ఆశ్చర్యపోయారు [adi 82 (story)]; ఆమె నిజమైన రాక్షస రూపం not stated in our sources (అన్న హిడింబుని రూపం మాత్రమే వర్ణించబడింది) [—]",రత్నాలు పొదిగిన నగలు (మానవ రూపంలో) [adi 82 (story)],not stated in our sources [—],"హిడింబుని చెల్లెలు; ఆకాశంలో తిరగగలదు, భీముని ఎత్తుకుని ఆకాశమార్గాన వెళ్ళింది [adi 82, adi 83 (Vyasa, Ganguli Adi CLV, CLVII)]; జరిగినదీ, జరుగుతున్నదీ, జరగబోయేదీ తెలిసినది; వ్యాసుడు 'కమలపాలిక' అని పిలిచాడు; ఘటోత్కచుని తల్లి [adi 83 (story)]","అడవిలో నిద్రిస్తున్న కుంతి, పాండవులకు కాపలాగా ఉన్న భీముని చెట్టు చాటు నుండి చూసి మోహించడం [adi 82 (story; caption)]","అన్న ఆజ్ఞతో చంపడానికి వచ్చి ప్రేమలో పడింది; అన్న వచ్చినప్పుడు భయంతో భీముని వెనక దాక్కుంది. కారుమేఘం రంగు, ఎనిమిది కోరలు మొదలైనవి అన్న హిడింబుని వర్ణన — ఆమెవి కావు. TTD తెలుగు వాడుకలో 'హిడింబి'; పాఠంలో 'హిడింబ' కూడా."
to do,bakasura.png,bakasura,బకాసురుడు,,ఏకచక్రపుర రాక్షసుడు,others,2,demon/rakshasa,male,"ఆకలితో పెదవి కొరుకుతూ, ఆకాశాన్ని తాకేలా ఒళ్ళు పెంచి భయంకర రూపంతో వచ్చాడు [adi 86 (story; note 6.292)]; భారీ శరీరం, ఎర్రని కళ్ళు, ఎర్రని గడ్డం, ఎర్రని జుట్టు, చెవి నుండి చెవి వరకు చీలిన నోరు, బాణాల్లా నిటారైన చెవులు, మూడు గీతల నుదురు; అడుగు వేస్తే నేల కుంగేది [adi 86 (vyasa, Ganguli Adi CLXV)]","నడుము దగ్గర వస్త్రం (భీముడు దానిని పట్టి విరిచాడు) [adi 86 (vyasa, Ganguli Adi CLXV)]","పెకలించిన చెట్టు [adi 86 (story, caption)]","ఏకచక్రపురానికి ఆమడ దూరంలో యమునా తీరపు లోయలో ఉండేవాడు; రోజూ వంతుగా ఒక మనిషి, రెండు దున్నపోతులు కట్టిన బండి నిండా అన్నం [adi 85 (story; note 6.267–6.268)]","యమునా తీరంలో బండి మీద కూర్చుని తన అన్నం తింటున్న భీముని మీదికి చెట్టు పెకలించి దూసుకురావడం [adi 86 (story, caption)]","ఎరుపు జుట్టు/గడ్డం/కళ్ళు వ్యాసునిలోనే (Ganguli); నన్నయలో 'భయంకర రూపం, ఆకాశమంత పెరిగిన ఒళ్ళు' మాత్రమే."
to do,subhadra.png,subhadra,సుభద్ర,,"కృష్ణుని సోదరి, అర్జునుని భార్య, అభిమన్యు తల్లి",Pandava side,2,princess,female,తామరకన్నులది (తామరకన్నుల సుభద్ర; ద్రౌపది 'తామరకన్నులదానా' అని దీవించింది) [adi 106 (story)]; తిలోత్తమ కంటే అందమైనది అని గదుడు చెప్పాడు [adi 105 (story)],"చిరుగజ్జెల బంగారు మొలనూలు, మణుల అందెలు — ఒకే లయలో మోగుతూ [adi 105 (story)]; Vyasa: ఎర్రని పట్టుచీర; ఇంద్రప్రస్థంలో అంతఃపురానికి రాణి వేషంలో కాకుండా సాదా గొల్లపడుచు వేషంలో వెళ్ళింది [adi 106 (vyasa, Ganguli Adi Parva Sec CCXXIII)]; పెళ్ళి తరువాత కృష్ణుడు రత్నాలతో మెరిసే వెయ్యి ఆభరణాలు ఇచ్చాడు [adi 106 (story)]","రథపు కళ్ళేలు — ద్వారక నుండి బయలుదేరిన బంగారు రథాన్ని తానే నడిపింది [adi 106 (story, caption)]","కృష్ణుని చెల్లెలు; అర్జునుని భార్య; అభిమన్యుని తల్లి [adi 105, adi 106 (story)]","కళ్ళేలు సుభద్ర చేతిలో, విల్లు అర్జునుని చేతిలో — యాదవ సైన్యాల మధ్య నుండి ద్వారక వదిలి సాగిపోతున్న బంగారు రథం [adi 106 (story, caption)]","నన్నయలో సుభద్రే రథం నడుపుతుంది — ఇది ముఖ్యమైన వివరం. రైవతక దృశ్యంలో కన్యలు చుట్టూ, కాలినడకన పూజకు వచ్చింది (adi 105)."
to do,tapati.png,tapati,తపతి,,"సూర్యుని కుమార్తె, సంవరణుని భార్య, కురువు తల్లి",gods,2,goddess,female,"మచ్చలేని దేహం, స్వచ్ఛమైన కళ్ళు, నిండు యవ్వనం — flawless body, pure/clear eyes, full youth [adi 89 (story)]; సుకుమారి, చంద్రుని వంటి ముఖం — moon-like face; a golden glow from her body so bright the trees and creepers around look golden [adi 89 (story)]; 'lotus-eyed' (కమలాక్షీ) as Samvarana addresses her [adi 89 (story)]","ornaments (నగలు) on her limbs — mentioned, not described [adi 89 (story)]",none stated [—],"daughter of the Sun (Vivasvan), younger sister of Savitri; sister of Manu, Yama, Shani, Yamuna [adi 89, adi 33 (story)]; appears and vanishes 'like lightning among clouds' [adi 89 (story)]; wife of Samvarana, mother of Kuru — hence the Kurus/Arjuna are 'Tapatya' [adi 44, adi 89 (story)]; brought to Samvarana by Vasishtha on the Sun's chariot [adi 89 (story)]","alone on a high mountain-forest ledge, her golden radiance turning the trees and vines to gold, as the hunting king Samvarana stares unblinking [adi 89 (story)]","A celestial maiden glowing gold — the light comes from her own body. She is the Sun's daughter, not a nymph or human princess."
to do,samvarana.png,samvarana,సంవరణుడు,,"పూరు వంశపు రాజు, కురువు తండ్రి",Kuru elders,2,king,male,"In fresh youth, with a form like Manmatha (నవ యవ్వనంతో మెరుస్తూ మన్మథుని వంటి రూపం) [adi 89 (story)]",not stated in our sources [],"Out hunting; his horse collapses from hunger and thirst, he goes on foot [adi 89 (story)]","Proud of his strength: 'they say I am the greatest on earth in strength, valour, pride' [adi 89 (story)]","On a mountain peak with joined hands, meditating on the Sun to win Tapati (after twice fainting when she vanished). [adi 89 (caption); adi 89 (story)]","Son of Ajamidha, of the Bharata/Puru line; married Tapati, daughter of the Sun; father of Kuru. Spent twelve years with her in the hills until Vasishtha brought him back to Hastinapura."
to do,kalmashapada.png,kalmashapada,కల్మాషపాదుడు,,"ఇక్ష్వాకు రాజు, శాపంతో రాక్షసుడైనవాడు",others,2,king,male,"ఇక్ష్వాకు వంశపు రాజు, సుదాసుని కొడుకు [adi 91 (story); adi 59 (story)]; శాపంతో పన్నెండేళ్ళు రాక్షస రూపంలో — 'భయంకరంగా' వచ్చాడని మాత్రమే; ఆ రూప వివరాలు not stated in our sources [adi 91 (story)]",not stated in our sources [—],చేతిలో కశకోల (కొరడా కర్ర) — దానితో శక్తిని కొట్టాడు [adi 91 (story)],"శక్తి శాపంతో, విశ్వామిత్రుడు పంపిన కింకరుడనే రాక్షసుడు లోపల ప్రవేశించడంతో నరమాంస భక్షకుడైన రాక్షసుడయ్యాడు; శక్తిని, వసిష్ఠుని కొడుకులందరినీ చంపి తిన్నాడు [adi 91 (story)]; వసిష్ఠుడు మంత్రజలం చల్లగా మళ్ళీ మనిషి రూపం పొందాడు; ఆంగిరసి శాపంతో స్త్రీని కలిస్తే చనిపోయేవాడు [adi 91 (story)]",వేట తరువాత ఇరుకు దారిలో వసిష్ఠుని పెద్ద కొడుకు శక్తికి 'దారి తొలగు' అని రాచగర్వంతో కొరడా కర్రతో కొట్టడం — శక్తి కోపంతో ఎర్రబడిన కళ్ళతో శపించడం [adi 91 (story)],"రెండు దశలు: గర్వపు రాజు / రాక్షసుడు / శాపవిముక్తుడై చేతులు జోడించిన రాజు. రాక్షస దశలో కొమ్ములు, కోరల వంటివి మూలంలో లేవు. మొదలి వచనంలో అతని భార్య పేరు 'దమయంతి'; నన్నయలో మదయంతి."
to do,adrushyanti.png,adrushyanti,అదృశ్యంతి,,"శక్తి భార్య, పరాశరుని తల్లి",sages & teachers,2,sage's wife,female,గర్భవతి — ఆమె గర్భంలో నుండి ఆరు అంగాల వేదం మధురంగా వినిపిస్తోంది (పన్నెండేళ్ళ గర్భం) [adi 91 (story)],not stated in our sources [],not stated in our sources [],"శక్తి భార్య (శక్తిని రాక్షసుడు తిన్నాడు — విధవ), వసిష్ఠుని కోడలు, పరాశరుని తల్లి [adi 91, adi 92 (story)]","రాక్షస రూపంలో వచ్చిన కల్మాషపాదుని చూసి భయంతో అరవడం — వసిష్ఠుడు 'భయపడకు' అని కమండల జలం చల్లుతుండగా (లేదా పరాశరుడు వసిష్ఠుని 'నాన్నా' అంటే కన్నీళ్ళతో సరిదిద్దడం — వ్యాసుడు) [adi 91 (story); adi 92 (vyasa, Ganguli Adi CLXXX)]","మొదటి దృశ్యాల్లో గర్భవతి, భర్తను కోల్పోయినది."
to do,aurva.png,aurva,ఔర్వుడు,,"భృగు వంశపు ముని, తన కోపాన్ని సముద్రంలో విడిచినవాడు",sages & teachers,2,sage,male,"తల్లి తొడ (ఊరువు) నుండి ప్రళయకాల సూర్యుని వంటి కాంతితో, భూమంతా వెలిగేలా పుట్టాడు [adi 92 (story)]; పుట్టిన క్షణంలోనే అతని తేజస్సుకు క్షత్రియుల కళ్ళు పోయాయి — సూర్యుని వంటి తేజస్సు గల కుమారుడు [adi 92 (story)]",not stated in our sources [],not stated in our sources [],"భార్గవుడు; నూరు సంవత్సరాలు తల్లి తొడలో ఉండి వేదవేదాంగాలు నేర్చుకున్నాడు [adi 92 (story)]; కోపాగ్నిని సముద్రంలో విడిచాడు — ఆ ఔర్వాగ్ని గుర్రపు ముఖంతో సముద్రపు నీళ్ళను తాగుతూ ఉంటుంది [adi 92 (story)]; ఆదివంశంలో: చ్యవనుని భార్య (మనువు కూతురు) తొడ నుండి పుట్టాడు; వంద మంది కొడుకులు, పెద్దవాడు ఋచీకుడు [adi 31 (story)]",పితరుల ఆజ్ఞతో తన కోపాగ్నిని సముద్రంలో విడుస్తున్న ఔర్వుడు — నీళ్ళలో గుర్రపు ముఖపు అగ్ని [adi 92 (story)],"రెండు చోట్ల పుట్టుక వేరుగా: adi 31 లో చ్యవనుని భార్య తొడ నుండి; adi 92 లో 'ఒక భృగు పత్ని' తొడ నుండి. రూపం, వయసు, దుస్తులు చెప్పబడలేదు."
to do,abhimanyu.png,abhimanyu,అభిమన్యుడు,,అర్జున సుభద్రల కుమారుడు,Pandava side,2,prince,male,"not stated in our sources; at his death he is called a boy (బాలుడైన అభిమన్యుడు) [adi 4 (vyasa, Ganguli Adi I)]; in our Adi/Sabha text appears as an infant (birth rites) and a young prince seeing off guests at the Rajasuya [adi 106 (story); sabha 13 (story)]",not stated in our sources [—],learned dhanurveda from his father Arjuna and all ways of breaking enemy formations [adi 106 (story)],"son of Arjuna and Subhadra; raised in Krishna's love; Vedas from Dhaumya [adi 106 (story)]; like Prithu the emperor; matchless valour; the only one of the Pandavas' eleven sons to continue the line (father of Parikshit by Uttara) [adi 106, adi 44 (story)]; in Vyasa, born of Varchas, son of the Moon (Soma) [Ganguli Adi LXVII (vyasa, adi 32)]; entered alone the formation guarded by Drona and was surrounded and killed by many great chariot-warriors [Ganguli Adi I (vyasa, adi 4)]","the boy who broke alone into Drona's battle formation and was surrounded by the Kaurava great-warriors (summary only in our text) [adi 4 (vyasa, Ganguli Adi I); adi 106 (note)]",His chakravyuha story is only summarised in our Adi text (Drona Parva comes later). Within Adi/Sabha he is a child/young prince. No description of looks.
to do,varuna.png,varuna,వరుణుడు,,"జలాధిపతి, గాండీవము ఇచ్చినవాడు",gods,2,god,male,not stated in our sources [],not stated in our sources [],"Gives Arjuna the Gandiva bow (made by Brahma, given by Soma to Varuna), a pair of inexhaustible quivers, and a chariot with a monkey-banner with a lion's tail, thunder-like rumble, white horses swift as mind and wind, jingling jewel bells; gives Krishna the Sudarshana discus and Kaumodaki mace [adi 107 (story)]; The noose (pasha) [adi 108 (Vyasa: Ganguli, Adi Parva, Section CCXXIX); sabha 21 (story: 'a thousand nooses of Varuna')]",Lord of waters (జలాధిపతి); lord of the western quarter [adi 107 (story); sabha 9 (story)],"Appearing at Khandava when Agni thinks of him, and handing the Gandiva and the chariot to Arjuna and the discus to Krishna. [adi 107 (story); adi 107 (caption)]","His hall is built under the waters by Vishvakarma; he sits there with Varuni, served by nagas (Vasuki, Airavata) and daityas (sabha 3). One of the twelve Adityas (adi 31). Note: adi 28 summary says Arjuna got the chariot, Gandiva, Devadatta conch and quivers 'from Agni' — in the full scene (adi 107) Varuna hands them over at Agni's request. The 'Varuna' who is Vasishtha's father (adi 45) is called a muni."
to do,ashvasena.png,ashvasena,అశ్వసేనుడు,,"తక్షకుని కుమారుడు, ఖాండవము నుండి తప్పించుకున్న నాగుడు",others,2,naga,male,పాము; తక్షకుని కొడుకు [adi 108 (story); adi 10 (story)],not applicable / not stated in our sources [—],"తరువాత (కర్ణ పర్వంలో) బాణ రూపంలో కర్ణుని అంబులపొదిలోకి దూరాడు [adi 108 (Vyasa, Ganguli Karna XC)]","ఖాండవ దహనంలో అర్జునుని బాణానికి తోక తెగింది (నన్నయ) — తల్లి తలతో పాటు [adi 108 (story; note 8.274–8.275)]; వ్యాసునిలో తల్లి అతనిని మింగుతూ పైకి లేచింది, అర్జునుడు ఆమె తల నరికాడు; అర్జున, అగ్ని, కృష్ణులు 'నీకు ఎన్నడూ కీర్తి ఉండదు' అని శపించారు [adi 108 (Vyasa, Ganguli Adi CCXXIX)]; ఖాండవం నుండి బతికిన ఆరుగురిలో ఒకడు [adi 108 (story; Vyasa, Ganguli Adi CCXXX)]",ఖాండవ మంటల నుండి తల్లి నోట తన తోకను కరిపించుకుని ఆమెను మోసుకుంటూ ఆకాశంలోకి పారిపోతుండగా అర్జునుని బాణం తగలడం [adi 108 (story)],నన్నయలో తల్లి అతని తోకను నోట కరచుకుంటుంది; వ్యాసునిలో తల్లి అతనిని మింగుతుంది — రెండూ వేరు. నన్నయ వరుసను పాటించాలి. రంగు not stated in our sources.
to do,brihadratha.png,brihadratha,బృహద్రథుడు,,"మగధ రాజు, జరాసంధుని తండ్రి",others,2,king,male,not stated in our sources [],not stated in our sources [],"ఇంద్రుని నుండి వసువు ద్వారా పొందిన దివ్య రథం [sabha 7 (story; note 1.216)]; చండకౌశికుడు ఇచ్చిన పండు — రెండు సగాలు చేసి ఇద్దరు భార్యలకు [sabha 5 (story)]; ఋషభుడు అనే నరమాంసభక్షకుని చర్మంతో చేయించిన మూడు భేరులు [sabha 6 (vyasa, Ganguli Sabha XXI)]","మగధ మహారాజు — గొప్ప వీరుడు, మూడు అక్షౌహిణుల అధిపతి; ఇద్దరు భార్యలు, సంతానం లేక విసిగి అడవికి వెళ్ళాడు [sabha 5 (story)]; జరాసంధుని తండ్రి; చివరికి కొడుకుకు పట్టం కట్టి భార్యలతో తపోవనానికి వెళ్ళాడు [sabha 5 (story)]","కలకలం విని వచ్చి, రెండు సగాలు కలిసిన బిడ్డను పట్టుకున్న జరను చూసి 'నువ్వు రాక్షసివా!' అని ఆశ్చర్యపడి, 'పుణ్యదేవతవు' అని కొనియాడడం [sabha 5 (story)]","ఆది 28లోని బృహద్రథుడు (ఉపరిచరుని కొడుకు) మగధ వంశ మూలపురుషుడు; ఆది 32, 93లో అదే పేరు వేరే రాజులు కావచ్చు — మూలం స్పష్టం చేయదు."
to do,pratikami.png,pratikami,ప్రాతికామి,ప్రాతిగామి,"దుర్యోధనుని సారథి కుమారుడు, ద్రౌపదిని పిలవడానికి వెళ్ళిన దూత",Kaurava side,2,attendant,male,not stated in our sources [],not stated in our sources [],not stated in our sources [],సూతుని కుమారుడు — దుర్యోధనుని దూత [sabha 19 (story)]; భీముడికి భయపడ్డాడు (దుర్యోధనుని మాట); Vyasa: ద్రౌపది కోపానికి భయపడి 'ద్రౌపదితో ఏమి చెప్పను?' అని సభను అడిగాడు [sabha 19 (story; vyasa Ganguli Sabha Parva Sec LXVII)],రాజాజ్ఞతో ద్రౌపది దగ్గరకు వెళ్ళి భక్తితో వంగి నమస్కరించి జూదపు వార్త చెబుతున్న ప్రాతికామి [sabha 19 (story)],నన్నయ పాఠంలో అతను ద్రౌపదికి వినయంగా నమస్కరిస్తాడు — దుష్టునిగా చూపకూడదు. దుశ్శాసనుడు వేరే.
to do,veda.png,veda,వేదుడు,,"ఆయోదధౌమ్యుని శిష్యుడు, ఉదంకుని గురువు",sages & teachers,2,sage,male,not stated in our sources [—],not stated in our sources [—],none stated [—],"third disciple of Ayoda-Dhaumya (with Upamanyu and Aruni); served long in his guru's house and won all knowledge by the guru's grace [Ganguli Adi III (vyasa, adi 8)]; as a householder-teacher never burdened his own pupils; Janamejaya and Paushya appointed him their teacher; Uttanka/Udanka was his pupil [Ganguli Adi III (vyasa, adi 8, adi 9)]; NOT in Nannaya: in the Telugu text Udanka is a disciple of Paila, and the Dhaumya-disciple stories are omitted [adi 8 (story, note); adi 9 (note)]","leaving on a sacrificial errand and entrusting the whole household to his pupil Uttanka [Ganguli Adi III (vyasa, adi 9)]",Veda exists only in the Vyasa boxes (Ganguli Adi III). In Nannaya's telling he does not appear — label any portrait 'from Vyasa'. No physical description.
to do,bali.png,bali,బలి,,అసుర చక్రవర్తి,others,2,demon/rakshasa,male,not stated in our sources [],not stated in our sources [],not stated in our sources [],not stated in our sources [],"Son of Virochana, father of Banasura; among the daitya-danava chiefs who serve Varuna in his hall. [adi 31 (story); sabha 3 (story)]","The asura Bali appears only in genealogy and in Varuna's hall. Separately, adi 52 has a human 'Bali, a king' who rescues the blind sage Dirghatamas from the Ganga (caption: 'బలి రాజు') — whose queen is Sudeshna. Our text does not say this king is the asura; do not merge them."
to do,turvasu.png,turvasu,తుర్వసుడు,,యయాతి దేవయానుల రెండవ కుమారుడు,others,2,prince,male,not stated in our sources [—],not stated in our sources [—],not stated in our sources [—],"యయాతి దేవయానుల రెండవ కొడుకు [adi 33, adi 37 (story)]; తండ్రి ముసలితనం తీసుకోవడానికి నిరాకరించి శాపం పొందాడు — సంతతి కిరాతులకు రాజులవుతారు (నన్నయ); వ్యాసునిలో తుర్వసుని సంతతి యవనులు [adi 39 (story; Vyasa, Ganguli Adi LXXXV)]","అన్న యదువుతో, తమ్ముళ్ళతో కలిసి తండ్రి యయాతి ముసలితనాన్ని తీసుకోవడానికి నిరాకరించడం [adi 39 (story)]",మూలంలో ఏ శరీర వివరాలూ లేవు; సమూహ దృశ్యంలోనే వస్తాడు.
to do,druhyu.png,druhyu,ద్రుహ్యుడు,,యయాతి శర్మిష్ఠల కుమారుడు,others,2,prince,male,శర్మిష్ఠ కొడుకులు యయాతి ప్రతిబింబాల లాగా ఉన్న తేజస్వులైన పిల్లలు (దేవయాని చూసినప్పుడు) [adi 38 (story)],not stated in our sources [],not stated in our sources [],"యయాతి శర్మిష్ఠల పెద్ద కొడుకు [adi 33, adi 38 (story)]; తండ్రి ముసలితనాన్ని తీసుకోనన్నందుకు శాపం — అతని సంతతి తెప్పలతో పడవలతో మాత్రమే దాటగలిగే దేశానికి రాజులు; వ్యాసునిలో అతని సంతతి భోజులు [adi 39 (story; vyasa Ganguli Adi LXXXV)]",యయాతి ముసలితనాన్ని తీసుకోమని అడిగితే 'తెలిసి ఎవరు ఎత్తుకుంటారు?' అని తిరస్కరించడం [adi 39 (story)],"మొదట పసిపిల్లవాడుగా (adi 38), తరువాత యువకుడుగా (adi 39)."
to do,anu.png,anu,అనువు,,యయాతి శర్మిష్ఠల కుమారుడు,others,2,prince,male,not stated in our sources [],not stated in our sources [],not stated in our sources [],"యయాతి శర్మిష్ఠల రెండో కొడుకు (ద్రుహ్యుడు, అనువు, పూరుడు) [adi 38 (story)]; తండ్రి ముసలితనాన్ని తీసుకోవడానికి నిరాకరించి ముసలితనాన్ని నిందించాడు; శాపం — అతని సంతతి యవ్వనంలోనే చనిపోతారు. Vyasa: అనువు సంతతి మ్లేచ్ఛులు [adi 39 (story; vyasa Ganguli Adi Parva Sec LXXXV)]",ముసలి యయాతి ఎదుట 'నెరసిన జుట్టు ఉంటే యువతులు దగ్గరకు రానివ్వరు; మీ ముసలితనం మేము తీసుకోలేము' అని నిరాకరిస్తున్న నలుగురు అన్నలలో ఒకడు [adi 39 (story)],మన పాఠంలో సోదరులతో కలిసి మాత్రమే కనిపిస్తాడు; ఒంటరి రూప వివరం లేదు.
to do,prabhasa.png,prabhasa,ప్రభాసుడు,ద్యౌ,"ఎనిమిదవ వసువు, వసిష్ఠుని ఆవును దొంగిలించినవాడు; భీష్మునిగా పుట్టినవాడు",gods,2,god,male,not stated in our sources [—],not stated in our sources [—],"leads away Vasishtha's cow Nandini (with her calf in Vyasa) [adi 45 (caption, story); Ganguli Adi XCIX (vyasa)]","the eighth Vasu; his wife wanted Nandini for her friend Jitavati, daughter of King Ushinara; his brothers urged him on [adi 45 (story)]; cursed by Vasishtha to live long on earth without offspring — born as Bhishma, carrying a fourth-part of each Vasu, 'broad-shouldered, long-lived' [adi 45, adi 46 (story; note Nannaya 4.131), adi 50 (story)]; father of Vishvakarma by Yogasiddhi, Brihaspati's sister [adi 31 (story)]; named Dyu (Ganguli 'Dyu') in Vyasa [Ganguli Adi XCIX (vyasa, adi 32, adi 45)]","driving Nandini away from Vasishtha's hermitage by the cave of Mount Meru, his wife and the other Vasus behind him [adi 45 (caption)]","A celestial Vasu with his wife; no appearance given. Nannaya/Telugu: Prabhasa; Vyasa: Dyu. Do not confuse with Prabhasa tirtha (a place, adi 104–105)."
to do,mahabhisha.png,mahabhisha,మహాభిషుడు,,ఇక్ష్వాకు రాజు; శాపంతో శంతనునిగా పుట్టినవాడు,Kuru elders,2,king,male,Handsome — Ganga remembers his 'beauty of form' (రూపసౌందర్యం) [adi 46 (story)],not stated in our sources [],not stated in our sources [],not stated in our sources [],"In Brahma's hall, when wind lifts Ganga's garment, all gods turn their faces away; Mahabhisha alone keeps gazing at her with desire. [adi 46 (story); adi 46 (caption)]",An Ikshvaku king who reached heaven by 1000 ashvamedhas and 100 rajasuyas; cursed by Brahma to be born a man; reborn as Shantanu. After the curse he joins both hands in fear.
to do,kripi.png,kripi,కృపి,,"కృపుని చెల్లెలు, ద్రోణుని భార్య, అశ్వత్థామ తల్లి",sages & teachers,2,sage's wife,female,పసిబిడ్డగా రెల్లు పొద దగ్గర కృపునితో పాటు దొరికింది; ఎదిగిన రూపం not stated in our sources [adi 66 (story; caption)],not stated in our sources [—],"దొరికిన చోట పక్కనే విల్లు, బాణాలు, నల్లని జింక చర్మం (తండ్రి శరద్వంతుడు వదిలినవి) [adi 66 (story; caption)]","తల్లి గర్భం లేకుండా శరద్వంతుని వీర్యం రెల్లు పొద మీద పడి రెండు భాగాలై పుట్టిన కవలలలో ఆడబిడ్డ [adi 66 (story)]; శంతనుడు కృపతో (దయతో) పెంచాడు కనుక కృపి; కృపుని చెల్లెలు, ద్రోణుని భార్య, అశ్వత్థామ తల్లి [adi 66 (story; Vyasa, Ganguli Adi CXXXI)]","రెల్లు పొద దగ్గర విల్లు, బాణాలు, జింక చర్మం పక్కన అన్న కృపునితో కలిసి పసిబిడ్డగా శంతనుని సైనికునికి దొరకడం [adi 66 (story; caption)]",పెద్దయిన తరువాత ఆమె రూపం గురించి మూలంలో ఏమీ లేదు; ద్రోణుని పేద సంసారంలో భార్య (adi 67).
to do,kauravas.png,kauravas,కౌరవులు,ధార్తరాష్ట్రులు,ధృతరాష్ట్రుని నూరుగురు కుమారులు,Kaurava side,2,prince,male,"not stated in our sources (సమూహంగా రూపవర్ణన లేదు); వ్యాసుని వరం — బలంలోనూ గుణాలలోనూ తండ్రికి సమానులైన నూరుగురు [adi 60 (vyasa, Ganguli Adi CXV)]","అస్త్ర ప్రదర్శనలో రాకుమారుల ఎర్రని వేషం [adi 71 (note, Nannaya 6.11)]","గదలు, బాణాలు — ద్రోణుని దగ్గర అస్త్రశస్త్రాలు నేర్చారు; ద్రుపదునిపై సూర్యకిరణాలు కనబడనంత దట్టంగా బాణాలు వేశారు [adi 71, adi 74 (story)]","ఒక మాంసపు ముద్ద నుండి నెయ్యి కుండలలో పుట్టిన నూరుగురు; దుర్యోధనుడు పెద్దవాడు, రోజుకొకరుగా పుట్టారు; దుర్యోధనుడు పుట్టినప్పుడు నక్కల ఊళలు, గాడిదల ఓండ్రలు, అపశకునాలు [adi 60, adi 61 (story, caption)]; వ్యాసుని మాట — క్రూరులు, ధర్మాన్ని వదిలినవాళ్ళు, కారణం లేకుండా పగ పెంచుకునేవాళ్ళు [adi 64 (story)]","దుర్యోధన దుశ్శాసనులు ముందుండగా నూరుగురూ హస్తినాపుర రాజభవనం ఎదుట శతశృంగం నుండి వచ్చిన కుంతి పాండవులకు ఎదురు వెళ్ళడం [adi 64 (story, caption)]","నన్నయ ఇచ్చిన నూరుగురి పేర్లలో 'కర్ణ', 'జరాసంధ', 'దుశ్శల' అనే పేర్ల కొడుకులు ఉన్నారు — వీరు సూర్యపుత్రుడు కర్ణుడు, మగధ జరాసంధుడు, కూతురు దుశ్శల కాదు (adi 61). యుయుత్సుడు వైశ్య స్త్రీ కొడుకు — గాంధారి నూరుగురిలో కాదు."
to do,devala.png,devala,దేవలుడు,అసిత దేవలుడు,"మహర్షి, ధౌమ్యుని అన్న",sages & teachers,2,sage,male,not stated in our sources [],not stated in our sources [],not stated in our sources [],అసితుడైన దేవలుడు; వ్యాసుని ఆజ్ఞతో పితృలోకంలో భారతాన్ని వినిపించాడు [adi 3 (story; vyasa Ganguli Adi Parva Sec I)]; వసువు ప్రత్యూషుని కొడుకైన ఋషి [adi 31 (story)]; ధౌమ్యుని అన్న [adi 93 (story; vyasa Ganguli Adi Parva Sec CLXXXV)]; సత్యవతిని అడిగినా దాశరాజు ఇవ్వలేదు [adi 50 (story)]; 'ధర్మంగా ఆడిన జూదంలో గెలవడం ధర్మయుద్ధంలో గెలిచినంత పుణ్యం' అనే మాట ఆయనది [sabha 17 (story)],పితృదేవతలకు భారత కథను వినిపిస్తున్న అసిత దేవలుడు [adi 3 (story)],మన పాఠంలో రూపవర్ణన లేదు; ఇతరుల మాటల్లోనూ పేర్ల జాబితాల్లోనూ మాత్రమే కనిపిస్తాడు.
to do,sanjaya.png,sanjaya,సంజయుడు,,"ధృతరాష్ట్రుని సారథి, మంత్రి",Kaurava side,2,attendant,male,not stated in our sources [—],not stated in our sources [—],none stated [—],"Dhritarashtra's confidant, who hears his long lament and consoles him with the stories of great kings and the power of Time [adi 4 (caption; vyasa Ganguli Adi I)]; goes as envoy (సంజయుని రాయబారము) in the Udyoga Parva (summary only) [adi 5 (story)]; rebukes Dhritarashtra after the exile: 'why grieve now?' [sabha 24 (story; note Nannaya 2.312–2.313); Ganguli Sabha LXXXI (vyasa)]; in Vyasa, at the Rajasuya he returns honours to visiting kings [Ganguli Sabha XXXV (vyasa, sabha 10)]","in the empty Hastinapura palace after the war, listening as the blind king Dhritarashtra pours out his grief [adi 4 (caption)]",Our Adi/Sabha text does not call him charioteer or describe him; he appears as the king's confidant/counsellor. No physical detail.
to do,jamadagni.png,jamadagni,జమదగ్ని,,పరశురాముని తండ్రి,sages & teachers,2,sage,male,"Old (ముసలి జమదగ్ని), in tapas, not fighting [adi 6 (Vyasa: Ganguli, Vana Parva, Sections CXVI–CXVII)]",not stated in our sources [],not stated in our sources [],"Killed by arrows of Kartavirya Arjuna's kinsmen while Parashurama was away [adi 6 (Vyasa: Ganguli, Vana Parva, Sections CXVI–CXVII)]","Shot with arrows in his hermitage, helplessly calling 'Rama!' again and again. [adi 6 (Vyasa: Ganguli, Vana Parva, Sections CXVI–CXVII)]","In Nannaya he is only named: son of Richika, father of four sons, youngest Parashurama (adi 31); his killing is mentioned as the cause of Parashurama's wrath (adi 52). The death scene is only in the Vyasa box."
to do,shrutasena.png,shrutasena,శ్రుతసేనుడు,,"పరీక్షిత్తు కుమారుడు, జనమేజయుని తమ్ముడు",Pandava side,2,prince,male,not stated in our sources [—],not stated in our sources [—],not stated in our sources [—],"పరీక్షిత్తు కొడుకు, జనమేజయుని ముగ్గురు తమ్ముళ్ళలో ఒకడు (శ్రుతసేన, భీమసేన, ఉగ్రసేనులు) [adi 7 (story)]","జనమేజయుని సత్రయాగ స్థలంలో ఆడుకుంటూ తిరుగుతున్న సరమ కొడుకు కుక్కపిల్ల సారమేయుని అన్నదమ్ములతో కలిసి కోపంతో కొట్టడం [adi 7 (story; Vyasa, Ganguli Adi III)]","ఈ పేరుతో మరికొందరు ఉన్నారు — సహదేవుని కొడుకు శ్రుతసేనుడు (adi 44, 106), నితంతుని కొడుకు (adi 99), adi 93 జాబితాలోని శ్రుతసేనుడు, కుంతి చెల్లెలు శ్రుతసేన (adi 59). ఇక్కడి పాత్ర పరీక్షిత్తు కొడుకు మాత్రమే. కుక్కపిల్ల ఏ తప్పూ చేయలేదు — కారణం లేని హింసకు కారణం లేని ఆపద అనేదే ఆ ఘట్టపు భావం."
to do,ugrasena-j.png,ugrasena-j,ఉగ్రసేనుడు,,"పరీక్షిత్తు కుమారుడు, జనమేజయుని తమ్ముడు",Pandava side,2,prince,male,not stated in our sources [],not stated in our sources [],not stated in our sources [],"జనమేజయుని ముగ్గురు తమ్ముళ్ళలో ఒకడు (శ్రుతసేనుడు, భీమసేనుడు, ఉగ్రసేనుడు); కురుక్షేత్ర సత్రయాగంలో సరమ కొడుకైన కుక్కపిల్లను కొట్టినవారిలో [adi 7 (story; vyasa Ganguli Adi III)]",అన్నగారి సత్రయాగంలో తమ్ముళ్ళతో కలిసి కోపంతో కుక్కపిల్లను కొట్టడం [adi 7 (story)],"ఆది 31 (గంధర్వుడు), ఆది 32 (స్వర్భానుని అంశ), ఆది 61 (కౌరవుడు)లోని ఉగ్రసేనులు వేరే వ్యక్తులు."
to do,ashvins.png,ashvins,అశ్వినీ దేవతలు,అశ్వినులు,"దేవ వైద్యులైన కవలలు, నకుల సహదేవుల తండ్రులు",gods,2,god,male,"జంట దేవతలు — కవలలు [adi 63 (vyasa, Ganguli Adi Parva Sec CXXIV)]; ముఖం, రంగు, దుస్తులు not stated in our sources []",not stated in our sources [],"Vyasa: ఉపమన్యువుకు ఒక అప్పము ఇచ్చారు [adi 8 (vyasa, Ganguli Adi Parva Sec III)]","దేవతల వైద్యులు; ఉపమన్యువుకు చూపు తిరిగి ఇచ్చారు [adi 8 (vyasa, Ganguli Adi Parva Sec III)]; ఆడగుర్రం రూపం ధరించిన త్వష్ట కూతురికి సవిత వల్ల పుట్టారు [adi 31 (story)]; మాద్రికి నకుల సహదేవులను ప్రసాదించారు; 'లోకాలన్నిటికీ మేలు చేసేవారు' [adi 63 (story)]",మాద్రి తలచుకోగానే వచ్చి కవల కొడుకులను ప్రసాదిస్తున్న జంట దేవతలు [adi 63 (story; vyasa Ganguli Sec CXXIV)],గుర్రపు తలలు మన పాఠంలో లేవు — తల్లి ఆడగుర్రం రూపంలో ఉందని మాత్రమే ఉంది (adi 31). ఇద్దరినీ ఒకేలాంటి జంటగా చూపాలి.
to do,ghritachi.png,ghritachi,ఘృతాచి,,"అప్సరస, ప్రమతి భార్య, రురువు తల్లి",gods,2,gandharva/apsara,female,not stated in our sources [—],in the Bharadvaja episode her saree (చీర) is blown away by a strong wind while she bathes in the Ganga [adi 66 (story)],none stated [—],"an apsara born together with the amrita; wife of Pramati and mother of Ruru [adi 13 (story; note Nannaya)]; born of Kapila along with amrita, cows, Brahmins and other apsaras [adi 31 (story)]; an apsara named Ghritachi playing in the Ganga is the one whose sight leads to Drona's birth [adi 66 (story)]; among the apsaras in Kubera's hall [sabha 3 (story)]",playing in the waters of the Ganga at Gangadvara when the wind lifts her saree and the sage Bharadvaja sees her [adi 66 (story)],The text uses the same name (Ghritachi) in both the Pramati/Ruru line and the Bharadvaja/Drona episode; it does not say explicitly they are the same apsara. No description of her looks.
to do,karkotaka.png,karkotaka,కర్కోటకుడు,,ఉచ్చైఃశ్రవసు తోకను నల్లగా చేసిన నాగుడు,others,2,naga,male,not stated in our sources [],not stated in our sources [],not stated in our sources [],not stated in our sources [],"Fearing his mother's curse, he goes in the form she told and hangs on to the white horse Ucchaihshravas' tail so it looks black. [adi 18 (story); adi 18 (caption)]",The horse is pure white; Karkotaka makes the tail look black. Text does not state his own colour or size. Son of Kadru.
to do,valakhilyas.png,valakhilyas,వాలఖిల్యులు,,బొటనవేలంత ఋషులు,sages & teachers,2,sage,male,"బొటనవేలంత దేహాలు గల ఋషుల గుంపు [adi 20 (story; Vyasa, Ganguli Adi XXXI)]; ఎడతెగని ఉపవాసాలతో చిక్కిపోయినవారు [adi 20 (story; Vyasa)]; చెట్టు కొమ్మను పట్టుకుని తలకిందులుగా వేలాడుతూ, సూర్యకిరణాలనే ఆహారంగా తీసుకుంటూ తపస్సు [adi 20 (story)]",not stated in our sources [—],"కశ్యపుని యాగానికి చిన్న చిన్న దర్భల, మోదుగ కట్టెల మోపులు (వ్యాసునిలో అందరూ కలిసి ఒకే మోదుగ ఆకు తొడిమ) మోస్తూ వణికిపోతున్నారు [adi 20 (story; Vyasa, Ganguli Adi XXXI)]","ఇంద్రుడు వారిని చూసి నవ్వాడు (వ్యాసునిలో వారి తలల మీదుగా దాటాడు) — 'రెండవ ఇంద్రుడు' పుట్టాలని హోమం చేశారు; వారి తపస్సుతో గరుడుడు పుట్టాడు [adi 20 (story; Vyasa)]; వ్యాసునిలో దారిలో ఆవు గిట్ట గుంటలోని నీటిలో మునిగి బాధపడ్డారు [adi 20 (Vyasa, Ganguli Adi XXXI)]","గరుడుని ముక్కున ఉన్న విరిగిన రోహిణ వృక్షపు కొమ్మకు తలకిందులుగా వేలాడుతున్న మునులు — అతని గోళ్ళలో ఏనుగు, తాబేలు [adi 20 (story; caption)]","వందల సంఖ్యలో చిన్న మునులు; పరిమాణం బొటనవేలంత అనేది తప్పనిసరి. ఒక్కొక్కరి పేర్లు, రూపాలు మూలంలో లేవు."
to do,elapatra.png,elapatra,ఏలాపత్రుడు,ఏలాపుత్రుడు,బ్రహ్మ మాట విన్న నాగుడు,others,2,naga,male,not stated in our sources [],not stated in our sources [],not stated in our sources [],"వాసుకి తమ్ముడు (నన్నయలో పేరు ఏలాపుత్రుడు; వ్యాసునిలో ఏలాపత్రుడు) [adi 22 (story; vyasa Ganguli Adi XXXVIII; note)]; కద్రువ శాపం రోజు తల్లి ఒడిలో నిద్రపోతున్నట్టు నటిస్తూ పడుకుని బ్రహ్మ మాటలు విన్నాడు [adi 18, adi 22 (story)]",నాగసభలో బ్రహ్మ మాట (జరత్కారు కొడుకు ఆస్తీకుడు నాగులను కాపాడతాడు) చెప్పగా వాసుకి మొదలైన నాగశ్రేష్ఠులు సంతోషించి అతనిని పైకెత్తి కొనియాడడం [adi 22 (story)],రూపం మా మూలాల్లో లేదు.
to do,kuru.png,kuru,కురువు,,సంవరణ తపతుల కుమారుడు,Kuru elders,2,king,male,not stated in our sources [],not stated in our sources [],"Vyasa (శల్య పర్వం): నాగలితో కురుక్షేత్రాన్ని ఎన్నో ఏళ్ళు దున్నాడు [adi 6, adi 44 (vyasa, Ganguli Shalya Parva Sec LIII)]","సంవరణ తపతుల కొడుకు; కురు వంశానికి మూలం — అతని పేరు మీదే కౌరవులు [adi 89 (story); adi 44 (story)]; Vyasa: ధర్మాత్ముడు కాబట్టి ప్రజలే సింహాసనం మీద కూర్చోబెట్టారు; అతని పేరు మీదే కురుజాంగలము, కురుక్షేత్రము [adi 44 (vyasa, Ganguli Adi Parva Sec XCIV); adi 6 (vyasa)]","ఇంద్రుడు మళ్ళీ మళ్ళీ వచ్చి ఎగతాళి చేసినా నిరుత్సాహపడకుండా కురుక్షేత్రాన్ని దున్నుతున్న రాజర్షి కురువు [adi 44 (vyasa, Ganguli Shalya Parva Sec LIII)]",దున్నే కథ వ్యాస పెట్టెలో (శల్య పర్వం) మాత్రమే; నన్నయలో వంశకర్తగా పేరు మాత్రమే. రూపం చెప్పబడలేదు.
to do,sunanda.png,sunanda,సునంద,,"ప్రతీపుని రాణి, శంతనుని తల్లి",Kuru elders,2,queen,female,not stated in our sources [—],not stated in our sources [—],none stated [—],"daughter of Shibi; queen of Pratipa; mother of Devapi, Shantanu and Bahlika (Nannaya 4.114) [adi 44 (story, note)]; 'Sunandadevi' — with Pratipa long performed vows at holy tirthas for a son [adi 47 (story; note Nannaya 4.139)]","with King Pratipa at the holy tirthas, keeping Vedic vows and austerities for a son [adi 47 (story)]","Other queens named Sunanda appear in the genealogy (a Kekaya princess, wife of Sarvabhauma/Bharata, adi 41, adi 44) — different women. No description."
to do,sudeshna-b.png,sudeshna-b,సుదేష్ణ,,బలి రాణి,others,2,queen,female,not stated in our sources [],not stated in our sources [],not stated in our sources [],not stated in our sources [],"Sent a second time to the blind old sage Dirghatamas, who touches all her limbs and blesses her with a son, Anga. [adi 52 (story)]","Queen of the king Bali who rescued Dirghatamas from the Ganga — Nannaya presents this Bali as a human king at the Ganga, not as an asura. First time she sent her nurse's daughter, who resembled her and was slim-waisted. Do not confuse with the Sudeshna among Gandhari's co-brides (adi 55)."
to do,mandavya.png,mandavya,మాండవ్యుడు,అణి మాండవ్యుడు,యమునికి శాపమిచ్చిన ముని,sages & teachers,2,sage,male,"బ్రహ్మర్షి; ఆశ్రమ ద్వారం దగ్గర చెట్టు మొదట్లో చేతులు పైకెత్తి మౌనవ్రతంలో తపస్సు చేసేవాడు [adi 54 (story; Vyasa, Ganguli Adi CVII)]; ముఖ, వయసు వివరాలు not stated in our sources [—]",ముని వేషం — వివరాలు not stated in our sources [adi 54 (story)],శూలం — నగరం వెలుపల శూలానికి గుచ్చబడ్డాడు [adi 54 (story)],"శూలపు ముక్క ('ఆణి') మెడ పక్కభాగంలో శరీరంలోనే ఉండిపోయింది — అందుకే 'ఆణి మాండవ్యుడు' [adi 54 (story; Vyasa, Ganguli Adi CVIII)]; ప్రచండ కోపం గలవాడు (నన్నయ 'చండకోపుఁడు'); యముని శపించి విదురునిగా పుట్టించినవాడు [adi 54 (story; note); adi 32 (story)]",శూలం మీద ఉండి కూడా శాంతంగా తపస్సు చేస్తుండగా రాత్రి పక్షుల రూపంలో వచ్చి పలకరిస్తున్న మహర్షులతో 'దీనికి రాజునో భటులనో తప్పు పట్టను' అనడం [adi 54 (story; caption)],నన్నయలో యముడు చెప్పిన బాల్యపు పాపం: తూనీగలను ముళ్ళకు గుచ్చడం; వ్యాసునిలో చిన్న పురుగును గడ్డి పరకపై. నన్నయ వయోపరిమితి పద్నాలుగేళ్ళు; వ్యాసునిలో పన్నెండేళ్ళ ప్రస్తావన కూడా. శూల దృశ్యం మూలంలో ఉన్నట్టే — బాధలోనూ ప్రశాంతత.
to do,durvasa.png,durvasa,దుర్వాసుడు,,కుంతికి మంత్రం ఇచ్చిన మహర్షి,sages & teachers,2,sage,male,not stated in our sources [],not stated in our sources [],not stated in our sources [],"సిద్ధుడైన ముని, కోపానికి పేరుపడినవాడు; వ్యాసునిలో 'కఠిన వ్రతుడు' [adi 56 (story; vyasa Ganguli Adi CXI)]; శివుని అంశ (శివుని మాట) [adi 107 (vyasa, Ganguli Adi CCXXV)]; శ్వేతకి సత్రాన్ని ఋషుల సమూహంతో ఋత్విక్కుగా జరిపించాడు [adi 107 (story)]","కుంతిభోజుని ఇంట అతిథిగా వచ్చి, పృథ సేవకు మెచ్చి ఆమెకు దేవతలను పిలిచే దివ్యమంత్రం ఉపదేశించడం [adi 56 (story)]","శకుంతల కథలో దుర్వాసుని శాపం (కాళిదాసు) నన్నయలో, వ్యాసునిలో లేదు (adi 42/43 note) — అక్కడ చూపవద్దు. రూపం మా మూలాల్లో లేదు."
to do,adhiratha.png,adhiratha,అధిరథుడు,,కర్ణుని పెంచిన సూతుడు,others,2,attendant,male,"Vyasa: రంగంలోకి వణుకుతూ, చెమటలు కారుతూ వచ్చాడు — వృద్ధుడు, కర్ర మీద ఆనుకుని [adi 73 (vyasa, Ganguli Adi Parva Sec CXXXIX)]; నన్నయ: కొడుకు తల మూర్కొని ఆనందబాష్పాలతో తడిపాడు [adi 73 note (Nannaya 6.52–6.53)]","Vyasa: పైవస్త్రం వదులుగా జారిపోతూ [adi 73 (vyasa, Ganguli Adi Parva Sec CXXXIX)]",Vyasa: కర్ర (ఆనుకోవడానికి); నన్నయ: రథం దిగి వచ్చాడు [adi 73 (vyasa; note 6.52)],"కర్ణుని పెంచిన తండ్రి, సారథి (సూతుడు); Vyasa: ధృతరాష్ట్రుని మిత్రుడు, భార్య రాధ; గంగలో తేలుతున్న పెట్టె తెరిచి బాలుని పొందాడు [adi 73 (story); adi 56 (vyasa, Ganguli Vana Parva Sec CCCVI–CCCVII)]","అభిషేకపు నీళ్ళు ఆరని తలతో నమస్కరిస్తున్న కర్ణుని తల మూర్కొని ఆనందబాష్పాలతో తడుపుతున్న అధిరథుడు [adi 73 (story, caption; note 6.52–6.53)]","వృద్ధుడు, కర్ర, జారే పైవస్త్రం — ఇవి వ్యాస పెట్టె నుండి; నన్నయలో రథం దిగి రావడం. పేద/సామాన్య సూతునిగా — రాజవేషం కాదు."
to do,kuntibhoja.png,kuntibhoja,కుంతిభోజుడు,,కుంతిని పెంచిన రాజు,others,2,king,male,not stated in our sources [—],not stated in our sources [—],none stated [—],"childless king, son of Shura's paternal aunt (Shura's cousin and friend); receives Shura's eldest daughter Pritha and raises her as Kunti [adi 56 (story); Ganguli Adi CXI (vyasa)]; holds the swayamvara at which Kunti chooses Pandu [adi 57 (caption, story)]; honours Sahadeva during the southern conquest [sabha 9 (story)]","his swayamvara hall, where among the kings Kunti places the garland on Pandu [adi 57 (caption)]",Hospitality is the mark of his house — he sets Pritha to feed Brahmins and guests (adi 56). No physical detail in our text.
to do,shvetaketu.png,shvetaketu,శ్వేతకేతుడు,శ్వేతకేతువు,ఉద్దాలకుని కుమారుడు,sages & teachers,2,sage,male,not stated in our sources [],not stated in our sources [],not stated in our sources [],not stated in our sources [],"Seeing a Brahmin take his mother by the hand before his father, he blazes with anger and lays down the rule of marital fidelity. [adi 59 (story); adi 59 (Vyasa: Ganguli, Adi Parva, Section CXXII)]",Son of Uddalaka. In Nannaya the Brahmin is 'old' (ముసలి బ్రాహ్మణుడు) and asks his mother for a son. Shvetaketu is called 'equal to Brahma'.
to do,bharadvaja.png,bharadvaja,భరద్వాజుడు,,"మహర్షి, ద్రోణుని తండ్రి",sages & teachers,2,sage,male,not stated in our sources [—],not stated in our sources [—],ద్రోణి (కలశము) — అందులో భద్రపరిచిన వీర్యం నుండి ద్రోణుడు పుట్టాడు [adi 66 (story); adi 32 (story)]; ఆగ్నేయాస్త్ర పరంపరలో ఒకడు (నన్నయ: బృహస్పతి → భరద్వాజుడు → భార్గవుడు) [adi 88 (story; note 7.45)],"గంగాద్వారం దగ్గర తపస్సు చేసే మహర్షి; సత్పురుషులు పొగిడే నడవడి గలవాడు [adi 66 (story; note 5.194)]; పాంచాల రాజు పృషతుని మిత్రుడు; బాలుడైన ద్రుపదుడు అతని ఆశ్రమంలో ద్రోణునితో కలిసి పెరిగాడు [adi 66 (story; Vyasa, Ganguli Adi CXXXI)]",గంగలో స్నానానికి వెళ్ళినప్పుడు జలక్రీడలాడుతున్న ఘృతాచి చీర పెనుగాలికి తొలగగా చూసి వీర్యం స్ఖలించడం; దానిని కలశంలో భద్రపరచడం [adi 66 (story)],ద్రోణుని తండ్రి; తల్లి గర్భం లేకుండా కలశంలో పుట్టిన కొడుకు. రూపం మూలంలో లేదు.
to do,airavata.png,airavata,ఐరావతుడు,,వాసుకి తమ్ముడైన నాగుడు,others,2,naga,male,not stated in our sources [],not stated in our sources [],not stated in our sources [],వాసుకి తమ్ముడు — వాసుకి నాగసభకు పిలిపించినవారిలో [adi 22 (story)]; ఐరావత వంశపు ఘోర నాగరాజులు — దేవ మనుష్య లోకాలలో తిరుగుతూ అపారమైన విషాగ్నితో శత్రువులను కాల్చేవారు; ఉలూపి తండ్రి కౌరవ్యుడు ఈ వంశం [adi 10 (story); adi 104 (story)]; వరుణుని సేవించే నాగరాజులలో వాసుకితో కలిసి [sabha 3 (story)],కద్రువ శాపం గురించి దిగులుతో వాసుకి పిలిచిన నాగసభలో [adi 22 (story)],"ఇది నాగుడు — సముద్ర మథనంలో పుట్టిన ఇంద్రుని ఏనుగు ఐరావతం (adi 17, నాలుగు తెల్లని దంతాలు — Ganguli Adi XVIII) వేరు. రెండింటినీ కలపవద్దు."
to do,vayu.png,vayu,వాయుదేవుడు,వాయువు,కుంతికి భీముని ప్రసాదించిన దేవుడు,gods,2,god,male,not stated in our sources [],not stated in our sources [],not stated in our sources [],"కుంతి ఆరాధించగా ఆయన అనుగ్రహంతో భీముడు పుట్టాడు; భీముడు తలచుకుంటే బలం ఇస్తాడు [adi 61 (story); sabha 7 (story)]; ఇంద్రుని ఆజ్ఞతో గరుడుని రెక్కల దుమ్మును ఊదేశాడు; Vyasa: మేనక వస్త్రాలను ఎగరేసుకుపోయాడు [adi 21 (story); adi 41 (vyasa, Ganguli Adi Parva Sec LXXI–LXXII)]",జరాసంధునితో పోరులో తండ్రి వాయువును మనసులో తలచుకోగా భీమునికి మరింత బలం ఇస్తున్న వాయుదేవుడు [sabha 7 (story)],మన పాఠంలో వాయువుకు రూపవర్ణన లేదు — గాలిగా పనిచేసే దేవుడు. జింక వాహనం వంటి వివరాలు పాఠంలో లేవు.
to do,prahlada.png,prahlada,ప్రహ్లాదుడు,,హిరణ్యకశిపుని కొడుకు,others,2,demon/rakshasa,male,"not stated in our sources; an elder (father of Virochana) when he judges the dispute [sabha 21 (story)]; in Vyasa: trembles 'like a peepal leaf' before going to Kashyapa [Ganguli Sabha LXVIII (vyasa, sabha 21)]",not stated in our sources [—],none stated [—],"eldest of Hiranyakashipu's five sons; father of Virochana, Kumbha and Nikumbha [adi 31 (story)]; a Daitya lord who serves Varuna in his hall [sabha 3 (story)]; judges truly against his own son: Sudhanva is greater than Virochana [sabha 21 (story; Ganguli Sabha LXVIII vyasa)]","asked to judge between his son Virochana and the Brahmin Sudhanva (who wagered their lives), he sets aside love for his son and declares Sudhanva the greater [sabha 21 (story)]","Type: a Daitya (asura) king, closest category demon/rakshasa — but portrayed as righteous (ధర్మబుద్ధి). The child-devotee legend is NOT in our text. No physical detail."
to do,devaki.png,devaki,దేవకి,,శ్రీకృష్ణుని తల్లి,others,2,queen,female,not stated in our sources [],not stated in our sources [],not stated in our sources [],not stated in our sources [],"In private council with Vasudeva, Pradyumna, Samba, Sankarshana, Sarana and Satyaki when told Arjuna is present and Subhadra loves him. [adi 105 (story)]","In Vyasa (adi 99, Ganguli Sec. CXCIX) Vishnu's portions enter the wombs of Devaki and Rohini of the Yadu line. No physical description anywhere in our text."
to do,rukmini.png,rukmini,రుక్మిణి,,లక్ష్మి అంశతో పుట్టిన శ్రీకృష్ణుని భార్య,others,2,queen,female,not stated in our sources [—],not stated in our sources [—],not stated in our sources [—],"లక్ష్మి అంశతో పుట్టింది [adi 32 (story)]; కృష్ణుని భార్య; రైవతక పర్వతానికి కృష్ణునితో వెళ్ళింది; యతి వేషంలో ఉన్నది అర్జునుడని కృష్ణుడు సత్యభామకూ ఆమెకూ మాత్రమే రహస్యంగా చెప్పాడు [adi 105 (story)]; శిశుపాలుడు ఒకప్పుడు కోరుకున్న కన్య (కృష్ణుని మాటల్లో) [sabha 13 (Vyasa, Ganguli Sabha XLV)]","సుభద్రార్జునుల వివాహంలో అరుంధతి, శచీదేవి, సత్యభామలతో, అప్సరసలతో కలిసి ముత్తైదువుల పనులు నిర్వహించడం [adi 105 (story)]",రూపం మూలంలో లేదు; యతి వేషంలోని అర్జునుని భోజన ఏర్పాట్లు చూడడానికి కృష్ణుడు ఆమెనే పంపాడు (adi 105).
to do,devapi.png,devapi,దేవాపి,,"ప్రతీపుని పెద్ద కొడుకు, తపోవనానికి వెళ్ళినవాడు",Kuru elders,2,prince,male,"తేజస్వి [adi 44 (vyasa, Ganguli Udyoga CXLIX)]; అవయవ లోపం ఉన్నవాడు — అందుకే బ్రాహ్మణులు, పౌరులు అతని పట్టాభిషేకాన్ని అడ్డుకున్నారు (వ్యాసుని ఉద్యోగ పర్వం) [adi 44 (vyasa, Ganguli Udyoga CXLIX)]",not stated in our sources [],not stated in our sources [],"ప్రతీపుని పెద్ద కొడుకు (తల్లి సునంద); బాల్యంలోనే తపోవనానికి వెళ్ళిపోయాడు — అందుకే శంతనుడు రాజయ్యాడు [adi 44 (story; vyasa Ganguli Adi XCIV, XCV)]; ధర్మాత్ముడు, సత్యవాది, తండ్రి సేవలో; పౌరులకు ప్రియుడు [adi 44 (vyasa, Ganguli Udyoga CXLIX)]",తండ్రి బాధ చూసి రాజ్యం వదిలి అడవికి/తపోవనానికి వెళ్ళిపోవడం [adi 44 (story; vyasa Ganguli Udyoga CXLIX)],నన్నయలో బాలుడుగానే తపోవనానికి వెళ్ళాడు; అవయవ లోపం వ్యాసుని ఉద్యోగ పర్వంలోనే (ఏ అవయవమో ఇక్కడ చెప్పలేదు) — ప్రత్యేక లోపాన్ని ఊహించి చూపవద్దు. ఆది 32లోని 'దేవాపి' (నికుంభుని అంశ) వేరే వ్యక్తి కావచ్చు.
to do,rukmi.png,rukmi,రుక్మి,,సహదేవునికి ధనం పంపిన రాజు,others,2,king,male,not stated in our sources [],not stated in our sources [],not stated in our sources [],క్రోధవశ గణం అంశతో పుట్టిన రాజులలో ఒకడు [adi 32 (story)]; సహదేవుని దక్షిణ దిగ్విజయంలో దూతల ద్వారా ధనం పంపాడు (నన్నయ); మొదలి వచనంలో జయించబడ్డాడు [sabha 9 (story; note 1.261)]; రుక్మిణిని (మొదట శిశుపాలునికి) ఇచ్చినవాడు అని TTD వ్యాఖ్య [sabha 13 note (Nannaya 2.67)],సహదేవుని దూతలకు లెక్కలేనంత ధనం అప్పగిస్తున్న రుక్మి [sabha 9 (story)],మన పాఠంలో పేర్ల జాబితాలోనే — రూపం లేదు.
to do,nandini.png,nandini,నందిని,,వసిష్ఠుని హోమధేనువు,gods,2,animal,female,"మెత్తని రోమాలు, మెత్తని పెద్ద పొదుగు, తెల్లని మేని ఛాయ — soft hair, soft large udder, white body [adi 90 (story)]; in anger becomes unbearable to look at, like the midsummer noon sun; shakes her body and rains fire [adi 90 (story)]; described as 'this little cow' (చిన్న ఆవు) by Vasishtha [adi 90 (story)]",not stated in our sources [—],"has a calf (దూడ) — the Vasus take cow and calf (Vyasa); Vishvamitra's men seize the calf [Ganguli Adi XCIX (vyasa, adi 45); adi 90 (story); Ganguli Adi CLXXVII (vyasa)]","wish-granting homa-cow (హోమధేనువు / కామధేనువు) of Vasishtha, born of Surabhi (Daksha's daughter) and Kashyapa [adi 45 (story); Ganguli Adi XCIX, CLXXVI (vyasa)]; her milk gives ten thousand years free of age and disease [adi 45 (story)]; pours out rivers of ghee, mountains of rice, streams of curd to feed an army [adi 90 (story)]; speaks in human words to Vasishtha ('ఇది ధర్మమా?') [adi 90 (story)]; warriors spring from her tail, dung, urine and foam (Shabaras, Shakas, Yavanas, Pundras, Pulindas, Dravidas, Simhalas, Daradas, Barbaras) [adi 90 (story, caption); Ganguli Adi CLXXVII (vyasa, longer list)]","blazing like the noon sun, beaten by Vishvamitra's soldiers, as armies of warriors pour out of her body and drive his army back [adi 90 (caption, story)]",White cow. In Vyasa her armies drive Vishvamitra's men away without killing a single one (Ganguli Adi CLXXVII). In Nannaya Vasishtha stays silent; in Vyasa he speaks to her.
to do,agastya.png,agastya,అగస్త్యుడు,,అగ్నివేశునికి అస్త్రం ఇచ్చిన మహాముని,sages & teachers,2,sage,male,not stated in our sources [],not stated in our sources [],not stated in our sources [],not stated in our sources [],Gives the Brahmashira weapon out of affection to the sage Agnivesha (the line Agastya → Agnivesha → Drona → Arjuna). [adi 75 (story)],"In our text he never appears in person; he is only cited (deer-meat shraddha in Pandu's speech, adi 58; the weapon lineage, adi 75; present in Yama's hall, sabha 3). In the Vyasa box (adi 33, Ganguli Udyoga Sec. XVII) Nahusha touches Agastya's head with his foot and Agastya curses him."
to do,madayanti.png,madayanti,మదయంతి,,"కల్మాషపాదుని భార్య, అశ్మకుని తల్లి",others,2,queen,female,not stated in our sources [—],not stated in our sources [—],ఒక రాతి ముక్క (అశ్మ) — దానితో తన కడుపును తానే చీల్చుకుంది [adi 91 (story)],కల్మాషపాదుని భార్య; భర్త ఆజ్ఞతో వసిష్ఠుని వల్ల (నియోగం) గర్భవతి అయి పన్నెండేళ్ళు గర్భం మోసింది; అశ్మకుని తల్లి [adi 91 (story); adi 59 (story)]; భర్త రాక్షసుడై తిరిగిన రోజుల్లో అతనితో అడవిలో ఉంది; ఆంగిరసి శాపం సంగతి భర్తకు చెప్పినది ఆమె [adi 91 (story)],పన్నెండేళ్ళ గర్భంతో విసిగి రాతి ముక్కతో తన కడుపును చీల్చుకుని అశ్మకుని కనడం [adi 91 (story)],"రూపం గురించి ఏమీ లేదు. మొదలి వచనంలో పేరు 'దమయంతి' — నన్నయ పేరు మదయంతి వాడాలి (adi 59 note). భయంకర దృశ్యం; మూలంలో ఉన్నట్టే, మెత్తబరచకుండా."
to do,ashmaka.png,ashmaka,అశ్మకుడు,,మదయంతికి వసిష్ఠుని వల్ల పుట్టిన రాజర్షి,others,2,king,male,not stated in our sources [],not stated in our sources [],"రాతి ముక్క (అశ్మము) — తల్లి మదయంతి పన్నెండేళ్ళ గర్భాన్ని దానితో చీల్చుకోగా పుట్టాడు; పేరు దాని నుండే [adi 91 (note, Nannaya 7.131–7.132; vyasa Ganguli Adi CLXXIX)]","కల్మాషపాదుని ఆజ్ఞతో అతని భార్య మదయంతికి వసిష్ఠుని వల్ల పుట్టిన రాజర్షి [adi 59, adi 91 (story)]; తరువాత పౌదన్య నగరాన్ని స్థాపించాడు [adi 91 (vyasa, Ganguli Adi CLXXIX)]",not stated in our sources — కథలో అతను పుట్టుకలోనే కనిపిస్తాడు (రాతితో గర్భం చీల్చగా పుట్టిన శిశువు) [adi 91 (note; vyasa Ganguli Adi CLXXIX)],పుట్టుక తప్ప అతని గురించి మా మూలాల్లో ఏమీ లేదు; ఆది 41లోని 'అశ్మకి' (స్త్రీ) వేరు.
to do,agnivesha.png,agnivesha,అగ్నివేశుడు,,ద్రోణునికి ధనుర్విద్య నేర్పిన మహాముని,sages & teachers,2,sage,male,not stated in our sources [],not stated in our sources [],ఆగ్నేయాస్త్రం మొదలైన దివ్య బాణాలు ద్రోణునికి అనుగ్రహించాడు; అగస్త్యుడు తనకు ఇచ్చిన అస్త్రాన్ని కూడా [adi 66 (story); adi 75 (story)],"ద్రోణునికి, ద్రుపదునికి ధనుర్వేదం నేర్పిన మహాముని — ఇద్దరూ ఆయన ఆశ్రమంలో కలిసి చదువుకున్నారు [adi 67, adi 87 (story)]; అగస్త్యుని దగ్గర అస్త్రవిద్య నేర్చినవాడు; Vyasa: భరద్వాజుని నుండి ఆగ్నేయాస్త్రం పొందాడు [adi 75 (story; vyasa Ganguli Adi Parva Sec CXLI); adi 87 (vyasa, Ganguli Sec CXXXI)]","తన ఆశ్రమంలో బ్రహ్మచారులైన బాల ద్రోణ ద్రుపదులకు వేదాలూ ధనుర్వేదమూ నేర్పుతున్న అగ్నివేశుడు [adi 67, adi 87 (story)]",రూపవర్ణన మన పాఠంలో లేదు. adi 75 లోని అస్త్రం పేరు ఆ ఎపిసోడ్‌లో చూడాలి — ఇక్కడ 'అగస్త్యుడు అగ్నివేశునికి ఇచ్చిన అస్త్రం' అని మాత్రమే.
to do,sarana.png,sarana,సారణుడు,,యాదవ వీరుడు,others,2,warrior,male,not stated in our sources [—],not stated in our sources [—],"none stated; Yadavas travel with their wives on elephants, horses and palanquins to Raivataka [adi 105 (story)]","a Yadava hero; present at Draupadi's swayamvara; one of the few Krishna tells of Arjuna's love for Subhadra; returns with Krishna from Antardvipa [adi 93, adi 105 (story; note Nannaya 8.190)]","among the inner circle (Devaki, Vasudeva, Pradyumna, Samba, Sankarshana, Satyaki) as Krishna secretly tells them of Arjuna and Subhadra [adi 105 (story)]",Appears only in name lists of Yadavas; no description at all.
to do,prativindhya.png,prativindhya,ప్రతివింధ్యుడు,,"ధర్మరాజు కొడుకు, ఉపపాండవుడు",Pandava side,2,prince,male,A son raised with love by elders and gurus (Draupadi's words) [sabha 22 (story)],not stated in our sources [],not stated in our sources [],not stated in our sources [],"The son Draupadi names in her first boon to Dhritarashtra, so Kaurava boys will not call him 'the son of a slave'. [sabha 22 (story)]","Son of Yudhishthira and Draupadi (adi 44, adi 106). The 'Prativindhya' conquered in sabha 8 (Arjuna's campaign) is a different king of Shakala-dvipa; adi 32 also names an asura Ekachakra born as a Prativindhya — not this boy. Our text gives no age or description; do not show him at the dice hall."
to do,sudhanva.png,sudhanva,సుధన్వుడు,,"దశార్ణ రాజు, భీముని సేనాపతి అయినవాడు",others,2,king,male,not stated in our sources [—],not stated in our sources [—],not stated in our sources [—],దశార్ణ దేశపు రాజు; భీమునితో మహాయుద్ధం చేశాడు — అతని పరాక్రమానికి మెచ్చి భీముడు అతనినే తన సేనాపతిగా చేసుకున్నాడు [sabha 8 (story)],"భీముని తూర్పు దిగ్విజయంలో అతనితో మహాయుద్ధం చేసి, పరాక్రమంతో మెప్పించి సేనాపతి కావడం [sabha 8 (story)]","వ్యాసునిలో భీముడు 'దశార్ణులను జయించాడు' అని మాత్రమే (Ganguli Sabha XXIX). అదే పేరుతో మరో ఇద్దరు ఉన్నారు: sabha 8లోనే 'రాజపతి సుధన్వుడు' (వేరే రాజు), sabha 21లో అంగిరసుని కొడుకు బ్రాహ్మణుడు సుధన్వుడు (విరోచనుని కథ) — వారిని కలపకూడదు."
to do,saindhava.png,saindhava,సైంధవుడు,,దుర్యోధనునితో ఆలోచన చేసిన రాజు,Kaurava side,2,king,male,జూదంలో ద్రౌపదిని ఓడినప్పుడు పట్టరాని సంతోషంతో వికసించిన ముఖంతో నవ్వడం [sabha 18 (story; note 2.198)],not stated in our sources [],not stated in our sources [],"సింధు రాజు జయద్రథుడు; ధృతరాష్ట్రుని కూతురు దుశ్శల భర్త [adi 4 (vyasa, Ganguli Adi I); adi 61 (vyasa, Ganguli Adi CXVII); adi 93 (story)]; దుర్యోధనుడు కర్ణ శకునులతో పాటు అతనితో ఆలోచన చేశాడు (అనుద్యూతం) [sabha 23 (story)]; యుద్ధంలో అర్జునుడు ప్రతిజ్ఞ చేసి చంపాడు [adi 4 (vyasa, Ganguli Adi I)]",ధర్మరాజు ద్రౌపదిని ఓడగానే దుశ్శాసన కర్ణులతో కలిసి వికసించిన ముఖాలతో ఒకరినొకరు చూసుకుంటూ నవ్వడం [sabha 18 (story)],సభ 6లోని 'జయద్రథుడు' (మహాత్ములను అవమానించి నశించినవాడు) ఇతను కాదని TTD (sabha 6 note). రూపవర్ణన మా మూలాల్లో లేదు.
done — painted portrait in site,ganapati.png,ganapati,గణపతి,,భారత రచనకు లేఖకుడు,gods,1,god,male,not stated in our sources [],not stated in our sources [],"Vyasa: ఘంటము (రాసే కలం) — 'ఒక్క క్షణం కూడా ఆపకుండా రాస్తేనే లేఖకుడనవుతాను' [adi 3 (vyasa, Ganguli Adi Parva Sec I)]","విఘ్నాలను పోగొట్టే వినాయకుడు — నన్నయ, సౌతి నమస్కరించారు [adi 1 (story); adi 6 (story)]; Vyasa: బ్రహ్మ సూచనతో వ్యాసుడు స్మరించగా వచ్చి 'ఓం' అని భారతాన్ని రాశాడు; కఠిన శ్లోకాల దగ్గర ఒక క్షణం ఆలోచించేవాడు [adi 3 (vyasa, Ganguli Adi Parva Sec I)]","Vyasa: వ్యాసుడు చెబుతుండగా ఆపకుండా ఘంటంతో రాస్తున్న గణేశుడు [adi 3 (vyasa, Ganguli Adi Parva Sec I; caption)]","లేఖకుని కథ నన్నయ భారతంలో లేదు (adi 3 caption స్పష్టంగా చెబుతుంది) — వ్యాస పెట్టె నుండి మాత్రమే. ఏనుగు తల, విరిగిన దంతం, ఎలుక మన పాఠంలో చెప్పబడలేదు."
to do,adrika.png,adrika,అద్రిక,,శాపవశాత్తు చేపగా మారిన అప్సరస,others,1,gandharva/apsara,female,a fish (చేప) in the Yamuna under a curse; after giving birth she leaves the fish body and becomes a divine woman (దివ్యస్త్రీ) [adi 28 (story); Ganguli Adi LXIII (vyasa)],not stated in our sources [—],none stated; caught in the fishermen's nets [adi 28 (story)],apsara turned fish by Brahma's curse (Nannaya) / a Brahmin's curse (Vyasa) [adi 28 (story); Ganguli Adi LXIII (vyasa)]; swallowed Uparichara Vasu's seed; in the tenth month fishermen cut her open and found a boy (Matsyaraja) and a girl (Satyavati) [adi 28 (story)],"freed from the fish body the moment the twins are taken out, rising as a divine woman to the heavens [adi 28 (story); Ganguli Adi LXIII (vyasa)]",Two forms: fish and celestial woman. In Vyasa she dies at the fishermen's hands before rising (Ganguli Adi LXIII). No description of her divine looks.
to do,rajarajanarendra.png,rajarajanarendra,రాజరాజనరేంద్రుడు,,"వేంగి రాజు, తెలుగులో భారతము రచింపమని నన్నయను కోరినవాడు",Kuru elders,1,king,male,not stated in our sources [],not stated in our sources [],Praised as one who quelled the dust of enemies' pride with the water of his sword [adi 1 (story)],not stated in our sources [],"Holding court on his palace terrace amid ministers, poets and scholars, asking Nannaya to render the Bharata in Telugu. [adi 1 (story); adi 1 (caption)]","Historical Chalukya king of Vengi at Rajamahendrapuram, son of Vimaladitya; Shaiva devotee (worships Parvati's lord). Text gives epithets only, no physical description."
to do,nannaya.png,nannaya,నన్నయ,"నన్నయభట్టు, నన్నయభట్టారకుడు","ఆదికవి, ఆంధ్ర మహాభారత రచన ఆరంభించినవాడు",sages & teachers,1,other,male,"శరీర వర్ణన (వయసు, రూపం) not stated in our sources [—]; రాజవంశానికి కులబ్రాహ్మణుడు; ఎడతెగకుండా జపహోమాలు చేసేవాడు, శుద్ధమైన నడవడికి పేరుపొందినవాడు, బుద్ధిలో బృహస్పతి వంటివాడు [adi 1 (story)]",not stated in our sources [—],not stated in our sources (రచనకు సంబంధించిన తాళపత్రాలు మొదలైనవి మూలంలో చెప్పబడలేదు) [—],"ఆపస్తంబ సూత్రుడు, ముద్గల గోత్రుడు; వ్యాకరణ పండితుడు, వేద సంహిత, బ్రహ్మాండాది పురాణాలు తెలిసినవాడు; రెండు భాషలలో కావ్యాలు రచించినవాడు [adi 1 (story)]; ఆంధ్ర మహాభారతం ప్రారంభించినవాడు; పూర్తి చేయలేదు; సహాధ్యాయి నారాయణభట్టు తోడుగా నిలిచాడు [adi 1 (story)]","రాజమహేంద్రవరంలో రాజరాజనరేంద్రుని విద్వత్సభలో, తెలుగులో భారతం రచించమని రాజు కోరగా 'బ్రహ్మకైనా సాధ్యమా?' అని వినయంతో పలికి, అయినా రచిస్తానని పూనుకోవడం [adi 1 (story; caption)]","కవి, మహాభారత పాత్ర కాదు. ఆస్థాన కవిగా కాక కులబ్రాహ్మణునిగా (చాళుక్యుల పంచామాత్యులలో ఒకడు, పురోహితుడు కాడు — TTD) చూపాలి. నన్నయ గురించి ఉన్న పద్యం ఇదొక్కటే అని TTD."
to do,narayanabhatta.png,narayanabhatta,నారాయణభట్టు,,నన్నయకు సహాయపడిన సహపాఠి,sages & teachers,1,other,male,not stated in our sources [],not stated in our sources [],not stated in our sources [],"వానస బ్రాహ్మణ వంశానికి అలంకారం, వాఙ్మయంలో గొప్ప సమర్థుడు, నన్నయకు ఇష్టుడు, సహాధ్యాయి; కృష్ణుడు అర్జునునికి తోడున్నట్టు నన్నయకు తోడై నిలిచాడు [adi 1 (story)]",రాజమహేంద్రవరంలో భారత రచనలో నన్నయకు తోడుగా నిలవడం [adi 1 (story)],"చారిత్రక వ్యక్తి (11వ శతాబ్దం, రాజరాజనరేంద్రుని కాలం) — కథా పాత్ర కాదు. నందంపూడి అగ్రహారం, కంచిలో చదువు అనేవి TTD చెప్పిన సంప్రదాయాలు, నన్నయ మాటలు కావు (adi 1)."
to do,shuka.png,shuka,శుక మహర్షి,శుకుడు,"వ్యాసుని కుమారుడు, విరాగి",sages & teachers,1,sage,male,not stated in our sources [],not stated in our sources [],not stated in our sources [],"వ్యాసుని కుమారుడు; తండ్రి ఆజ్ఞతో గరుడ గంధర్వ యక్ష రాక్షస లోకాలలో భారతాన్ని వినిపించాడు [adi 3 (story; vyasa Ganguli Adi Parva Sec I)]; Vyasa: వ్యాసుడు సంగ్రహాన్ని మొదట శుకునికే నేర్పాడు; 8,800 కూట శ్లోకాలు శుకునికి తెలుసు అని సౌతి [adi 3 (vyasa, Ganguli Adi Parva Sec I)]",గంధర్వ యక్ష రాక్షసులకు భారత కథను వినిపిస్తున్న శుకుడు [adi 3 (story)],"'విరాగి' అనే లక్షణం, చిలుక ముఖం, బాల/నగ్న యోగి రూపం వంటివి మన పాఠంలో లేవు; పేర్ల జాబితాల్లోనే కనిపిస్తాడు."
to do,sarama.png,sarama,సరమ,,"దేవతల కుక్క, జనమేజయుని శపించినది",gods,1,animal,female,a dog — the bitch of the gods (దేవతల కుక్క / దేవశుని); no further physical detail [adi 7 (story); Ganguli Adi III (vyasa)],not stated in our sources [—],none stated [—],"mother of the puppy Sarameya, beaten by Janamejaya's brothers at the sacrifice though he did nothing wrong [adi 7 (story, caption)]; speaks to the king in human words and vanishes; Nannaya calls it 'దేవశునీవచనము' — a truth, not a direct curse (Vyasa: she curses) [adi 7 (story; Ganguli Adi III vyasa)]","standing before Janamejaya in great anger, telling him that harm will fall without warning on those who hurt the innocent, then vanishing [adi 7 (story)]","A divine dog, not a woman. Nannaya: she states a truth and disappears; Vyasa: she pronounces a curse. Her son Sarameya is a puppy."
to do,paushya.png,paushya,పౌష్యుడు,,కుండలములు దానమిచ్చిన రాజు,others,1,king,male,not stated in our sources [],not stated in our sources [],not stated in our sources [],not stated in our sources [],"Angry, cursing Utanka back ('be childless!') after Utanka cursed him blind over a hair in the food served in his palace. [adi 9 (story); adi 9 (caption)]","He gladly lets his queen give her earrings to Utanka. In Vyasa he sees the food was cooked by a woman with unbound hair, cold and with hair in it (adi 9, Ganguli Sec. III). Utanka's curse is 'become blind' — do not show him already blind."
to do,puloma.png,puloma,పులోమ,,"భృగు మహర్షి భార్య, చ్యవనుని తల్లి",others,1,sage's wife,female,"సుందరి — రాక్షసుడు చూడగానే మోహించాడు; గర్భవతి [adi 12 (story)]; పరమపతివ్రత, సాధ్వి [adi 12 (story)]",not stated in our sources [—],ఉదయిస్తున్న సూర్యునిలా మెరుస్తున్న బిడ్డ చ్యవనుని ఎత్తుకుని ఉంది [adi 12 (story)],రాక్షసునికి భయపడి ఏడుస్తూ పోతుండగా కన్నీటి ధారలు వధూసర అనే మహానదిగా మారాయి [adi 12 (story)]; పంది రూపంలో పులోముడు ఎత్తుకుపోయాడు; కడుపు నుండి జారిపడిన చ్యవనుని తేజస్సు రాక్షసుని బూడిద చేసింది [adi 12 (story; caption)],వరాహ రూపంలోని పులోముడు భుజాన వేసుకుని పరుగెత్తుతుండగా భయంతో వణుకుతూ ఏడుస్తున్న పులోమ — కడుపు నుండి జారిపడిన శిశువు తేజస్సుకు రాక్షసుడు భస్మమవుతున్నాడు [adi 12 (story; caption)],"భృగువు భార్య పులోమ (స్త్రీ) వేరు, దానవుడు పులోముడు (పురుషుడు) వేరు — పేర్లు కలపకూడదు. వ్యాసునిలో ఆమె తండ్రి ముందు ఆమెను పులోమునికి ఇస్తానని మాట ఇచ్చాడు."
to do,pramadvara.png,pramadvara,ప్రమద్వర,,"మేనక విశ్వావసుల కుమార్తె, రురువు భార్య",others,1,gandharva/apsara,female,"రూపంలో, సౌందర్యంలో, గుణాలలో స్త్రీలందరిలో శ్రేష్ఠురాలు (అదే పేరుకు అర్థం) [adi 14 (story; vyasa Ganguli Adi VIII)]; కన్య; తిరిగి బతికాక మునుపటి కంటే అందంగా లేచింది [adi 14 (story; note)]",not stated in our sources [],not stated in our sources [],"గంధర్వరాజు విశ్వావసువు, అప్సరస మేనకల కూతురు; స్థూలకేశుని ఆశ్రమంలో పెరిగింది [adi 14 (story)]; తోటి కన్యలతో ఆడుకుంటుండగా కాలి కింద తొక్కిన పాము కరిచి చనిపోయింది; రురువు తన ఆయుష్షులో సగం ఇచ్చి బతికించాడు [adi 14 (story; note)]",తోటి కన్యలతో ఆడుకుంటుండగా కాలి కింద పాము కరిచి నేల మీద పడిపోవడం — చుట్టూ భయపడి పరుగెత్తే కన్యలు [adi 14 (story)],"తండ్రి గంధర్వుడు, తల్లి అప్సరస — కానీ ముని ఆశ్రమంలో పెరిగిన కన్య. రురువు భార్య, శునకుని తల్లి (Ganguli Adi V)."
to do,shamika.png,shamika,శమీకుడు,,మౌన వ్రతంలో ఉన్న మహర్షి,sages & teachers,1,sage,male,"ముసలి తండ్రి (శృంగి మాట) — మౌనంగా, దూడలు పాలు తాగేటప్పుడు కారే నురుగునే ఆహారంగా బతుకుతున్నవాడు [adi 24 (story)]; కొండలా కదలకుండా ధ్యానంలో ఉన్నాడు [adi 24 (story)]",not stated in our sources [],"మెడలో పరీక్షిత్తు విల్లు కొనతో వేసిన చచ్చిన పాము [adi 24 (story, caption)]","మౌనవ్రతంలో ఉన్న మహాముని; ఎప్పుడూ క్షమ, ఇంద్రియనిగ్రహం నిండినవాడు; శృంగి తండ్రి [adi 24 (story)]","అడవిలో మౌనంగా ధ్యానంలో కూర్చున్న శమీకుడు — మెడలో చచ్చిన పాము వేలాడుతున్నా కదలకుండా, మాట్లాడకుండా [adi 24 (story, caption)]",కోపం లేని ముని — శాంత ముఖం. పాము చచ్చినది (బతికినది కాదు).
to do,shringi.png,shringi,శృంగి,,"శమీకుని కుమారుడు, పరీక్షిత్తును శపించినవాడు",sages & teachers,1,sage,male,"not stated in our sources; son of an old sage, himself doing fierce tapas; weeps when telling his father [adi 24 (story)]",not stated in our sources [—],water of curse (శాపజలం) taken in his hand [adi 24 (story)],"son of the sage Shamika; doing fierce penance to Brahma, 'like Bhringi'; his anger never goes in vain [adi 24 (story)]; the 'one Brahmin' whose word sent Takshaka against Parikshit [adi 11 (note, TTD); adi 25 (story)]","blazing with anger, water of curse in his hand, cursing Parikshit to die by Takshaka in seven days [adi 24 (story)]",A young ascetic son (his father is called old); refuses to withdraw the curse. Told of the insult by the sage Krisha (Nannaya).
to do,ghatotkacha.png,ghatotkacha,ఘటోత్కచుడు,,"భీమ హిడింబిల కుమారుడు, మాయా యోధుడు",Pandava side,1,demon/rakshasa,male,"Became a full young man the moment he was born [adi 83 (story); adi 83 (Vyasa: Ganguli, Adi Parva, Section CLVII)]; Huge, terrifying form; frightening face; spike-like ears (మేకుల్లాంటి చెవులు); misshapen eyes; colour of a dark rain-cloud (కారుమేఘం రంగు); uneven terrible fangs [adi 83 (story)]; Head bald and round like a pot (ఘటం) — hence his name [adi 83 (Vyasa: Ganguli, Adi Parva, Section CLVII)]",not stated in our sources [],Skilled in many weapons (అస్త్రశస్త్రాలు) [adi 83 (story)],Can take any form at will; surrounded by countless rakshasa and pishacha forces [adi 83 (story)],"Just born, bowing to his father Bhima, his uncles and grandmother Kunti in Shalihotra's hermitage; later, both hands joined on his head, promising to come whenever they think of him. [adi 83 (story); adi 83 (caption)]",Son of Bhima and Hidimba; eldest grandson ('agranandana') of the Pandavas. His death by Karna's Shakti is only in the Vyasa box (Drona Parva). TTD: Sanskrit says 'shankukarna' (spike-eared).
to do,ulupi.png,ulupi,ఉలూపి,ఉలూచి,"నాగ కన్య, అర్జునుని భార్య",others,1,naga,female,నాగకన్య; రూప వర్ణన not stated in our sources [adi 104 (story)],not stated in our sources [—],నాగపురంలోని ఆమె అందమైన మేడ; అక్కడ వెలుగుతున్న అగ్ని (అర్జునుడు హోమం పూర్తి చేసినది) [adi 104 (story)],"ఐరావత వంశంలో కౌరవ్యుని కూతురు [adi 104 (story)]; వ్యాసునిలో అర్జునునికి నీటిలో ఎదురులేని వరం ఇచ్చింది — 'నీటిలో తిరిగే ప్రతి ప్రాణీ నీకు లొంగుతుంది' [adi 104 (Vyasa, Ganguli Adi CCXVI)]",గంగలో వేకువ స్నానం చేసి హోమానికి బయటికి వస్తున్న అర్జునుని మోహించి నీటి లోపలికి లాక్కుని నాగపురానికి తీసుకుపోవడం; తరువాత తల వంచి అతనిని చూస్తూ 'ఒక ప్రాణాన్ని కాపాడడంతో ఏ వ్రతమూ సమానం కాదు' అని వేడుకోవడం [adi 104 (story)],TTD పాఠంలో పేరు 'ఉలూచి' (చాలా ప్రతుల్లో ఉలూపి). నాగకన్య అని మాత్రమే — సర్ప రూపమా మానవ రూపమా మూలం చెప్పదు; పాము తోక వంటివి మూలంలో లేవు.
to do,chitrangada.png,chitrangada,చిత్రాంగద,,"మణిపూర రాజకుమార్తె, అర్జునుని భార్య",others,1,princess,female,'మన్మథుని రాజ్యలక్ష్మి రూపు దాల్చిందా' అనిపించే అందం [adi 104 (story)],not stated in our sources [],not stated in our sources [],"మణిపూర రాజు చిత్రవాహనుని కూతురు — ఒక్కొక్క కొడుకే పుట్టే వంశంలో పుట్టిన కూతురు, 'పుత్రిక'గా పెంచబడింది; ఆమె కొడుకు (బభ్రువాహనుడు) తాత వంశకర్త కావడమే కన్యాశుల్కం [adi 104 (story)]; అర్జునుని భార్య; బభ్రువాహనుని తల్లి [adi 104 (story)]",మణిపూరంలో తండ్రి చిత్రవాహనుడు అర్జునునికి ఆమెను పుత్రికగా ఇచ్చే షరతు చెబుతుండగా — పెళ్ళికి ముందు [adi 104 (story)],"ఆది 51, 93లోని చిత్రాంగదుడు (శంతనుని కొడుకు, గంధర్వుడు, వేరే రాజు) పురుషులు — ఈమె వేరు."
to do,yaja.png,yaja,యాజుడు,,ద్రుపదుని యజ్ఞము జరిపించిన మహర్షి,sages & teachers,1,sage,male,not stated in our sources [],not stated in our sources [],"Vyasa: ఉపయాజుడు మంత్రించిన హవిస్సును అగ్నిలో వేశాడు [adi 87 (vyasa, Ganguli Adi Parva Sec CLXIX)]","కశ్యప గోత్రుడు, వానప్రస్థి; ఉపయాజుని అన్న; పొలాల్లో రాలిన గింజలు ఏరుకుని, భిక్ష మీద కుటుంబాన్ని పోషిస్తూ ఘోర తపస్సు [adi 87 (story)]; ద్రుపదుని యజ్ఞం చేయించాడు — ధృష్టద్యుమ్న ద్రౌపదుల పుట్టుక [adi 87 (story)]",ద్రుపదుని యజ్ఞాగ్నిలో హవిస్సు వేస్తున్న యాజుడు — పక్కన సహాయకుడు ఉపయాజుడు [adi 87 (story; vyasa Ganguli Sec CLXIX)],రూపం పాఠంలో లేదు. పేద వానప్రస్థ బ్రాహ్మణుడు — సంపన్న పురోహితునిగా చూపకూడదు.
to do,shakti.png,shakti,శక్తి,,"వసిష్ఠుని పెద్ద కుమారుడు, పరాశరుని తండ్రి",sages & teachers,1,sage,male,eyes red with anger (కోపంతో ఎర్రబడిన కళ్ళు) when he curses Kalmashapada [adi 91 (story)],not stated in our sources [—],"none stated; he is struck with the king's whip-stick (కశకోల) [adi 91 (story, note 7.113); Ganguli Adi CLXXVIII (vyasa)]","eldest of Vasishtha's hundred sons, a great ascetic; husband of Adrishyanti, father of Parashara [adi 91, adi 29 (story)]; always reciting the Vedas — his unborn son learns the Vedas in the womb hearing him [adi 91 (story)]; killed and eaten by Kalmashapada turned rakshasa [adi 91 (story)]","on a forest path refusing to give way to King Kalmashapada, struck with his whip, cursing him with eyes red with anger [adi 91 (story)]",Shakti is a person here (the word also means 'power' and is the name of Karna's spear). In Vyasa (adi 92 vyasa) Pulastya says Shakti caused his own death by his curse.
to do,sunda.png,sunda,సుందుడు,,"నికుంభుని కుమారుడు, ఉపసుందుని అన్న",others,1,demon/rakshasa,male,not stated in our sources [],not stated in our sources [],not stated in our sources [],"Inseparable from his brother Upasunda — same seat, food, vehicle, house, bed; 'one mind in two bodies' [adi 103 (story)]; Cannot be killed by others — only by each other [adi 103 (story); adi 103 (Vyasa: Ganguli, Adi Parva, Section CCXI)]","Seizing one hand of Tilottama while his brother holds the other, the two raise fists against each other. [adi 103 (caption); adi 103 (story)]","Daitya son of Nikumbha, of Hiranyakashipu's line. Their earlier tapas in the Vindhyas: standing amid five fires in summer, in pools in rain and winter, living on air, on one leg, arms raised, heads bowed (adi 103 story). Always paired with Upasunda."
to do,upasunda.png,upasunda,ఉపసుందుడు,,"నికుంభుని కుమారుడు, సుందుని తమ్ముడు",others,1,demon/rakshasa,male,"వజ్రం లాంటి శరీరం (సుందునితో పాటు) [adi 103 (story)]; ముఖ, రంగు వివరాలు not stated in our sources [—]",not stated in our sources [—],ఆయుధం లేదు — పిడుగుల్లాంటి పిడికిలి పోట్లతో అన్నతో పోరాడాడు [adi 103 (story; caption)],"హిరణ్యకశిపుని వంశంలో నికుంభుడనే దైత్యుని కొడుకు, సుందుని తమ్ముడు; ఇద్దరూ 'ఒకే మనసు రెండు శరీరాల్లో' [adi 103 (story)]; వింధ్య పర్వతంపై పంచాగ్నుల మధ్య, ఒంటికాలిపై, చేతులు పైకెత్తి ఘోర తపస్సు చేశారు; ఒకరి నుండి ఒకరికి తప్ప చావు లేని వరం [adi 103 (story; Vyasa, Ganguli Adi CCXI)]","తిలోత్తమ ఎడమ, కుడి చేతులు పట్టుకుని 'ఇది నా భార్య' అంటూ అన్న సుందునితో కొండను కొండ ఢీకొన్నట్టు పిడికిళ్ళతో తలపడి ఇద్దరూ చనిపోవడం [adi 103 (story; caption)]","సుందుడు, ఉపసుందుడు దాదాపు ఒకేలా ఉండాలి — రెండు శరీరాలు ఒకే మనసు. రాక్షస రూప వివరాలు (కోరలు మొదలైనవి) మూలంలో లేవు."
to do,tilottama.png,tilottama,తిలోత్తమ,,విశ్వకర్మ సృష్టించిన అప్సరస,gods,1,gandharva/apsara,female,"నువ్వుగింజంత సూక్ష్మమైన కోటానుకోట్ల మణులను కూర్చిన దివ్య దేహం — 'తిలాణుమణికోటి సంఘటిత దివ్యదేహం' [adi 103 (story; note 8.103)]; వ్యాసునిలో అందమైన లక్షణాలన్నీ కూర్చిన దేహం, దాదాపు రత్నాల రాశి [adi 103 (vyasa, Ganguli Adi CCXIII)]; పూర్ణచంద్రుని వంటి ముఖం; మెరుపుతీగలా మెరుస్తూ వింధ్య అరణ్యమంతా వెలిగేలా దిగివచ్చింది [adi 103 (story)]",not stated in our sources [],not stated in our sources [],"బ్రహ్మ ఆజ్ఞతో విశ్వకర్మ సృష్టించిన స్త్రీరత్నం; దేవసభకు ప్రదక్షిణం చేస్తే ఆమెను చూడాలని బ్రహ్మ నాలుగు ముఖాలవాడు, ఇంద్రుడు వేయి కళ్ళవాడు అయ్యారు [adi 103 (story)]; ఇంద్రుని సభలోని అప్సరసలలో [sabha 3 (story)]","సుందోపసుందులు ఆమె ఎడమ, కుడి చేతులు పట్టుకుని 'ఇది నా భార్య' అని తగవుపడుతుండగా 'మీలో మీరు పోరాడండి; గెలిచినవాడినే కోరుకుంటాను' అనడం [adi 103 (story, caption)]",నన్నయలో నాలుగు ముఖాలు పొందినది బ్రహ్మ; వ్యాసునిలో శివుడు (adi 103 Ganguli). సుందోపసుందుల పోరులో నన్నయలో గదలు లేవు — పిడికిళ్ళు మాత్రమే.
to do,iravan.png,iravan,ఇరావంతుడు,,అర్జున ఉలూపుల కుమారుడు,Pandava side,1,child,male,not stated in our sources [],not stated in our sources [],not stated in our sources [],అర్జునునికి నాగకన్య ఉలూపి (ఐరావత వంశపు కౌరవ్యుని కూతురు) వల్ల నాగలోకంలో పుట్టిన కొడుకు — ఆమె అప్పటికప్పుడే గర్భం ధరించి కన్నది [adi 104 (story)],నాగలోకంలో ఉలూపికి పుట్టిన పసిబిడ్డ ఇరావంతుడు [adi 104 (story)],"మన పాఠంలో ఒక్క వాక్యంలోనే — జననం మాత్రమే. పెద్దవాడైన రూపం, యుద్ధ కథ మన రెండు పర్వాల్లో లేవు. type 'child' పాఠంలో కనిపించే దశను బట్టి."
to do,babhruvahana.png,babhruvahana,బభ్రువాహనుడు,,"అర్జున చిత్రాంగదల కుమారుడు, మణిపూర రాజు",Pandava side,1,child,male,not stated in our sources; within Adi he appears only as a new-born boy (బాలుడు) [adi 104 (story)],not stated in our sources [—],none stated [—],"son of Arjuna and Chitrangada; given to his grandfather Chitravahana as heir of the Manipura line (the bride-price agreed for Chitrangada) [adi 104 (story; note Nannaya 8.140–8.145, 8.163)]; later defeats Arjuna at the Ashvamedha (summary of the Ashvamedhika Parva only) [adi 5 (story)]",the infant handed by Arjuna to King Chitravahana as the one who will carry on the Manipura line [adi 104 (story)],In our Adi/Sabha text he is only a baby; his adult role (king of Manipura who defeats Arjuna) is mentioned only in the parva summary (adi 5). Type set to 'child' for the scene the text actually shows.
to do,mandapala.png,mandapala,మందపాలుడు,,శార్ఙ్గక పక్షిగా జన్మించిన ముని,sages & teachers,1,sage,male,Took the form of a sarngaka bird to beget sons quickly [adi 109 (story)],not stated in our sources [],not stated in our sources [],Did a thousand divine years of tapas; turned back from the higher worlds for want of sons [adi 109 (story)],Praising Agni with hymns and asking him to protect his four chicks before the Khandava burning. [adi 109 (story)],In Nannaya he is NOT present at the nest during the fire — he is away with his former wife Lapita; in the Modali prose he stays (adi 109 note). Follow Nannaya. Do not say whether he is shown as bird or man: text says he became a sarngaka bird.
to do,chandakaushika.png,chandakaushika,చండకౌశికుడు,,బృహద్రథునికి మామిడి పండు ఇచ్చిన మహర్షి,sages & teachers,1,sage,male,"మోక్షం కోసం ఎడతెగని తపస్సుతో అగ్నిలా వెలిగిపోతున్నవాడు [sabha 5 (story)]; వయసు, శరీర వివరాలు not stated in our sources [—]",not stated in our sources [—],"మామిడి పండు — గాలికి రాలనిది, ఏ చిలుకా ముట్టనిది — ఒడిలో పడితే మంత్రించి రాజుకు ఇచ్చాడు [sabha 5 (story)]",కక్షీవంతుడనే గౌతముని కొడుకు [sabha 5 (story; note)]; యోగదృష్టితో జరాసంధుని భవిష్యత్తు చెప్పాడు [sabha 5 (story)],అడవిలో లేత మామిడి చెట్టు కింద కళ్ళు మూసుకుని ధ్యానంలో ఉండగా ఒడిలో పడిన మామిడి పండును మంత్రించి సంతానం లేని బృహద్రథునికి ఇవ్వడం [sabha 5 (story)],రూపం మూలంలో లేదు; దృశ్యంలో బృహద్రథుడు ఇద్దరు భార్యలతో ఉన్నాడు.
to do,jara.png,jara,జర,,"జరాసంధుని రెండు సగాలను కలిపిన రాక్షసి, మగధ గృహదేవత",others,1,demon/rakshasa,female,కోరిన రూపం ధరించగల రాక్షసి — బృహద్రథునితో మాట్లాడడానికి మానవ స్త్రీ రూపం ధరించింది (అసలు రూపం వర్ణించలేదు) [sabha 5 (story; note 1.150)],not stated in our sources [],"రెండు సగాల శిశువు — ముక్కలను బలి అనుకుని వచ్చి కలిపింది; వజ్రంలా కఠినమైన, మేరు శిఖరంలా బరువైన ఆ బాలుని ఎత్తలేకపోయింది [sabha 5 (story; note 1.147, 1.149)]",మగధ రాజభవనపు ద్వార తోరణం దగ్గరి కూడలిలో నివసించే రాక్షసి; రాజుకు ఎప్పుడూ మేలు కోరేది [sabha 5 (story; note)]; జరాసంధునికి పేరు ఆమె నుండే ('జర చేత సంధింపబడినవాడు'); ఏటేటా ఆమెకు పండుగ [sabha 5 (story)],"కూడలిలో రెండు శిశువు సగాలను కలిపి, ఎత్తలేనంత బరువైన బాలుడు పెద్దగా ఏడుస్తుండగా — మానవ స్త్రీ రూపంలో రాజుకు బిడ్డను అప్పగించడం [sabha 5 (story)]","నన్నయలో పారిపోవడం, దూరం నుండి తిరిగి రావడం లేవు (మొదలి వచనంలో ఉన్నాయి — sabha 5 note). అసలు రాక్షసి రూపం వర్ణించలేదు."
to do,vibhishana.png,vibhishana,విభీషణుడు,,"లంకాధిపతి, రాజసూయానికి కప్పం పంపినవాడు",others,1,demon/rakshasa,male,not stated in our sources [],not stated in our sources [],"కప్పంగా ధనం, రత్నాల రాశులు, చందనం, అగరు కర్రలు పంపాడు [sabha 9 (story)]","లంకాధిపతి, పులస్త్యుని వంశంవాడు; సహదేవుని దూతల మాట విని వెంటనే సంతోషంగా శాసనాన్ని మన్నించాడు [sabha 9 (story)]","లంకలో సహదేవుని దూతలకు సంతోషంగా చందనం, అగరు, రత్నాల రాశులు కప్పంగా అప్పగిస్తున్న విభీషణుడు [sabha 9 (story)]","sabha 3 లో కుబేర సభలో 'యక్షులు — మణిభద్రుడు, విభీషణుడు' అని ఒక విభీషణుడు ఉన్నాడు; అది ఇదే వ్యక్తా అని పాఠం స్పష్టం చేయదు. రూపం పాఠంలో లేదు — రాక్షస రూపం కల్పించకూడదు."
to do,harishchandra.png,harishchandra,హరిశ్చంద్రుడు,,"త్రిశంకుని కుమారుడు, రాజసూయం చేసి ఇంద్రసభ చేరిన రాజు",others,1,king,male,not stated in our sources; his fame 'flooded the worlds like autumn moonlight' [sabha 3 (story)],not stated in our sources [—],none stated [—],"son of Trishanku, king of Ayodhya, truthful, jewel of the Solar line [sabha 3 (story)]; the only human king seated in Indra's hall, honoured by the gods, because he performed the Rajasuya [sabha 3 (story; note Nannaya 1.84–1.87)]","seated in Indra's assembly among the gods, receiving their worship — the one earthly king there [sabha 3 (story)]",Shown in our text only through Narada's account of Indra's hall; the famous truth-ordeal story is NOT told here. No description.
to do,jaimini.png,jaimini,జైమిని,,వ్యాసుని శిష్యుడు — అథర్వవేదము,sages & teachers,1,sage,male,not stated in our sources [],not stated in our sources [],not stated in our sources [],not stated in our sources [],One of Vyasa's four disciples appointed to make sutras for the Vedas. [adi 3 (story)],The Telugu note says TTD's reading gives Sama Veda to Sumantu and Atharva to Jaimini — not Sama to Jaimini as the role line says (adi 3 story/note). Do not label him with a particular Veda.
to do,sumantu.png,sumantu,సుమంతుడు,,వ్యాసుని శిష్యుడు — సామవేదము,sages & teachers,1,sage,male,not stated in our sources [—],not stated in our sources [—],not stated in our sources [—],"వ్యాసుని శిష్యుడు; నలుగురు వేద సూత్రకర్తలలో ఒకడు — TTD అర్థం ప్రకారం సామవేదం సుమంతునికి, అథర్వవేదం జైమినికి [adi 3 (story; note)]; భారతాన్ని నాగలోకంలో చెప్పడానికి వ్యాసుడు పంపినవాడు [adi 3 (story)]; జనమేజయుని సర్పయాగ సభలో ఉన్నాడు [adi 26 (story)]",వ్యాసుడు పూర్తి చేసిన భారతాన్ని నాగలోకంలో వినిపించడానికి బయలుదేరడం [adi 3 (story)],"పాత్ర వివరణలో 'అథర్వవేదము' అని ఉంది, కానీ మన పాఠంలో TTD ఇచ్చిన అర్థం ప్రకారం సుమంతునికి సామవేదం, జైమినికి అథర్వవేదం (adi 3). నన్నయ 'క్రమంబున' అని మాత్రమే అంటాడు. రూపం మూలంలో లేదు."
to do,sarameya.png,sarameya,సారమేయుడు,,సరమ కుమారుడు,others,1,animal,male,కుక్కపిల్ల [adi 7 (story)],not stated in our sources [],not stated in our sources [],"దేవతల కుక్క సరమ కొడుకు; జనమేజయుని సత్రయాగశాలలోకి వస్తే రాజు తమ్ముళ్ళు ఏ తప్పూ లేకుండా కొట్టారు — హవిస్సు వైపు చూడలేదు, నాలుకతో ముట్టలేదు [adi 7 (story; vyasa Ganguli Adi III)]","దెబ్బలు తిని ఏడుస్తూ తల్లి సరమ దగ్గరకు పరుగెత్తడం (లేదా యాగశాలలోకి వచ్చిన క్షణం) [adi 7 (story, caption)]","రంగు, జాతి వివరాలు మా మూలాల్లో లేవు."
to do,shrutashravas.png,shrutashravas,శ్రుతశ్రవసుడు,,సోమశ్రవసుని తండ్రి అయిన ముని,sages & teachers,1,sage,male,not stated in our sources [],not stated in our sources [],not stated in our sources [],"మునిపల్లెలో ఉండే మహాముని, సోమశ్రవసుని తండ్రి; Vyasa: జనమేజయుని రాజ్యంలోని ప్రసిద్ధ ఋషి ఆశ్రమం [adi 7 (story; vyasa Ganguli Adi Parva Sec III)]",మునిపల్లెలో నమస్కరిస్తున్న జనమేజయునికి తన కొడుకు సోమశ్రవసుని పురోహితునిగా అనుమతిస్తున్న శ్రుతశ్రవసుడు [adi 7 (story)],రూపం పాఠంలో లేదు; సర్పయాగ సదస్యుల జాబితాలో కూడా ఉన్నాడు (adi 26).
to do,somashravas.png,somashravas,సోమశ్రవసుడు,,"నాగకన్య కుమారుడు, జనమేజయుని పురోహితుడు",sages & teachers,1,sage,male,"not stated in our sources; 'pure, steadfast in great tapas, shining with self-control and vows' [adi 7 (story)]",not stated in our sources [—],none stated [—],"son of the sage Shrutashravas; becomes Janamejaya's family priest (పురోహితుడు) to avert Sarama's warning [adi 7 (story; note Nannaya 1.87–1.90)]; in Vyasa only: born of a she-serpent who drank Shrutashravas's seed; gives any Brahmin whatever he asks [Ganguli Adi III (vyasa, adi 7)]; sits among the sadasyas at the snake sacrifice [adi 26 (story)]","at his father's hermitage, being asked for by King Janamejaya and accepted as his purohita [adi 7 (story)]",The serpent-mother birth is Vyasa only (Ganguli Adi III); the site note says it is not in Nannaya. Do not show serpent features unless labelled Vyasa. No description.
to do,ayodadhaumya.png,ayodadhaumya,ఆయోదధౌమ్యుడు,,"ఆరుణి, ఉపమన్యువు, వేదుల గురువు",sages & teachers,1,sage,male,not stated in our sources [],not stated in our sources [],not stated in our sources [],not stated in our sources [],"The rishi whose three disciples were Upamanyu, Aruni and Veda. [adi 8 (Vyasa: Ganguli, Adi Parva, Section III)]",Not in Nannaya — Nannaya skipped the Dhaumya-disciple stories (adi 8 note). Exists only in the Vyasa box.
to do,upamanyu.png,upamanyu,ఉపమన్యువు,,అశ్వినీ దేవతలను స్తుతించి చూపు పొందిన శిష్యుడు,sages & teachers,1,sage,male,"గురుకుల శిష్యుడు; 'బాగా లావుగా' ఉండేవాడు [adi 8 (Vyasa, Ganguli Adi III)]; జిల్లేడు ఆకులు తిని గుడ్డివాడై పాకుతూ బావి/గుంటలో పడ్డాడు; అశ్వినుల వరంతో చూపు తిరిగి వచ్చింది [adi 8 (Vyasa, Ganguli Adi III)]; అశ్వినుల వరం: అతని పళ్ళు బంగారు పళ్ళు అవుతాయి (గురువు పళ్ళు నల్లని ఇనుప పళ్ళు) [adi 8 (Vyasa, Ganguli Adi III)]",not stated in our sources [—],"గురువు ఆవులు (వాటిని కాసేవాడు); భిక్షాన్నం; అశ్వినులు ఇచ్చిన అప్పము (గురువుకు సమర్పించకుండా తిననన్నాడు) [adi 8 (Vyasa, Ganguli Adi III)]","ఆయోదధౌమ్యుని శిష్యుడు; గురుభక్తికి ప్రతీక [adi 8 (Vyasa, Ganguli Adi III)]","బావి అడుగున గుడ్డివాడై పడి ఉండి ఋగ్వేద వాక్యాలతో అశ్వినీ దేవతలను స్తుతించడం; వారిచ్చిన అప్పాన్ని గురువుకు సమర్పించకుండా తిననని నిరాకరించడం [adi 8 (Vyasa, Ganguli Adi III)]","ఈ కథ నన్నయ భారతంలో, మొదలి వచనంలో లేదు — వ్యాసుని మూలం (Vyasa box) నుండి మాత్రమే (adi 8 story). ఇతని గురువు ఆయోదధౌమ్యుడు, పాండవుల పురోహితుడు ధౌమ్యుడు కాదు."
to do,parjanya.png,parjanya,పర్జన్యుడు,,మేఘాల దేవత,gods,1,god,male,తేజస్వి అయిన దివ్య పురుషుడు [adi 10 (story)],not stated in our sources [],చాలా ఎత్తైన గుర్రం మీద కూర్చున్నాడు — ఆ గుర్రం అగ్ని [adi 10 (story; vyasa Ganguli Adi III)],ఇంద్రుని మిత్రుడు; వర్షదేవుడు [adi 10 (story; vyasa Ganguli Adi III)],"నాగలోకంలో ఎత్తైన గుర్రంపై కూర్చుని, ఉదంకుని స్తుతికి మెచ్చి 'ఈ గుర్రం చెవిలో ఊదు' అనడం [adi 10 (story)]",ఉదంకునికి అప్పుడు అతను పర్జన్యుడని తెలియదు; గురువు తరువాత చెప్పాడు. (adi 72లో పర్జన్యాస్త్రం కర్ణుని అస్త్రం — దేవుడు కాదు.)
to do,puloma-r.png,puloma-r,పులోముడు,,పులోమను ఎత్తుకుపోయిన రాక్షసుడు,others,1,demon/rakshasa,male,"'వింత రాక్షసుడు'; పులోమను ఎత్తుకుపోవడానికి పంది (వరాహ) రూపం ధరించాడు [adi 12 (story, caption)]; పసి చ్యవనుని తేజస్సుకు భగ్గున మండి బూడిదైపోయాడు [adi 12 (story)]",not stated in our sources [],not stated in our sources [],పులోమను పూర్వం వరించినవాడు; Vyasa: ఆమె తండ్రి ముందు ఆమెను పులోమునికే ఇస్తానని ప్రతిజ్ఞ చేశాడు [adi 12 (story; vyasa Ganguli Adi Parva Sec V)],"వరాహ రూపంలో వణుకుతున్న పులోమను భుజాన వేసుకుని పరుగెత్తుతున్న పులోముడు — జారిపడిన శిశువు చ్యవనుని తేజస్సుకు భస్మమవుతూ [adi 12 (story, caption)]","రాక్షస రూపం పాఠంలో వర్ణించబడలేదు; అపహరణ దృశ్యంలో పంది రూపమే. adi 26 లో సర్పయాగ సదస్యుడు 'పులోముడు' (ముని), adi 31 లో దనువు కొడుకు పులోముడు — వేరు కావచ్చు, కలపకూడదు."
to do,sukanya.png,sukanya,సుకన్య,,"శర్యాతి కుమార్తె, చ్యవనుని భార్య",sages & teachers,1,sage's wife,female,not stated in our sources [—],not stated in our sources [—],none stated [—],"daughter of King Sharyati; wife of the sage Chyavana (Bhrigu's son); mother of Pramati [adi 13 (story; note, TTD)]; her own story with Chyavana is told only later, in the Aranya Parva — not in our Adi/Sabha text [adi 12 (note); adi 13 (note); adi 5 (story)]",not stated in our sources (only named in the Bhrigu lineage) [adi 13 (story)],"Only a name in the genealogy here; no scene, no description. A princess by birth who became a sage's wife."
to do,sthulakesha.png,sthulakesha,స్థూలకేశుడు,,ప్రమద్వరను పెంచిన ముని,sages & teachers,1,sage,male,not stated in our sources [],not stated in our sources [],not stated in our sources [],not stated in our sources [],"Finds the abandoned baby girl alone on the river bank, takes pity, raises her and names her Pramadvara. [adi 14 (Vyasa: Ganguli, Adi Parva, Section VIII)]",In Nannaya Pramadvara simply grows up in his hermitage; finding the abandoned baby is from the Vyasa box. The name means 'thick-haired' but our text never describes his hair — do not draw from the name.
to do,vishvavasu.png,vishvavasu,విశ్వావసువు,,"గంధర్వ రాజు, ప్రమద్వర తండ్రి",others,1,gandharva/apsara,male,not stated in our sources [—],not stated in our sources [—],చాక్షుషి విద్య (మూడు లోకాలలో ఏదైనా చూడగల విద్య) — సోముని నుండి పొంది అంగారపర్ణునికి ఇచ్చాడు [adi 88 (story)],గంధర్వ రాజు; అప్సరస మేనక వల్ల ప్రమద్వరకు తండ్రి [adi 14 (story)],not stated in our sources — కథలో అతను ప్రత్యక్షంగా కనిపించే ఘట్టం లేదు; కూతురు ప్రమద్వర స్థూలకేశుని ఆశ్రమంలో పెరిగింది [adi 14 (story)],"మన పాఠంలో పేరు మాత్రమే వస్తుంది; రూపం, ఘట్టం లేవు. చిత్రం తప్పనిసరైతే గంధర్వ రాజు అని మాత్రమే ఆధారం."
to do,sahasrapada.png,sahasrapada,సహస్రపాదుడు,సహస్రపాత్తు,డుండుభ సర్ప రూపంలో శాపం అనుభవించిన ముని,sages & teachers,1,sage,male,"శాపం వల్ల డుండుభము అనే పెద్ద పాము — విషం లేనిది [adi 15 (story)]; రురువు కర్ర ఎత్తగానే ముని రూపం ధరించి ఎదుట నిలబడ్డాడు [adi 15 (story, caption)]",not stated in our sources [],not stated in our sources [],సహాధ్యాయి ఖగముని మీద వేళాకోళానికి గడ్డి పామును వేసినందుకు 'శక్తి లేని పామువు కమ్ము' అనే శాపం; రురువుతో మాట్లాడగానే విముక్తి [adi 15 (story)],"అడవిలో యమదండం వంటి కర్ర ఎత్తిన రురువు ఎదుట పాము రూపం విడిచి ముని రూపంలో నిలిచి అహింస బోధించడం [adi 15 (story, caption; vyasa Ganguli Adi XI)]",రెండు రూపాలు: డుండుభ సర్పం → ముని. వ్యాసునిలో పేరు సహస్రపాత్.
to do,khagama.png,khagama,ఖగముడు,,"సహస్రపాదుని స్నేహితుడు, శపించిన ముని",sages & teachers,1,sage,male,not stated in our sources [],not stated in our sources [],not stated in our sources [],సహస్రపాదుని సహాధ్యాయి; అగ్నిహోత్ర గృహంలో ఉండగా వేళాకోళానికి వేసిన గడ్డి పాముకు ఉలిక్కిపడి 'శక్తి లేని పామువు కమ్ము' అని శపించాడు; శాంతించి రురువును చూసినప్పుడు విముక్తి అని చెప్పాడు [adi 15 (story; note)],అగ్నిహోత్ర గృహంలో మీద పడిన గడ్డి పామును చూసి ఉలిక్కిపడి కోపంతో మిత్రుని శపిస్తున్న ఖగముడు [adi 15 (story)],సహస్రపాదుని మాటల్లో మాత్రమే కనిపిస్తాడు; రూపం లేదు. పాము గడ్డితో చేసినది.
to do,rahu.png,rahu,రాహువు,,అమృతం తాగి తల తెగిన అసురుడు,others,1,demon/rakshasa,male,"took on the form of a god to sit in the gods' row [adi 17 (story)]; after Vishnu's discus: severed at the throat — body falls to earth; the face/head, touched by amrita, remains imperishable [adi 17 (story; note Nannaya 2.18–2.19)]",not stated in our sources [—],the amrita he tried to drink; Vishnu's discus that cut his throat [adi 17 (story)],"son of Simhika [adi 31 (story)]; recognised by the Moon and the Sun, who told Narayana; hence eternal enmity with Moon and Sun [adi 17 (story; note 2.20)]; seizes the Sun out of season as an evil omen at the Pandavas' exile [sabha 24 (story; Ganguli Sabha LXXX vyasa)]","disguised as a god among the gods, the amrita at his lips, as Vishnu's discus severs his throat before it goes down [adi 17 (story)]","Nannaya says only head-severed, face immortal, and the enmity with Sun and Moon — no further iconography. An asura, closest category demon/rakshasa."
to do,nara.png,nara,నరుడు,,ప్రాచీన ఋషి — అర్జునునిగా జన్మించినవాడు,sages & teachers,1,sage,male,not stated in our sources [],not stated in our sources [],A bow — his arrows rain on the daityas like rain on mountain peaks [adi 17 (story)]; TTD says Nara's bow is the Gandiva [adi 17 (note)],Primeval sage reborn as Arjuna (with Narayana as Krishna) [adi 107 (story); adi 108 (story)],"At the churning of the ocean, seeing the asuras' arrows cover the gods, Nara leaps on the daityas with his bow beside Narayana with his discus. [adi 17 (story)]","Always paired with Narayana. Called 'Purushottama' in Vyasa's opening invocation (adi 2, Ganguli Sec. I). Nara-Narayana did sacrifices for ages at the place by Bindusaras (sabha 1)."
to do,vibhavasu.png,vibhavasu,విభావసుడు,,తమ్ముని శాపంతో తాబేలుగా పుట్టిన బ్రాహ్మణుడు,sages & teachers,1,animal,male,"మొదట బ్రాహ్మణుడు — అగ్నితో సమానమైన తేజస్సు గలవాడు, నియమాలు పాటించేవాడు, ధనవంతుడు [adi 20 (story; note)]; తమ్ముని ఎదురుశాపంతో మూడు యోజనాల ఎత్తు, పది యోజనాల చుట్టుకొలత గల తాబేలుగా మారాడు [adi 20 (story; note 2.68)]",not applicable / not stated in our sources [—],తండ్రితాతల ధనం — పంచి ఇవ్వడానికి నిరాకరించాడు [adi 20 (story)],అహంకారంతో తమ్ముడు సుప్రతీకుని 'ఏనుగువై ఉండు' అని శపించాడు; తమ్ముడు 'తాబేలువై పో' అని ఎదురుశాపం ఇచ్చాడు [adi 20 (story)]; సరోవరం దగ్గరి అడవిలో ఏనుగుతో రోజూ పెనుగులాడుతూ ఉన్నాడు; గరుడుడు ఒక గోటితో పట్టుకుని తిన్నాడు [adi 20 (story; caption)],సరోవరం దగ్గర ఏనుగు (తమ్ముడు)తో పోరాడుతున్న మహా తాబేలు — గరుడుని గోటిలో చిక్కి ఆకాశంలోకి [adi 20 (story; caption)],"పాత్ర వివరణలో 'ఏనుగుగా పుట్టిన ముని' అని ఉంది — మూలం ప్రకారం అది తప్పు: విభావసుడు (అన్న) తాబేలు అయ్యాడు, సుప్రతీకుడు (తమ్ముడు) ఏనుగు అయ్యాడు (adi 20, నన్నయ 2.65–2.68). చిత్రంలో విభావసునికి తాబేలు రూపమే."
to do,supratika.png,supratika,సుప్రతీకుడు,,అన్న శాపంతో ఏనుగుగా పుట్టిన విభావసుని తమ్ముడు,sages & teachers,1,animal,male,"శాపం వల్ల ఆరు యోజనాల ఎత్తు, పన్నెండు యోజనాల పొడవు గల ఏనుగు [adi 20 (story; note 2.68)]",not stated in our sources [],not stated in our sources [],"బ్రాహ్మణుడు, విభావసుని తమ్ముడు; తండ్రితాతల ధనంలో వాటా అడిగితే అన్న 'ఏనుగువై ఉండు' అని శపించాడు; ఇతను అన్నను 'తాబేలువై పో' అని ఎదురు శపించాడు [adi 20 (story)]; సరోవరం దగ్గరి అడవిలో తాబేలైన అన్నతో రోజూ పెనుగులాట; గరుడుడు ఒక గోటిలో ఏనుగును, మరొకదానిలో తాబేలును పట్టి తిన్నాడు [adi 20 (story, caption)]","సరోవరం దగ్గర తాబేలైన అన్నతో పెనుగులాడుతున్న మహాగజం — గరుడుని గోటిలో చిక్కబోతూ [adi 20 (story, caption)]",ముఖ్యం: మా మూలంలో సుప్రతీకుడు ఏనుగు అయ్యాడు; తాబేలు అయినది అన్న విభావసుడు (adi 20 story — Nannaya 2.65–2.68). ఇన్‌పుట్ పాత్ర వివరణ ('తాబేలుగా పుట్టిన ముని') తప్పు.
to do,krisha.png,krisha,కృశుడు,,శృంగికి మిత్రుడైన ముని బాలుడు,sages & teachers,1,sage,male,not stated in our sources [],not stated in our sources [],not stated in our sources [],'కృశుడనే ఒక ముని' — శృంగికి పరీక్షిత్తు అతని తండ్రి మెడలో చచ్చిన పాము వేసిన సంగతి చెప్పాడు [adi 24 (story)],తపస్సులో ఉన్న శృంగి దగ్గరకు వచ్చి పరీక్షిత్తు చేసిన అవమానం చెబుతున్న కృశుడు [adi 24 (story)],పాఠంలో 'ముని' అని మాత్రమే — 'బాలుడు' అని వయసు చెప్పలేదు (పాత్ర జాబితాలో 'ముని బాలుడు' అని ఉంది; అది మన పాఠంలో లేదు).
to do,gauramukha.png,gauramukha,గౌరముఖుడు,,శమీకుని శిష్యుడు,sages & teachers,1,sage,male,not stated in our sources [—],not stated in our sources [—],none stated [—],"disciple of the sage Shamika, sent as messenger to warn King Parikshit of Shringi's curse [adi 24 (story; note Nannaya 2.172–2.180)]","standing before King Parikshit, delivering Shamika's message about the seven-day curse and urging him to guard himself [adi 24 (story)]",Only a messenger-disciple; no description in our text.
to do,vapushtama.png,vapushtama,వపుష్టమ,,"కాశీ రాజకుమార్తె, జనమేజయుని రాణి",Pandava side,1,queen,female,not stated in our sources [],not stated in our sources [],not stated in our sources [],not stated in our sources [],Takes the sacrificial consecration (diksha) together with her husband Janamejaya for the serpent sacrifice. [adi 26 (story)],"Daughter of the King of Kashi. Vyasa names her father Suvarnavarman (adi 26, Ganguli Sec. XLIV). Mother of Shatanika and Shankukarna (adi 44)."
to do,girika.png,girika,గిరిక,,ఉపరిచర వసువు భార్య,others,1,queen,female,"కదిలే అందమైన కళ్ళు, చంద్రబింబం వంటి ముఖకాంతి, తుమ్మెదల్లా నల్లగా వంకర తిరిగిన ముంగురులు, లేత యౌవనం, బద్ధకపు నడక, బలిసిన స్తనాలు, విశాలమైన పిరుదులు (భర్త తలపులో) [adi 28 (story)]; ముద్దు మాటలు [adi 28 (story)]",not stated in our sources [—],not stated in our sources [—],"శుక్తిమతి నదికి, కోలాహల పర్వతానికి పుట్టిన కూతురు; వసుపదుని చెల్లెలు; నది ఆమెను ఉపరిచర వసువుకు కానుకగా ఇచ్చింది — అతని ధర్మపత్ని [adi 28 (story)]","ఋతుస్నానం చేసి ఆ సంగతి భర్తకు చెప్పిన రోజే భర్త పితరుల ఆజ్ఞతో వేటకు వెళ్ళడం (వ్యాసునిలో); భర్త దూరంగా అడవిలో ఆమెనే తలచుకుంటూ డేగ ద్వారా వీర్యం పంపాడు [adi 28 (story; Vyasa, Ganguli Adi LXIII)]",ఆమె రూప వర్ణన భర్త ఉపరిచరుని తలపులోనిది. ఆమె పెద్దగా ప్రత్యక్షంగా కనిపించే ఘట్టం లేదు.
to do,pururavas.png,pururavas,పురూరవుడు,,"చంద్ర వంశపు రాజు, ఊర్వశి భర్త",Kuru elders,1,king,male,not stated in our sources [],not stated in our sources [],"వ్యాసునిలో యజ్ఞానికి మూడు రకాల అగ్నులను గంధర్వలోకం నుండి మొదట తెచ్చినవాడు [adi 33 (vyasa, Ganguli Adi LXXV)]","ఇల (మనువు పుత్రిక), బుధుల కొడుకు; పదమూడు ద్వీపాలు ఏలిన చక్రవర్తి; మనిషి అయినా మానవాతీత సహచరులతో ఉండేవాడు (వ్యాసుడు) [adi 33 (story; vyasa Ganguli Adi LXXV)]; రాజ్యగర్వంతో బ్రాహ్మణుల సంపద అపహరించాడు; సనత్కుమారాదులకు దర్శనం ఇవ్వక ఎగతాళి చేశాడు — 'ఉన్మత్తుడవు కమ్ము' అనే శాపం [adi 33 (story; note 3.89–3.92)]; అప్సరస ఊర్వశితో గంధర్వలోకంలో; ఆరుగురు కొడుకులు [adi 33 (story)]","బ్రహ్మలోకం నుండి వచ్చిన సనత్కుమారాది మునులను గర్వంతో పరిహసిస్తున్న చక్రవర్తి [adi 33 (story, caption)]",నన్నయలో శాపం తరువాత అతను నశించినట్టు లేదు (adi 33 note). రూపం మా మూలాల్లో లేదు.
to do,sanatkumara.png,sanatkumara,సనత్కుమారుడు,,బ్రహ్మ మానస పుత్రుడు,sages & teachers,1,sage,male,not stated in our sources [],not stated in our sources [],not stated in our sources [],ఆత్మజ్ఞానానికి ప్రమాణం ('ఆత్మజ్ఞానంలో సనత్కుమారుడు మొదలైనవారి వంటివాడు' — దేవవ్రతుని పొగడ్త) [adi 49 (story)]; ప్రద్యుమ్నుడు సనత్కుమారుని అంశ [adi 32 (story; vyasa Ganguli Adi Parva Sec LXVII)],"బ్రహ్మ నియమించగా దేవమునులతో బ్రహ్మలోకం నుండి దిగి వచ్చి పురూరవునికి హితవు చెబుతున్న సనత్కుమారుడు — పరిహసిస్తున్న పురూరవుడు [adi 33 (story, caption; vyasa Ganguli Adi Parva Sec LXXV)]",'బ్రహ్మ మానస పుత్రుడు' అనే మాట మన పాఠంలో ఈ పేరుతో కనిపించలేదు; బాలుని రూపం కూడా పాఠంలో లేదు — కల్పించకూడదు.
to do,urvashi.png,urvashi,ఊర్వశి,,"అప్సరస, పురూరవుని భార్య",gods,1,gandharva/apsara,female,not stated in our sources [—],not stated in our sources [—],not stated in our sources [—],"apsara; lives with King Pururavas in the Gandharva world; mother of six sons — Ayu, Dhimanta, Amavasu, Dridhayu, Vanayu, Shatayu [adi 33 (story; note Nannaya)]; in Vyasa, Pururavas brought her (and the three sacred fires) from the Gandharva world [Ganguli Adi LXXV (vyasa, adi 33)]; among the apsaras in Kubera's hall [sabha 3 (story)]",not stated in our sources (named only; no scene described) [adi 33 (story)],"Only named in the Lunar genealogy and the list of Kubera's apsaras; no description or scene. Anything beyond 'apsara, wife of Pururavas' would be invention."
to do,ayu.png,ayu,ఆయువు,,పురూరవ ఊర్వశుల కుమారుడు,Kuru elders,1,king,male,not stated in our sources [],not stated in our sources [],not stated in our sources [],not stated in our sources [],Eldest of the six sons of Pururavas and Urvashi; by Svarbhanavi father of Nahusha and four others. [adi 33 (story)],Genealogy only.
to do,nahusha.png,nahusha,నహుషుడు,,"ఆయువు కుమారుడు, యయాతి తండ్రి",Kuru elders,1,king,male,"వ్యాసునిలో అతని 'అందమూ తపస్సూ పరాక్రమమూ తేజస్సుతో' దేవతలను జయించి ఇంద్రుడయ్యాడు; శరీర వివరాలు not stated in our sources [adi 33 (Vyasa, Ganguli Adi LXXV)]",not stated in our sources [—],"ఋషుల వీపుల మీద తనను మోయించుకున్నాడు (పల్లకీలా) [adi 33 (Vyasa, Ganguli Adi LXXV)]","ఆయువు, స్వర్భానవిల కొడుకు; రాజుగా అభిషిక్తుడు; ప్రియంవద వల్ల యతి, యయాతి మొదలైన ఆరుగురు కొడుకులు [adi 33 (story)]; వ్యాసునిలో అగస్త్యుని తలను కాలితో తాకి శాపంతో స్వర్గం నుండి తలకిందులుగా పడి పదివేల ఏళ్ళు పెద్ద పాముగా తిరిగాడు [adi 33 (Vyasa, Ganguli Udyoga XVII)]","ఇంద్ర పదవిలో గర్వంతో బ్రహ్మర్షులను వాహనంగా మోయించుకుంటూ అగస్త్యుని తలను కాలితో తాకడం — శాపంతో పతనం [adi 33 (Vyasa, Ganguli Udyoga XVII)]",నన్నయలో నహుషుడు వంశావళిలో పేరు మాత్రమే; పతనం కథ వ్యాసుని మూలం (Vyasa box) నుండి మాత్రమే. నాగుల జాబితాలోని 'నహుషుడు' (adi 16) వేరొక నాగుడు.
to do,ghurnika.png,ghurnika,ఘూర్ణిక,,శుక్రునికి వార్త చెప్పిన దాసి,others,1,attendant,female,not stated in our sources [],not stated in our sources [],not stated in our sources [],దేవయాని పరిచారిక [adi 36 (story)],"నూతి నుండి బయటపడిన దేవయానిని వెతుక్కుంటూ వచ్చి, వేగంగా వెళ్ళి జరిగినదంతా శుక్రునికి చెప్పడం [adi 36 (story)]",రెండు వాక్యాలు తప్ప మా మూలాల్లో ఏమీ లేదు.
to do,ashtaka.png,ashtaka,అష్టకుడు,,యయాతి దౌహిత్రుడైన రాజు,Kuru elders,1,king,male,not stated in our sources [],not stated in our sources [],"Vyasa: యజ్ఞభూమి — హోమధూమం, నేతి వాసన చూసి యయాతి దిగి వచ్చాడు; స్వర్గానికి బంగారు రథాలు [adi 40 (vyasa, Ganguli Adi Parva Sec LXXXIX–XCI, XCII–XCIII)]","యయాతి కూతురి కొడుకు (Vyasa: మాధవికి విశ్వామిత్రుని వల్ల పుట్టినవాడు) [adi 40 (story; vyasa Ganguli Udyoga Parva Sec CXV–CXIX)]; ప్రతర్దనుడు, వసుమంతుడు, శిబిలతో సద్భువనంలో ఉన్నాడు [adi 40 (story)]","స్వర్గం నుండి జారి వస్తున్న తేజస్వి యయాతిని ఎదుర్కొని ప్రశ్నలు అడుగుతున్న అష్టకుడు [adi 40 (story, caption)]",రూపం పాఠంలో లేదు; మనుమలలో ముందుండి మాట్లాడేవాడు.
to do,matinara.png,matinara,మతినారుడు,,"పూరు వంశపు రాజు, సరస్వతి నదిని వివాహమాడినవాడు",Kuru elders,1,king,male,not stated in our sources [—],not stated in our sources [—],none stated; performs a twelve-year sattra sacrifice on the bank of the Sarasvati [adi 41 (story)],"son of Riksha by Jvala, daughter of the serpent Takshaka; a Puru-line king [adi 41 (story)]; the river Sarasvati fell in love with him and took him as husband; father of Trasu [adi 41 (story)]",performing the twelve-year sattra on the Sarasvati's bank as the river-goddess chooses him for her husband [adi 41 (story)],His mother is a Naga princess (Takshaka's daughter) and his wife a river-goddess. No description.
to do,sarasvati-r.png,sarasvati-r,సరస్వతి,,నదీ దేవత,gods,1,goddess,female,not stated in our sources [],not stated in our sources [],not stated in our sources [],Speaks from the sky as a divine voice over the infant Bharata [adi 43 (story)],Seated with Brahma on the lotus seat as he creates beings (Narada's description of Brahma's hall). [sabha 3 (story)],"Our text presents Sarasvati as goddess of speech (adi 1, adi 6, adi 43, sabha 3) and also lists a Sarasvati river taking form in Brahma's hall (sabha 3). No physical description."
to do,hasti.png,hasti,హస్తి,,హస్తినాపురానికి పేరు ఇచ్చిన రాజు,Kuru elders,1,king,male,not stated in our sources [—],not stated in our sources [—],not stated in our sources [—],సుహోత్రునికి ఇక్ష్వాకు రాజకుమార్తె సువర్ణ వల్ల పుట్టాడు; అతని పేరు మీదనే హస్తిపురము — హస్తినాపురము [adi 44 (story)]; భార్య త్రిగర్త రాజకుమార్తె యశోధర; కొడుకు వికుంఠనుడు [adi 44 (story)],not stated in our sources — వంశావళిలో పేరు మాత్రమే; నగరానికి పేరు ఇచ్చిన రాజుగా మాత్రమే చిత్రించవచ్చు [adi 44 (story)],"రూపం, ఘట్టం మూలంలో లేవు. 'హస్తి' (ఏనుగు) అనే పదం ఇతర చోట్ల వేరే అర్థంలో వస్తుంది — ఈ రాజు ప్రస్తావన adi 44లో మాత్రమే."
to do,jitavati.png,jitavati,జితవతి,,ఉశీనర రాజకుమార్తె,others,1,princess,female,not stated in our sources [],not stated in our sources [],వసిష్ఠుని హోమధేనువు నందిని — దాని పాలు తాగితే పదివేల ఏళ్ళు జరారోగాలు లేకుండా బతుకుతారు; ఆమె కోసమే ప్రభాసుడు దానిని దొంగిలించాడు [adi 45 (story; note 4.159–4.160)],ఉశీనర రాజు (రాజర్షి) కూతురు; ఎనిమిదవ వసువు ప్రభాసుని భార్యకు ప్రాణస్నేహితురాలు; మానవ రాజకుమార్తె [adi 45 (story; vyasa Ganguli Adi XCIX); adi 48 (story)],not stated in our sources — కథలో ఆమె నేరుగా కనిపించదు; ప్రస్తావన మాత్రమే [adi 45 (story)],తెరపై కనిపించని పాత్ర — మానవ రాజకుమారి; ఆవును ఆమె అందుకున్నట్టు మూలంలో లేదు.
to do,shalva.png,shalva,శాల్వుడు,,"సౌభ దేశపు రాజు, అంబ మనసు పడినవాడు",others,1,king,male,not stated in our sources [],not stated in our sources [],"రథం, బాణాలు — 'నా బాణాల అడవి'; వందలు, వేలు, లక్షలు, కోట్లుగా బాణాలు కురిపించాడు [adi 51 (story)]; భీష్ముడు అతని గుర్రాలను, రథాన్ని, సారథిని కూల్చాడు; Vyasa: నాలుగు గుర్రాలు [adi 51 (story; vyasa Ganguli Adi Parva Sec CII)]","శాల్వ రాజు / సౌభపతి; అంబ మనసులో వరించినవాడు [adi 51 (story; vyasa)]; Vyasa: తిరిగి వచ్చిన అంబను నవ్వి, 'నాకు భీష్ముడంటే భయం' అని పాము కుబుసం విడిచినట్టు విడిచాడు [adi 51 (vyasa, Ganguli Udyoga Parva Sec CLXXVI)]","ఇతర రాజులు ఓడినా పట్టు విడవకుండా భీష్ముని రథాన్ని వెంటాడి 'ఆగు, నాతో యుద్ధం చెయ్యి' అని ఎదురు నిలిచిన శాల్వుడు [adi 51 (story)]",గంగూలీ అనువాదంలో ఇతని పేరు 'Salya' అని ఉంది — శల్యుడు (మద్ర రాజు) వేరు; కలపకూడదు.
to do,utathya.png,utathya,ఉతథ్యుడు,,"మహర్షి, మమత భర్త",sages & teachers,1,sage,male,not stated in our sources [—],not stated in our sources [—],not stated in our sources [—],"son of Angiras; elder brother of Brihaspati and Samvarta [adi 31 (story)]; husband of Mamata, father of the blind sage Dirghatamas [adi 52 (story); Ganguli Adi CIV (vyasa)]",not stated in our sources (he is absent from the scene; the story happens to his pregnant wife Mamata) [adi 52 (story)],Named only as Mamata's husband and Brihaspati's brother; he does not act in any scene. No description.
to do,mamata.png,mamata,మమత,,"ఉతథ్యుని భార్య, దీర్ఘతముని తల్లి",sages & teachers,1,sage's wife,female,Pregnant (గర్భవతి) [adi 52 (story)],not stated in our sources [],not stated in our sources [],"Mother of Dirghatamas, who was born blind [adi 52 (story); adi 52 (Vyasa: Ganguli, Adi Parva, Section CIV)]","Pregnant, she plainly refuses Brihaspati: 'I carry your elder brother's child' — he does not listen. [adi 52 (Vyasa: Ganguli, Adi Parva, Section CIV)]",Wife of the sage Utathya. In Nannaya Brihaspati asks her by 'devara nyaya'; her clear refusal is in the Vyasa box. Do not show her consenting.
to do,dirghatamas.png,dirghatamas,దీర్ఘతముడు,దీర్ఘతమసుడు,పుట్టు అంధుడైన ముని,sages & teachers,1,sage,male,"పుట్టు గుడ్డివాడు (బృహస్పతి శాపం) [adi 52 (story; Vyasa, Ganguli Adi CIV)]; ముసలివాడు, నోటి నుండి దుర్వాసన వచ్చేవాడు (సుదేష్ణ చూపులో) [adi 52 (story)]",not stated in our sources [—],దుంగలు/కట్టెలు — వాటికి కట్టబడి గంగలో కొట్టుకుపోయాడు [adi 52 (story; caption)],"ఉతథ్యుని భార్య మమత కొడుకు; గర్భంలోనే 'ఇది ధర్మానికి విరుద్ధం' అని అరిచి బృహస్పతి శాపం పొందాడు [adi 52 (story)]; గుడ్డివాడైనా వేదాలు, వేదాంగాలు పూర్తిగా నేర్చినవాడు; భర్త లేని స్త్రీలు నగలు, మంగళసూత్రం లేకుండా బతకాలని శపించినవాడు [adi 52 (story; note)]; కాక్షీవంతుడు మొదలైన పదకొండు మంది కొడుకులు, అంగుడు (సుదేష్ణ వల్ల) [adi 52 (story)]",దుంగలకు కట్టబడి గంగలో కొట్టుకుపోతూ కూడా స్వరం తప్పకుండా వేదాలు పఠించడం — ఒడ్డు నుండి చూస్తున్న బలి రాజు [adi 52 (story; caption)],కళ్ళు చూపులేనివిగా చూపాలి; ముసలి వయసు. నన్నయలో భార్య పేరు ప్రద్వేషిణి (వ్యాసునిలో ప్రద్వేషి).
to do,pradveshini.png,pradveshini,ప్రద్వేషిణి,,దీర్ఘతముని భార్య,sages & teachers,1,sage's wife,female,not stated in our sources [],not stated in our sources [],not stated in our sources [],"బ్రాహ్మణ స్త్రీ, పుట్టు గుడ్డి ముని దీర్ఘతముని భార్య; గౌతముడు మొదలైన చాలా మంది కొడుకుల తల్లి [adi 52 (story)]; భర్తను భరించలేనని, కొడుకులతో ఆ ముసలివాడిని దుంగలకు కట్టి గంగలో వదిలించింది; వ్యాసునిలో పేరు 'ప్రద్వేషి' [adi 52 (story; vyasa Ganguli Adi CIV)]",కోపంతో కొడుకులను పిలిచి 'ఈ ముసలివాడిని ఎక్కడికైనా తీసుకుపోండి' అనడం [adi 52 (story)],రూపం మా మూలాల్లో లేదు.
to do,subala.png,subala,సుబలుడు,,"గాంధార రాజు, గాంధారి శకునుల తండ్రి",Kaurava side,1,king,male,not stated in our sources [],not stated in our sources [],not stated in our sources [],"గాంధార దేశపు రాజు; గాంధారి, శకునుల తండ్రి [adi 55 (story); sabha 17 (story)]; ఎవరినీ అడగకుండానే గాంధారిని ధృతరాష్ట్రునికి ఇస్తానని మాట ఇచ్చాడు [adi 55 (story)]",భీష్ముని దూతలకు 'గాంధారిని ఆ రాజుకు ఇచ్చాను' అని మాట ఇస్తున్న గాంధార రాజు సుబలుడు [adi 55 (story)],sabha 1 లో మునుల జాబితాలోని 'సుబలుడు' ముని — వేరే వ్యక్తి కావచ్చు; sabha 13 లో రాజసూయంలో నకులుడు గౌరవించిన సుబలుడు గాంధార రాజే. రూపం పాఠంలో లేదు.
to do,radha.png,radha,రాధ,,కర్ణుని పెంచిన తల్లి,others,1,other,female,childless before Karna (Vyasa); milk flows from her breasts the moment she sees the baby [adi 56 (story; note Nannaya 5.32–5.33); Ganguli Vana CCCVI–CCCVII (vyasa)],not stated in our sources [—],"the gem-filled box with the baby, brought home by her husband [adi 56 (story)]","wife of a strong sūta (charioteer) — Nannaya names him only 'Radha's husband'; Vyasa: Adhiratha, friend of Dhritarashtra [adi 56 (story, note); Ganguli Vana CCCVI–CCCVII (vyasa)]; Karna is called Radheya after her; they name him Vasushena [adi 56 (story); Ganguli Adi CXI (vyasa)]","receiving the radiant baby Karna from her husband, overwhelmed with joy as her milk flows [adi 56 (story)]","A sūta woman, foster-mother of Karna. Type 'other' (foster-mother in a charioteer's household). In Vyasa she herself spots the box on the Ganga and has her husband bring it."
to do,kindama.png,kindama,కిందముడు,,జింక రూపంలో పాండురాజు బాణానికి బలైన ముని,sages & teachers,1,sage,male,In the form of a beautiful male deer (అందమైన జింక రూపం) with his wife also as a doe [adi 58 (story)],not stated in our sources [],not stated in our sources [],"Pierced by Pandu's arrows (five arrows struck the pair); in Vyasa the arrows are gold-feathered [adi 58 (story); adi 58 (Vyasa: Ganguli, Adi Parva, Section CXVIII)]; Speaks with a human voice while dying [adi 58 (story)]","Fallen male deer, barely alive, speaking to Pandu as he pulls out the arrows, then cursing him and dying. [adi 58 (story); adi 58 (caption)]","Show him as a deer, not a man; the doe (his wife) also lies fallen. They were mating when shot. In Vyasa he took deer form out of shame to do this among men."
to do,vyushitashva.png,vyushitashva,వ్యుషితాశ్వుడు,,పూరు వంశపు ప్రాచీన రాజు,Kuru elders,1,king,male,సాటిలేని బలపరాక్రమాలు గలవాడు; శరీర వివరాలు not stated in our sources [adi 59 (story)],not stated in our sources [—],నూరు అశ్వమేధాలు — యజ్ఞాగ్ని ద్వారా ఇంద్రుడూ దేవతలూ చేతులు చాచి హవిస్సులు అందుకున్నారు [adi 59 (story)],"పూరు వంశపు రాజు; నాలుగు దిక్కుల రాజులను భుజబలంతో జయించాడు [adi 59 (story)]; భార్య కాక్షీవతి భద్ర మీది ఎడతెగని కామంతో క్షయరోగం పట్టి చనిపోయాడు; వ్యాసునిలో అతని శవం భద్ర వల్ల ఏడుగురు పిల్లలను కన్నది [adi 59 (story; Vyasa, Ganguli Adi CXXI)]",అతని యజ్ఞాగ్ని నుండి ఇంద్రుడూ దేవతలూ స్వయంగా చేతులు చాచి హవిస్సులు అందుకోవడం [adi 59 (story)],కుంతి పాండురాజుకు చెప్పిన కథలోని రాజు. రూపం మూలంలో లేదు.
to do,dushala.png,dushala,దుస్సల,దుశ్శల,ధృతరాష్ట్ర గాంధారుల కుమార్తె,Kaurava side,1,princess,female,తీగ వంటి సుకుమారి [adi 61 (story)],not stated in our sources [],not stated in our sources [],"ధృతరాష్ట్ర గాంధారుల ఒక్కగానొక్క కూతురు — నూరుగురు కొడుకులకు చెల్లెలు; మాంసపు ముద్ద నుండి నూట ఒకటవ భాగంగా పుట్టింది (గాంధారి కోరిక) [adi 61 (story); adi 60 (vyasa, Ganguli Adi CXVI)]; సింధు రాజు జయద్రథుని భార్య [adi 61 (vyasa, Ganguli Adi CXVII)]",నూరుగురు అన్నల చెల్లెలిగా పుట్టిన పసిబిడ్డ — దౌహిత్రుల పుణ్యలోకాలు దక్కుతాయని ధృతరాష్ట్రుడు పొంగిపోవడం [adi 61 (story)],"నన్నయలో పేరు 'దుశ్శల', మొదలి వచనంలో 'దుస్సల' (adi 61 note). నూరుగురు కొడుకుల జాబితాలోనూ 'దుశ్శల' అనే కొడుకు ఉన్నాడు — అతను వేరు."
to do,aryaka.png,aryaka,ఆర్యకుడు,,నాగలోకంలో భీముని గుర్తించిన వృద్ధ నాగుడు,others,1,naga,male,"not stated in our sources (కుంతి తండ్రికి తాత — వరుసలో పెద్దవాడు అని మాత్రమే) [adi 65 (vyasa, Ganguli Adi Parva Sec CXXVIII)]",not stated in our sources [],"Vyasa: రసకుండాలు — ఒక్కొక్క కుండలో వేయి ఏనుగుల బలం; భీముని ఎంత తాగగలిగితే అంత తాగనివ్వమన్నాడు [adi 65 (vyasa, Ganguli Adi Parva Sec CXXVIII; caption)]","Vyasa: నాగుడు, కుంతి తండ్రికి తాత — నాగలోకంలో భీముని బంధువుగా గుర్తించాడు [adi 65 (vyasa, Ganguli Adi Parva Sec CXXVIII)]",Vyasa: 'ఇతనికి ధనం అక్కర లేదు; రసకుండాలలోని రసాన్ని తాగనివ్వు' అని వాసుకితో చెబుతున్న ఆర్యకుడు — గంగ అడుగున నాగలోకంలో కుండలు తాగుతున్న భీముడు [adi 65 (vyasa; caption)],ఈ ఘట్టం నన్నయలో లేదు — వ్యాసుని సంస్కృత భారతం నుండి మాత్రమే (adi 65 caption). నాగ రూపం (పాము/మనిషి) పాఠంలో వర్ణించబడలేదు. adi 16 నాగుల జాబితాలోనూ పేరు ఉంది.
to do,sharadvan.png,sharadvan,శరద్వంతుడు,శరద్వానుడు,"గౌతమ ముని, కృప కృపిల తండ్రి",sages & teachers,1,sage,male,గొప్ప తేజస్సు — great radiance from birth [adi 66 (story)]; body trembles when he sees the apsara Jalapada (Vyasa: Janapadi) [adi 66 (story); Ganguli Adi CXXX (vyasa)],"black deer-skin (నల్లని జింక చర్మం) left beside the bow and arrows [adi 66 (story, caption); Ganguli Adi CXXX (vyasa)]",born with a sheaf of arrows (పుట్టుకతోనే బాణాల గుత్తితో) [adi 66 (story; note cites Nannaya 5.185)]; a strong bow and arrows that slip from his hand [adi 66 (story)],"son of the sage Gautama; disliked Vedic study, won dhanurveda by austerity [adi 66 (story)]; father of the twins Kripa and Kripi; later performs Kripa's upanayana and teaches him archery himself [adi 66 (story)]","in his forest hermitage, bow and arrows slipping from his trembling hands as Indra's apsara Jalapada glances at him [adi 66 (story); Ganguli Adi CXXX (vyasa)]","An ascetic-archer, not a king. Nannaya names the apsara Jalapada (variants Janapadi etc., TTD); Vyasa (Ganguli) Janapadi, who comes wearing a single cloth. In Vyasa he does not yield and flees, leaving bow, arrows and deer-skin."
to do,prishata.png,prishata,పృషతుడు,,"పాంచాల రాజు, ద్రుపదుని తండ్రి",Pandava side,1,king,male,not stated in our sources [],not stated in our sources [],not stated in our sources [],not stated in our sources [],"Doing fierce tapas, he sees the apsara Menaka gathering spring flowers; his seed falls and he covers it with his foot — from it Drupada is born. [adi 66 (story)]",King of Panchala and friend of Bharadvaja; he left the infant Drupada in Bharadvaja's hermitage. Keep the scene decent; text says 'covered it with his foot'.
to do,kanika.png,kanika,కణికుడు,,రాజనీతిజ్ఞుడైన బ్రాహ్మణుడు — నన్నయలో శకుని ఆప్తమంత్రి,Kaurava side,1,other,male,not stated in our sources [—],not stated in our sources [—],not stated in our sources [—],"నన్నయలో శకునికి (సౌబలునికి) ఆప్తమంత్రి, రాజనీతిలో ఆరితేరినవాడు; అతని దగ్గరకు వెళ్ళి అడిగినది దుర్యోధనుడు [adi 76 (story; note 6.101)]; వ్యాసునిలో బ్రాహ్మణుడు, మంత్రులలో శ్రేష్ఠుడు — ధృతరాష్ట్రుడు పిలిపించి అడిగాడు [adi 76 (Vyasa, Ganguli Adi CXLII)]","దుర్యోధనునికి 'సామ దాన భేదాలతో, ఒట్టు పెట్టుకుని అయినా శత్రువులను ఆలస్యం లేకుండా చంపాలి' అనే కుటిల రాజనీతి బోధించడం [adi 76 (story)]","పాత్ర వివరణలో 'ధృతరాష్ట్రుని మంత్రి' అని ఉంది — అది వ్యాసుని పాఠం. నన్నయలో అతను శకుని మంత్రి, శ్రోత దుర్యోధనుడు; నన్నయ వరుసే పాటించాలి (TTD దీనిని 'పెద్ద మార్పు' అంటుంది)."
to do,hidimba.png,hidimba,హిడింబుడు,హిడింబాసురుడు,"నరభక్షక రాక్షసుడు, హిడింబి అన్న",others,1,demon/rakshasa,male,"కారుమేఘంలా నల్లని పెద్ద దేహం, మెరుపుల్లా మెరిసే ఎనిమిది కోరలు, పళ్ళు కొరుకుతూ, కోపంతో ఎర్రబడిన గుండ్రని పెద్ద కళ్ళు, గాలికి ఎగిరే గరుకైన జుట్టు — సాక్షాత్తూ యముడిలా [adi 82 (story; note — ఎనిమిది కోరల రూపం)]",not stated in our sources [],not stated in our sources (ఆయుధం లేదు — చేతులతో భీముని బిగించాడు) [adi 82 (story)],"నరభక్షకుడు; సాల వృక్షాల గుంపులో, 'నల్లని మేఘంలా కనిపించే ఇల్లు'లో ఉంటాడు; హిడింబి అన్న [adi 82 (story)]; భూమ్యాకాశాలు నిండేలా సింహనాదం చేశాడు [adi 82 (story)]","చెల్లెలు తిరిగి రాకపోవడంతో కోపంతో మండిపోతూ, ఎర్రని కళ్ళు తిప్పుతూ, కోరలు మెరుస్తూ నిద్రిస్తున్న పాండవుల వైపు దూసుకురావడం [adi 82 (story)]",నన్నయలో అతను వాసన పసిగట్టడు; దూరం నుండి చూస్తాడు (adi 82 note). భీముడు మల్లయుద్ధంలో చంపాడు; వ్యాసునిలో నూరుసార్లు తిప్పి నడుము దగ్గర విరిచాడు.
to do,vimaladitya.png,vimaladitya,విమలాదిత్యుడు,,"రాజరాజనరేంద్రుని తండ్రి, చాళుక్య రాజు",others,1,king,male,not stated in our sources [],not stated in our sources [],not stated in our sources [],చంద్రవంశపు చాళుక్య రాజు; రాజరాజనరేంద్రుని తండ్రి [adi 1 (story)],not stated in our sources — ఒక్క వాక్యంలో తండ్రిగా పేరు మాత్రమే [adi 1 (story)],మహాభారత కథాపాత్ర కాదు — నన్నయ కాలపు రాజవంశం (adi 1 పీఠిక). ఏ దృశ్యమూ పాఠంలో లేదు; పోర్ట్రెయిట్‌కు ఆధారం లేదు.
to do,valmiki.png,valmiki,వాల్మీకి,,"ఆదికవి, ప్రచేతసుని కొడుకు",sages & teachers,1,sage,male,not stated in our sources [—],not stated in our sources [—],not stated in our sources [—],"son of Prachetas; the first poet (ఆదికవి), teacher of verse, of great tapas — remembered by Nannaya in his opening invocation [adi 1 (story; note)]",not stated in our sources (only invoked by Nannaya with Vyasa) [adi 1 (story)],Appears only in Nannaya's invocation; no scene or description in our text.
to do,romaharshana.png,romaharshana,రోమహర్షణుడు,,"వ్యాస శిష్యుడు, ఉగ్రశ్రవుని తండ్రి",sages & teachers,1,sage,male,not stated in our sources [],not stated in our sources [],not stated in our sources [],not stated in our sources [],Only named as a disciple of Vyasa and father of Ugrashravas (Sauti). [adi 2 (story)],Never appears in a scene; he is only cited as Sauti's father. He is a suta (Sauti is called 'son of the suta').
to do,kutsa.png,kutsa,కుత్సుడు,,స్థూలకేశుని ఆశ్రమానికి వచ్చిన ముని,sages & teachers,1,sage,male,not stated in our sources [—],not stated in our sources [—],not stated in our sources [—],పాము కాటుకు చనిపోయిన ప్రమద్వరను చూడడానికి స్థూలకేశుని ఆశ్రమానికి వచ్చిన మునులలో ఒకడు [adi 14 (story)]; ధర్మరాజు సభకు వచ్చిన మునుల జాబితాలో కూడా ఉన్నాడు [sabha 1 (story)],"స్థూలకేశుని ఆశ్రమంలో నేల మీద పడి ఉన్న ప్రమద్వరను చూసి గౌతమ, కణ్వ మొదలైన మునులతో కలిసి దుఃఖించడం [adi 14 (story)]",జాబితాలలో పేరు మాత్రమే; స్వతంత్ర వర్ణన లేదు.
to do,kaushika.png,kaushika,కౌశికుడు,,స్థూలకేశుని ఆశ్రమానికి వచ్చిన ముని,sages & teachers,1,sage,male,not stated in our sources [],not stated in our sources [],not stated in our sources [],"ప్రమద్వర చనిపోయినప్పుడు గౌతమ, కణ్వ, కుత్సాది మునులతో కలిసి దయతో స్థూలకేశుని ఆశ్రమానికి వచ్చిన ముని (పేరు మాత్రమే) [adi 14 (story)]",పాము కాటుతో నేల మీద పడి ఉన్న ప్రమద్వరను చూసి దుఃఖిస్తున్న మునుల గుంపులో [adi 14 (story)],"పేరు మాత్రమే ఉంది. సర్పయాగ సదస్యులలో (adi 26), సభలో (sabha 1) 'కౌశికుడు' అనే మునులు, సభ 4లో హంసుని మరోపేరు 'కౌశికుడు' — ఇవి ఒకరేనో కాదో మూలం చెప్పదు; కలపవద్దు."
to do,shankha.png,shankha,శంఖుడు,,స్థూలకేశుని ఆశ్రమానికి వచ్చిన ముని,sages & teachers,1,sage,male,not stated in our sources [],not stated in our sources [],not stated in our sources [],ప్రమద్వర పాముకాటుకు చనిపోయిందని విని దయతో స్థూలకేశుని ఆశ్రమానికి వచ్చిన మునులలో ఒకడు [adi 14 (story)],స్థూలకేశుని ఆశ్రమంలో నేల మీద పడి ఉన్న ప్రమద్వరను చూసి దుఃఖిస్తున్న మునుల గుంపులో శంఖుడు [adi 14 (story)],పేర్ల జాబితాలో మాత్రమే. adi 16 నాగుల జాబితాలో ఉన్న 'శంఖుడు' (నాగుడు) వేరు.
to do,mekhala.png,mekhala,మేఖలుడు,,స్థూలకేశుని ఆశ్రమానికి వచ్చిన ముని,sages & teachers,1,sage,male,not stated in our sources [—],not stated in our sources [—],not stated in our sources [—],"one of the sages (with Gautama, Kanva, Bharadvaja, Uddalaka and others) who came to Sthulakesha's hermitage when Pramadvara died [adi 14 (story)]",among the sages gathering in compassion at Sthulakesha's hermitage [adi 14 (story)],Only a name in a list of sages. No description.
to do,maitreya.png,maitreya,మైత్రేయుడు,,స్థూలకేశుని ఆశ్రమానికి వచ్చిన ముని,sages & teachers,1,sage,male,not stated in our sources [],not stated in our sources [],not stated in our sources [],not stated in our sources [],Comes with other sages to Sthulakesha's hermitage when Pramadvara dies of snakebite. [adi 14 (story)],"Only in name lists (adi 14; sadasya at the serpent sacrifice, adi 26). No description."
to do,jyeshtha.png,jyeshtha,జ్యేష్ఠాదేవి,,సముద్ర మథనంలో పుట్టిన దేవి,gods,1,goddess,female,not stated in our sources [—],not stated in our sources [—],not stated in our sources [—],"సముద్ర మథనంలో చంద్రుడు, శ్రీదేవి, ఉచ్చైఃశ్రవం మొదలైనవాటితో పాటు పుట్టింది (నన్నయ 2.16) [adi 17 (story; note)]",పాలసముద్ర మథనం నుండి పైకి రావడం [adi 17 (story)],"మన మూలాలలో పేరు మాత్రమే — రూపం, వాహనం, చిహ్నాలు ఏవీ లేవు. adi 31లోని 'వరుణుని భార్య జ్యేష్ఠ' వేరే వ్యక్తి కావచ్చు; adi 60 జ్యేష్ఠా నక్షత్రం వేరు."
to do,chandra.png,chandra,చంద్రుడు,,"సముద్ర మథనంలో పుట్టినవాడు, బుధుని తండ్రి",gods,1,god,male,"వేయి కిరణాల చల్లని చంద్రుడు [adi 17 (vyasa, Ganguli Adi XVIII)]",not stated in our sources [],not stated in our sources [],"సముద్ర మథనంలో పుట్టాడు (జ్యేష్ఠాదేవి, శ్రీదేవి, ఉచ్చైశ్రవం మొదలైనవాటితో) [adi 17 (story)]; దక్షుడు అశ్వని మొదలైన ఇరవై ఏడుగురు కూతుళ్ళను అతనికి ఇచ్చాడు; రోహిణి ప్రియురాలు [adi 31 (story); adi 100 (story)]; బుధుని తండ్రి — అలా పురూరవుని తాత (చంద్రవంశ మూలం) [adi 33 (story)]; దేవతల వరుసలో అమృతం తాగబోయిన రాహువును సూర్యునితో కలిసి గుర్తుపట్టి నారాయణునికి చెప్పాడు — అప్పటి నుండి రాహువుకు తీరని పగ [adi 17 (story)]",దేవతల వరుసలో అమృతం తాగుతుండగా పక్కనే కూర్చున్న రాహువును గుర్తుపట్టి నారాయణునికి చూపడం [adi 17 (story)],"రూపం (రంగు, వాహనం) మా మూలాల్లో వర్ణించలేదు — 'వేయి కిరణాలు, చల్లదనం' మాత్రమే (Ganguli)."
to do,lakshmi.png,lakshmi,శ్రీదేవి (లక్ష్మి),,"ముల్లోకాలూ మొక్కే దేవి, సముద్ర మథనంలో పుట్టినది",gods,1,goddess,female,not stated in our sources [],"Vyasa: తెల్లని వస్త్రాలు ధరించిన లక్ష్మి సముద్ర మథనంలో పుట్టింది [adi 17 (vyasa, Ganguli Adi Parva Sec XVIII)]",not stated in our sources [],"సముద్ర మథనంలో పుట్టిన, ముల్లోకాలూ మొక్కే శ్రీదేవి — కౌస్తుభంతో పాటు నారాయణుని వక్షస్థలాన్ని చేరింది [adi 17 (story)]; విష్ణువు లక్ష్మిని వక్షస్సులో నిలుపుకున్నాడు [adi 1 (story)]; రుక్మిణి లక్ష్మి అంశ; ద్రౌపది లక్ష్మీ స్వరూపం (Vyasa: గంగ దగ్గర ఏడ్చిన శ్రీదేవియే ద్రౌపది) [adi 32 (story); adi 99 (vyasa, Ganguli Adi Parva Sec CXCIX)]",పాలసముద్ర మథనంలో పైకి లేచి నారాయణుని వక్షస్థలాన్ని చేరుతున్న శ్రీదేవి [adi 17 (story; vyasa Ganguli Sec XVIII)],"తామర, చేతుల సంఖ్య, బంగారు నాణేలు, ఏనుగులు మన పాఠంలో లేవు. తెల్లని వస్త్రాలు వ్యాస పెట్టె నుండి. adi 31 లో దక్షుని కూతుళ్ళలో 'లక్ష్మి' (ధర్ముని భార్య) వేరే సందర్భం."
to do,dhanvantari.png,dhanvantari,ధన్వంతరి,,అమృత కమండలంతో మథనంలో పుట్టినవాడు,gods,1,god,male,not stated in our sources [—],not stated in our sources [—],"a white water-pot (తెల్లని కమండలం) full of amrita [adi 17 (story; note Nannaya 2.16)]; in Vyasa: a white vessel (కలశం) of amrita in his hand [Ganguli Adi XVIII (vyasa, adi 17)]","rose from the churning of the milk-ocean [adi 17 (story)]; on seeing him the asuras shouted 'it is ours!' (Vyasa) [Ganguli Adi XVIII (vyasa, adi 17)]",rising from the churned milk-ocean holding the white kamandalu full of amrita [adi 17 (story)],The white amrita pot is his only textual attribute. No body description.
to do,bhaumana.png,bhaumana,భౌమనుడు,,దేవతల మహా కింకరుడు,gods,1,attendant,male,not stated in our sources [],not stated in our sources [],"Leads an army bearing axes, vajras, spears, bows, iron clubs (parigha) and discs [adi 21 (story)]",not stated in our sources [],"Charges Garuda with his armed host and is burnt to ash in an instant in Garuda's fiery anger, like a moth. [adi 21 (story)]","Called 'the great servant (కింకరుడు) of the gods'. Present only in Nannaya (note, adi 21, 2.96–2.97)."
to do,uttara.png,uttara,ఉత్తర,,"విరాటరాజు కూతురు, అభిమన్యుని భార్య",Pandava side,1,princess,female,not stated in our sources [—],not stated in our sources [—],not stated in our sources [—],"విరాటరాజు కూతురు; అభిమన్యుని భార్య; పరీక్షిత్తు తల్లి [adi 24 (story); adi 44 (story)]; ఉత్తర అభిమన్యుల వివాహం విరాట పర్వ విషయ సూచికలో మాత్రమే ప్రస్తావించబడింది [adi 5 (story)]; గర్భంలోని పరీక్షిత్తును అశ్వత్థామ అస్త్రం నుండి కృష్ణుడు కాపాడిన సంగతి TTD వ్యాఖ్యానంలోని గుర్తు మాత్రమే, పద్యంలో లేదు [adi 24 (note)]","not stated in our sources — ఆది, సభా పర్వాలలో ఆమె ప్రత్యక్షంగా కనిపించే ఘట్టం లేదు [—]","ఆది/సభా పర్వాలలో పేరు మాత్రమే (వంశావళి, విషయసూచిక). ఆమె కథ విరాట పర్వంలో — మన మూలాల్లో లేదు; ఏ రూపాన్నీ ఊహించకూడదు."
to do,chandabhargava.png,chandabhargava,చండభార్గవుడు,,సర్పయాగంలో హోత,sages & teachers,1,sage,male,not stated in our sources [],"సర్పయాగంలో ఋత్విక్కులు నల్లని వస్త్రాలు ధరించారు, పొగకు ఎర్రబడిన కళ్ళు [adi 26 (story)]",not stated in our sources [],చ్యవనుని వంశంలో ప్రసిద్ధుడు; జనమేజయుని సర్పయాగంలో హోత [adi 26 (story)],"సర్పయాగ అగ్నిముఖంలో ఆహుతులు వేస్తూ నాగులను మంత్రాలతో అగ్నిలోకి రప్పిస్తున్న హోత [adi 26 (story, caption)]","పేరుతో ఒకే వాక్యం; నల్లని వస్త్రాలు, ఎర్రని కళ్ళు ఋత్విక్కులందరికీ చెప్పినది."
to do,pingala.png,pingala,పింగళుడు,,సర్పయాగంలో అధ్వర్యుడు,sages & teachers,1,sage,male,not stated in our sources [],not stated in our sources [],not stated in our sources [],"జనమేజయుని సర్పయాగంలో అధ్వర్యుడు (చండభార్గవుడు హోత, శార్ఙ్గరవుడు బ్రహ్మ, కౌత్సుడు ఉద్గాత) [adi 26 (story)]",సర్పయాగ అగ్ని ముందు అధ్వర్యునిగా ఆహుతులు ఇస్తున్న పింగళుడు [adi 26 (story)],పేరు మాత్రమే; రూపం లేదు. adi 16 నాగుల జాబితాలో 'పింగళుడు' (నాగుడు) వేరు.
to do,sharngarava.png,sharngarava,శార్ఙ్గరవుడు,,సర్పయాగంలో బ్రహ్మ,sages & teachers,1,sage,male,not stated in our sources [—],not stated in our sources [—],not stated in our sources [—],served as the Brahma priest (బ్రహ్మ) at Janamejaya's snake sacrifice [adi 26 (story)],"seated as Brahma-priest at the snake sacrifice beside Chandabhargava (hotri), Pingala (adhvaryu) and Kautsa (udgatri) [adi 26 (story)]",Only a name in the list of officiants. No description.
to do,kautsa.png,kautsa,కౌత్సుడు,,సర్పయాగంలో ఉద్గాత,sages & teachers,1,sage,male,not stated in our sources [],not stated in our sources [],not stated in our sources [],not stated in our sources [],Seated as udgata (Sama chanter) among the priests of Janamejaya's serpent sacrifice. [adi 26 (story)],"Only named in the list of ritviks of the serpent sacrifice. In Vyasa (adi 26, Ganguli Sec. LII) the ritviks of that sacrifice wear black garments and their eyes are reddened by smoke — said of the priests as a group, not Kautsa by name."
to do,vasupada.png,vasupada,వసుపదుడు,,"శుక్తిమతి కొడుకు, ఉపరిచరుని సేనాపతి",others,1,warrior,male,not stated in our sources [—],not stated in our sources [—],not stated in our sources [—],శుక్తిమతి నదికి కోలాహల పర్వతంతో కలయిక వల్ల పుట్టిన కొడుకు; గిరిక అన్న; నది అతనిని ఉపరిచర వసువుకు కానుకగా ఇచ్చింది; ఉపరిచరుడు అతనిని సేనాపతిని చేశాడు [adi 28 (story)],కొండ అడ్డు తొలగించినందుకు కృతజ్ఞతతో శుక్తిమతి నది అతనినీ చెల్లెలు గిరికనూ ఉపరిచరునికి సమర్పించడం [adi 28 (story)],"పేరు, పుట్టుక మాత్రమే మూలంలో ఉన్నాయి."
to do,shuktimati.png,shuktimati,శుక్తిమతి,,ఉపరిచరుని రాజధాని దగ్గరి మహానది,gods,1,goddess,female,not stated in our sources (మహానది) [adi 28 (story)],not stated in our sources [],not stated in our sources [],"ఉపరిచరుని రాజధాని దగ్గర పారే మహానది; కోలాహల పర్వతం మోహించి దారికి అడ్డంగా పడితే ఉపరిచరుడు కాలితో తోసి దారి వదిలాడు [adi 28 (story; vyasa Ganguli Adi LXIII)]; పర్వతంతో కలయిక వల్ల వసుపదుడు, గిరిక అనే బిడ్డలు; కృతజ్ఞతతో ఇద్దరినీ ఉపరిచరునికి కానుకగా ఇచ్చింది [adi 28 (story)]",కొండ అడ్డు తొలగించిన ఉపరిచరునికి తన ఇద్దరు బిడ్డలను కానుకగా అప్పగించడం [adi 28 (story)],"స్త్రీ రూపం మూలంలో వర్ణించలేదు — నదిగానే చెప్పారు; caption లో నది, కోలాహల పర్వతం దృశ్యంగా."
to do,kolahala.png,kolahala,కోలాహలుడు,,శుక్తిమతి నదిని మోహించిన పర్వతం,others,1,other,male,"పర్వతం [adi 28 (story, caption)]",not stated in our sources [],not stated in our sources [],"శుక్తిమతి నదిని మోహించి ఆమె దారికి అడ్డంగా పడింది [adi 28 (story)]; Vyasa: వసువు ఆ కొండను కాలితో తన్నాడు; ఏర్పడిన గుంట గుండా నది బయటికి ప్రవహించింది [adi 28 (vyasa, Ganguli Adi Parva Sec LXIII)]","శుక్తిమతి నది దారికి అడ్డంగా పడిన కోలాహల పర్వతం — పైన దివ్యవిమానంలో ఉపరిచర వసువు [adi 28 (story, caption)]",పాఠంలో పర్వతంగానే — మానవ రూపం లేదు. ప్రకృతి దృశ్యంగా చూపాలి.
to do,manivahana.png,manivahana,మణివాహనుడు,,ఉపరిచర వసువు కొడుకు,Kuru elders,1,king,male,not stated in our sources [—],not stated in our sources [—],not stated in our sources [—],"one of the five sons of Uparichara Vasu (born by Indra's boon), anointed king of a country [adi 28 (story)]",not stated in our sources (named only) [adi 28 (story)],Only a name. No description.
to do,saubala.png,saubala,సౌబలుడు,,ఉపరిచర వసువు కొడుకు,Kuru elders,1,prince,male,not stated in our sources [],not stated in our sources [],not stated in our sources [],not stated in our sources [],"Named as one of Uparichara Vasu's five sons (Brihadratha, Manivahana, Saubala, Yadu, Rajanya), born by Indra's boon. [adi 28 (story)]","Only a name. Do not confuse with 'Saubala' as an epithet of Shakuni (son of Subala), used in adi 76 note."
to do,rajanya.png,rajanya,రాజన్యుడు,,ఉపరిచర వసువు కొడుకు,Kuru elders,1,prince,male,not stated in our sources [—],not stated in our sources [—],not stated in our sources [—],"ఇంద్రుని వరం వల్ల ఉపరిచర వసువుకు పుట్టిన ఐదుగురు కొడుకులలో ఒకడు (బృహద్రథ, మణివాహన, సౌబల, యదు, రాజన్యులు); తండ్రి వారిని వేర్వేరు దేశాలకు రాజులుగా అభిషేకించాడు, వేర్వేరు వంశాలకు మూలపురుషులయ్యారు [adi 28 (story)]",not stated in our sources — పేరు మాత్రమే [adi 28 (story)],ఒక్క వాక్యంలో పేరు మాత్రమే. 'రాజన్య' అనే పదం ఇతర చోట్ల 'క్షత్రియుడు' అనే సాధారణ అర్థంలో రావచ్చు.
to do,matsyaraja.png,matsyaraja,మత్స్యరాజు,,చేప కడుపున పుట్టిన మత్స్య దేశపు రాజు,others,1,king,male,not stated in our sources [],not stated in our sources [],not stated in our sources [],శాపం వల్ల చేపగా ఉన్న అప్సరస అద్రిక కడుపున (ఉపరిచరుని వీర్యం వల్ల) పుట్టినవాడు; సత్యవతికి తోడబుట్టినవాడు [adi 28 (story; vyasa Ganguli Adi LXIII)]; ధర్మపరుడై మత్స్య దేశానికి రాజయ్యాడు; వ్యాసునిలో ఉపరిచరుడే ఆ మగబిడ్డను తీసుకున్నాడు [adi 28 (story; vyasa Ganguli Adi LXIII)],"జాలర్లు చేప కడుపులో దొరికిన మగబిడ్డను, ఆడబిడ్డను రాజు దగ్గరకు తెచ్చిన క్షణం (శిశువుగా) [adi 28 (story; vyasa Ganguli Adi LXIII)]","చేప వాసన ఆడపిల్ల (సత్యవతి)కి మాత్రమే చెప్పారు, ఇతనికి కాదు."
to do,bhudevi.png,bhudevi,భూదేవి,,భారం మోయలేక హరి హర బ్రహ్మలకు మొరపెట్టిన దేవి,gods,1,goddess,female,not stated in our sources [],not stated in our sources [],not stated in our sources [],"జనభారాన్ని మోయలేక మొరపెట్టుకుంది [adi 30 (story)]; నదులు, పర్వతాలతో పాటు రూపం ధరించి దేవసభకు వస్తుంది [sabha 3 (story)]","దేవతలూ అసురులూ మునులూ కొలువై ఉండగా హరి, హర, బ్రహ్మల దగ్గరకు వెళ్ళి 'ఈ జనభారం మోయడం నాకు ఎంతో భారం' అని మొరపెట్టుకుంటున్న భూదేవి [adi 30 (story, caption)]",Vyasa లో ఆమె బ్రహ్మ దగ్గరకు మాత్రమే వెళ్తుంది; నన్నయలో ముగ్గురి దగ్గరకూ. ఆవు రూపం వంటివి పాఠంలో లేవు.
to do,daksha.png,daksha,దక్షుడు,,బ్రహ్మ బొటనవేలి నుండి పుట్టిన ప్రజాపతి,gods,1,god,male,not stated in our sources [—],not stated in our sources [—],not stated in our sources [—],"Prajapati born from the thumb of Brahma's right hand (Dharani from the left) [adi 31 (story)]; his thousand sons became liberated sages; he treated his fifty daughters as sons (putrikas); father of Aditi and Surabhi [adi 31, adi 33, adi 45 (story)]; his sacrifice was destroyed by Shiva (mentioned) [adi 98 (story)]; seated among the Prajapatis in Brahma's hall [sabha 3 (story)]",springing from the thumb of Brahma's right hand [adi 31 (story)],A Prajapati (closest category 'god'). The Daksha-yajna is only mentioned in passing. No description.
to do,aditi.png,aditi,అదితి,,"దక్షుని కూతురు, ఆదిత్యుల తల్లి",gods,1,goddess,female,not stated in our sources [],not stated in our sources [],not stated in our sources [],not stated in our sources [],"Daughter of Daksha given to Kashyapa; mother of the twelve Adityas (incl. Indra, Varuna, Vishnu, Vivasvan). [adi 31 (story)]",Genealogy only; no scene and no description.
to do,diti.png,diti,దితి,,"దక్షుని కూతురు, హిరణ్యకశిపుని తల్లి",others,1,other,female,not stated in our sources [—],not stated in our sources [—],not stated in our sources [—],"దక్షుని పదమూడు మంది కూతుళ్ళలో ఒకతె, కశ్యపుని భార్య; ఎవరూ అడ్డగించలేని బలం గల హిరణ్యకశిపుని తల్లి [adi 31 (story)]; దైత్యుల తల్లి — సుందోపసుందులు ఆమె కొడుకు వంశంలోనివారు [adi 103 (story); adi 30 (Vyasa, Ganguli Adi LXIV)]",not stated in our sources — వంశావళిలో పేరు మాత్రమే [adi 31 (story)],"రూపం, ఘట్టం లేవు. దైత్యుల తల్లి అయినా ఆమె రాక్షసి అని మూలం చెప్పదు — దక్షుని కూతురు, కశ్యపుని భార్య."
to do,hiranyakashipu.png,hiranyakashipu,హిరణ్యకశిపుడు,,దితి కొడుకైన మహాబలుడు,others,1,demon/rakshasa,male,not stated in our sources [],not stated in our sources [],not stated in our sources [],"దితి కొడుకు — ఎవరూ అడ్డగించలేని బలం గలవాడు [adi 31 (story)]; ఐదుగురు పరాక్రమవంతులైన కొడుకులు: ప్రహ్లాదుడు, సంహ్లాదుడు, అనుహ్లాదుడు, శిబి, బాష్కలుడు [adi 31 (story)]; శిశుపాలునిగా మళ్ళీ పుట్టాడు; సుందోపసుందులు అతని వంశం [adi 32 (story); adi 103 (story)]",not stated in our sources — వంశావళిలో మాత్రమే; కథా దృశ్యం లేదు [adi 31 (story)],నరసింహ కథ మా మూలాల్లో లేదు — చూపవద్దు.
to do,vritra.png,vritra,వృత్రుడు,,దనాయువు కొడుకైన మహాబలుడు,others,1,demon/rakshasa,male,వజ్రంలాంటి తల — ఇంద్రుని వజ్రాయుధం దాని మీద పడి పది ముక్కలైంది [adi 88 (story; note 7.52)],not stated in our sources [],not stated in our sources [],"దనాయువు కొడుకైన మహాబలుడు, ఇంద్రుని శత్రువు [adi 31 (story)]",ఇంద్రుడు విసిరిన వజ్రాయుధం వృత్రుని వజ్రంలాంటి తల మీద పడి పది ముక్కలవుతున్న క్షణం [adi 88 (story)],"ఉపమానాల్లోనే (ఇంద్రుడు–వృత్రుడు, sabha 7; అంబ మాట, adi 51 vyasa) ఎక్కువగా వస్తాడు. శరీర రూపం (పాము/మేఘం మొదలైనవి) పాఠంలో లేదు."
to do,richika.png,richika,ఋచీకుడు,,"ఔర్వుని కొడుకు, జమదగ్ని తండ్రి",sages & teachers,1,sage,male,not stated in our sources [—],not stated in our sources [—],not stated in our sources [—],"eldest of Aurva's hundred sons; father of Jamadagni, grandfather of Parashurama [adi 31 (story)]; in Vyasa: appears as one of the ancestors (pitris) to Parashurama at the blood-lakes and counsels him [Ganguli Vana CXVI–CXVII; Adi II (vyasa, adi 6)]","appearing with the other ancestors before Parashurama at the five blood-lakes of Samantapanchaka, calming him (Vyasa) [Ganguli Adi II (vyasa, adi 6)]","Do not confuse with King Richika of the Puru line (son of Maryada, adi 41) — a different person with the same name. No description."
to do,rohini.png,rohini,రోహిణి,,బలరాముని తల్లి,others,1,queen,female,not stated in our sources [],not stated in our sources [],not stated in our sources [],not stated in our sources [],Mother of Balarama — Ananta (Adishesha) born to her and Vasudeva as Baladeva. [adi 32 (story)],"Only genealogy. Other 'Rohini' mentions are different: Surabhi's daughter (adi 31), the star Rohini beloved of the Moon used in similes (adi 100, sabha 17), the Rohini asterism (adi 79). In Vyasa (adi 99, Ganguli Sec. CXCIX) Vishnu's portions enter the wombs of Devaki and Rohini."
to do,virata.png,virata,విరాటుడు,,"మరుత్తుల అంశతో పుట్టిన రాజు, ఉత్తర తండ్రి",Pandava side,1,king,male,not stated in our sources [—],not stated in our sources [—],రాజసూయానికి రెండు వేల ఏనుగులు కానుకగా ఇచ్చాడు [sabha 15 (story)],"మరుత్తుల అంశలతో పుట్టిన ముగ్గురు రాజులలో ఒకడు (ద్రుపద, సాత్యకి, విరాటులు) — యుద్ధాలలో దృఢమైన బలం గలవాడు [adi 32 (story)]; మత్స్య రాజు; ఉత్తర తండ్రి [adi 93 (story); adi 44 (story)]","ధర్మరాజు రాజసూయ యాగానికి వచ్చి రెండు వేల ఏనుగులు కానుకగా సమర్పించడం; యాగంలో ధృష్టద్యుమ్నుడు అతనిని సత్కరించాడు [sabha 10, sabha 13, sabha 15 (story)]",ఆది/సభా పర్వాలలో అతిథుల జాబితాలలో మాత్రమే వస్తాడు; రూపం లేదు. అతని ప్రధాన కథ విరాట పర్వంలో — మన మూలాల్లో లేదు.
to do,kritavarma.png,kritavarma,కృతవర్మ,,అశ్వపతి అంశతో పుట్టిన రాజు,others,1,warrior,male,not stated in our sources [],not stated in our sources [],not stated in our sources [],"అశ్వపతి అనే దానవుని అంశతో పుట్టాడు [adi 32 (story)]; యదు వృష్ణి భోజ అంధక వీరులలో — ద్రౌపదీ స్వయంవరానికి కృష్ణునితో వచ్చాడు; కురుక్షేత్రంలో ఏదో పక్షాన నిలుస్తాడు [adi 93 (story)]; యుద్ధంలో ద్రోణ కృప కర్ణ అశ్వత్థామ శల్యులతో పాటు సైంధవుని దగ్గర ఉన్నాడు (కౌరవ పక్షం) [adi 4 (vyasa, Ganguli Adi I)]",ద్రౌపదీ స్వయంవర సభలో యాదవ వీరుల వరుసలో [adi 93 (story)],రూపం మా మూలాల్లో లేదు. యాదవుడైనా యుద్ధంలో కౌరవుల వైపు (Ganguli Adi I).
to do,kamsa.png,kamsa,కంసుడు,,కాలనేమి అంశతో పుట్టినవాడు,others,1,king,male,not stated in our sources [],not stated in our sources [],not stated in our sources [],"కాలనేమి (అసురుడు) కంసునిగా పుట్టాడు [adi 32 (story)]; జరాసంధుని అల్లుడు; కృష్ణుడు చంపాడు; Vyasa: జరాసంధుని కుమార్తెలు అస్తి, ప్రాప్తి అతని భార్యలు [sabha 4 (story; vyasa Ganguli Sabha Parva Sec XIV)]; కులాన్ని చెరుపుతున్నందుకు అంధక యాదవ వృష్ణి వీరులు కృష్ణుని నియోగించి చంపించారు [sabha 17 (story; vyasa Ganguli Sabha Parva Sec LXII)]","not stated in our sources — కంసుని వధ దృశ్యం మన పాఠంలో వర్ణించబడలేదు; ఇతరుల మాటల్లోనే [sabha 4, sabha 17 (story)]","భోజ/యాదవ వంశపు రాజు. రూపం, దృశ్యం పాఠంలో లేవు — సినిమా/క్యాలెండర్ రూపాన్ని వాడకూడదు."
to do,shikhandi.png,shikhandi,శిఖండి,,గుహ్యకుని అంశతో పుట్టినవాడు,Pandava side,1,warrior,male,"born of a Guhyaka who could take both female and male form [adi 32 (story)]; in Vyasa: born a girl to Drupada's queen, raised as a son, later becomes a man by exchanging sex with the Yaksha Sthunakarna [Ganguli Udyoga CXCI–CXCV (vyasa, adi 51)]",not stated in our sources [—],"a bow — in Vyasa, Arjuna places him in front on his chariot to strike Bhishma [Ganguli Adi I (vyasa, adi 4); Ganguli Bhishma CXX, Udyoga CXCV (vyasa, adi 51)]","in Vyasa: Amba, eldest Kashi princess, reborn in Drupada's line; Bhishma will not strike him [Ganguli Udyoga CXCV (vyasa, adi 51)]; Drupada places him as Drona's pupil (Vyasa) [Ganguli Udyoga CXCII–CXCV (vyasa, adi 51)]","standing in front on Arjuna's chariot as Arjuna wounds Bhishma (Vyasa summary) [Ganguli Adi I (vyasa, adi 4); Ganguli Bhishma CXX (vyasa, adi 51)]","Nannaya (adi 32) only says a Guhyaka able to take female and male form was born as Shikhandi; the Amba-rebirth and sex-change story is Vyasa (Udyoga) — label it. Gender in the text changes: born female, becomes male."
to do,dantavakra.png,dantavakra,దంతవక్త్రుడు,,అసురాంశతో పుట్టిన రాజు,others,1,king,male,not stated in our sources [],not stated in our sources [],not stated in our sources [],not stated in our sources [],Conquered by Sahadeva on his southern campaign. [sabha 9 (story)],Born from the Krodhavasha asura host (adi 32). Only a name in lists.
to do,vaivasvata.png,vaivasvata,వైవస్వత మనువు,,"వివస్వంతుని కొడుకు, మానవుల మూలపురుషుడు",Kuru elders,1,king,male,not stated in our sources [—],not stated in our sources [—],not stated in our sources [—],"వివస్వంతుని (సూర్యుని) కొడుకు; యముడు, శనైశ్చరుడు, యమున, తపతిలకు తోబుట్టువు [adi 33 (story)]; అతని వల్ల బ్రాహ్మణ, క్షత్రియ, వైశ్య, శూద్రులు మొదలైన మానవులు పుట్టారు — మనువు సంతానం కనుక మానవులు [adi 33 (story)]",not stated in our sources — వంశావళిలో మాత్రమే [adi 33 (story)],adi 99లోని 'వైవస్వతుడైన యముడు' వేరు — అది యముని విశేషణం. రూపం మూలంలో లేదు.
to do,ila.png,ila,ఇల,,"మనువు కూతురు, పురూరవుని తల్లి",Kuru elders,1,princess,female,not stated in our sources [],not stated in our sources [],not stated in our sources [],"మనువు తన పుత్రికగా భావించిన కూతురు; చంద్రుని కొడుకు బుధుని వల్ల పురూరవుని కన్నది — సూర్య చంద్ర వంశాలు కలిసే చోటు [adi 33 (story)]; వ్యాసునిలో 'ఇలయే అతనికి తల్లీ తండ్రీ' అని విన్నామని వైశంపాయనుడు [adi 33 (vyasa, Ganguli Adi LXXV)]",not stated in our sources — వంశావళి ప్రస్తావన మాత్రమే [adi 33 (story)],'తల్లీ తండ్రీ' అనే వ్యాస వాక్యం తప్ప లింగమార్పు కథ మా మూలాల్లో లేదు — ఊహించి చూపవద్దు.
to do,budha.png,budha,బుధుడు,,"చంద్రుని కొడుకు, పురూరవుని తండ్రి",gods,1,god,male,not stated in our sources [],not stated in our sources [],not stated in our sources [],చంద్రుని కొడుకు; మనువు కూతురు ఇల వల్ల పురూరవుని తండ్రి — సూర్య చంద్ర వంశాలు కలిసిన చోటు [adi 33 (story)],not stated in our sources — ఒక్క వంశావళి వాక్యంలో మాత్రమే [adi 33 (story)],పోర్ట్రెయిట్‌కు పాఠంలో ఆధారం లేదు.
to do,svarbhanavi.png,svarbhanavi,స్వర్భానవి,,"ఆయువు భార్య, నహుషుని తల్లి",Kuru elders,1,queen,female,not stated in our sources [—],not stated in our sources [—],not stated in our sources [—],"wife of Ayu (son of Pururavas and Urvashi); mother of Nahusha, Vriddhasharma, Raji, Gaya and Anenas [adi 33 (story)]",not stated in our sources (named only in the genealogy) [adi 33 (story)],Only a name in the Lunar line. No description.
to do,priyamvada.png,priyamvada,ప్రియంవద,,"నహుషుని భార్య, యయాతి తల్లి",Kuru elders,1,queen,female,not stated in our sources [],not stated in our sources [],not stated in our sources [],not stated in our sources [],"Wife of Nahusha, mother of six sons including Yati and Yayati — a genealogy line only. [adi 33 (story)]",Do not confuse with Shakuntala's companion Priyamvada — that companion is from Kalidasa's play and is NOT in Nannaya or Vyasa (adi 42 note and Vyasa box).
to do,pratardana.png,pratardana,ప్రతర్దనుడు,,యయాతి కూతురి కొడుకు,Kuru elders,1,king,male,not stated in our sources [—],not stated in our sources [—],"వ్యాసునిలో స్వర్గానికి వెళ్ళడానికి కనిపించిన ఐదు బంగారు రథాలలో ఒకటి [adi 40 (Vyasa, Ganguli Adi XCII–XCIII)]","యయాతి కూతురి కొడుకులు నలుగురిలో ఒకడు (అష్టక, ప్రతర్దన, వసుమంత, శిబి); వ్యాసునిలో మాధవికి దివోదాసుని వల్ల పుట్టినవాడు [adi 40 (story; Vyasa, Ganguli Udyoga CXV–CXIX)]; యజ్ఞాలు చేసే రాజు — వారి యజ్ఞభూమి హోమధూమం చూసి యయాతి దిగివచ్చాడు [adi 40 (Vyasa, Ganguli Adi LXXXIX–XCI)]",స్వర్గం నుండి జారి వచ్చిన తాత యయాతికి సహజమైన ఆప్యాయతతో అతిథిపూజ చేసి 'మీరెవరు?' అని అడగడం; తన పుణ్యలోకాలను తాతకు ఇవ్వబోవడం [adi 40 (story; caption; Vyasa)],నలుగురు మనుమలతో కలిసిన సమూహ దృశ్యంలో మాత్రమే; వ్యక్తిగత వర్ణన లేదు.
to do,vasumanta.png,vasumanta,వసుమంతుడు,,యయాతి కూతురి కొడుకు,Kuru elders,1,king,male,not stated in our sources [],not stated in our sources [],not stated in our sources [],"యయాతి కూతురు (మాధవి) కొడుకు — హర్యశ్వునికి పుట్టినవాడు (వ్యాసుని ఉద్యోగ పర్వం) [adi 40 (story; vyasa Ganguli Udyoga CXV–CXIX)]; సద్భువనంలో అష్టక ప్రతర్దన శిబులతో కలిసి స్వర్గం నుండి జారిన యయాతికి అతిథిపూజ చేసి, తమ పుణ్యలోకాలు తాతకు ఇచ్చాడు; వ్యాసునిలో 'గడ్డిపోచకు కొనుక్కో' అన్నాడు [adi 40 (story; vyasa Ganguli Adi XCII–XCIII)]","స్వర్గం నుండి జారి వచ్చిన యయాతిని ఎదుర్కొని 'మీరెవరు?' అని అడిగి, తరువాత తన పుణ్యలోకాలను తాతకు అర్పించడం [adi 40 (story, caption)]",రూపం మా మూలాల్లో లేదు; వ్యాసునిలో వారు యజ్ఞం చేస్తున్న రాజులు (హోమధూమం — Ganguli Adi LXXXIX–XCI).
to do,shibi.png,shibi,శిబి,,"ఉశీనరుని కొడుకు, యయాతి కూతురి కొడుకు",Kuru elders,1,king,male,not stated in our sources [],not stated in our sources [],"Vyasa: బంగారు రథం — స్వర్గానికి అందరికంటే ముందు సాగిపోయాడు [adi 40 (vyasa, Ganguli Adi Parva Sec XCII–XCIII)]","ఉశీనరుని కొడుకు, యయాతి కూతురి కొడుకు (Vyasa: మాధవికి ఉశీనరుని వల్ల) [adi 40 (story; vyasa Ganguli Udyoga Parva Sec CXV–CXIX)]","యయాతితో కలిసి బంగారు రథాలలో స్వర్గానికి బయలుదేరి అందరికంటే ముందు సాగిపోతున్న శిబి [adi 40 (vyasa, Ganguli Sec XCII–XCIII; caption)]","పేరు గల ఇతరులు వేరు: హిరణ్యకశిపుని కొడుకు శిబి (adi 31–32), ప్రతీపుని మామ శిబి (adi 44), పూర్వపు ఇంద్రుడు శిబి (adi 99 vyasa). పావురం-డేగ కథ మన పాఠంలో లేదు (అరణ్య పర్వ జాబితాలో పేరు మాత్రమే, adi 5)."
to do,trasu.png,trasu,త్రసుడు,,నదీదేవతకు రాజుకు పుట్టిన ధీరుడు,Kuru elders,1,prince,male,not stated in our sources [—],not stated in our sources [—],not stated in our sources [—],son of King Matinara and the river-goddess Sarasvati — 'a brave one' (ధీరుడు) [adi 41 (story)]; father of Ilina by Kalindi; grandfather of Dushyanta [adi 41 (story)],not stated in our sources (named only in the genealogy) [adi 41 (story)],Born of a river-goddess and a human king; nothing else is told.
to do,ilina.png,ilina,ఇలినుడు,,"త్రసుని కొడుకు, దుష్యంతుని తండ్రి",Kuru elders,1,king,male,not stated in our sources [],not stated in our sources [],not stated in our sources [],not stated in our sources [],"Only a genealogy line: son of Trasu by Kalindi, father of Dushyanta by Rathantari. No scene. [adi 41 (story)]",Named once in a genealogy; nothing else in our text. Any portrait is a generic Puru-line king.
to do,rathantari.png,rathantari,రథంతరి,,"ఇలినుని భార్య, దుష్యంతుని తల్లి",Kuru elders,1,queen,female,not stated in our sources [—],not stated in our sources [—],not stated in our sources [—],ఇలినుని భార్య; ఇతరులకు లేనంత బలం గల దుష్యంతుని తల్లి [adi 41 (story)],not stated in our sources — వంశావళిలో ఒక్క వాక్యం [adi 41 (story)],పేరు మాత్రమే.
to do,bhumanyu.png,bhumanyu,భుమన్యుడు,,భరతుని కొడుకు,Kuru elders,1,prince,male,not stated in our sources [],not stated in our sources [],not stated in our sources [],"భరతునికి కేకయ రాజకుమార్తె సునంద వల్ల పుట్టాడు (నన్నయ); వ్యాసునిలో భరతుడు గొప్ప యజ్ఞం చేసి భరద్వాజుని అనుగ్రహంతో పొంది యువరాజుగా చేశాడు [adi 44 (story; vyasa Ganguli Adi XCIV, XCV)]; సుహోత్రుని తండ్రి (తల్లి దాశార్హుని కూతురు విజయ) [adi 44 (story)]",not stated in our sources — వంశావళి ప్రస్తావన మాత్రమే [adi 44 (story)],తల్లి పేరు/వంశం మూలాల మధ్య వేరు (కేకయ vs కాశీరాజు సర్వసేనుని కూతురు సునంద).
to do,ajamidha.png,ajamidha,అజమీఢుడు,,"వికుంఠనుని కొడుకు, ముగ్గురు భార్యల భర్త",Kuru elders,1,king,male,not stated in our sources [],not stated in our sources [],not stated in our sources [],"వికుంఠనుని కొడుకు (తల్లి వసుదేవ); కైకేయి, గాంధారి, ఋక్ష అనే ముగ్గురు భార్యలు; నూట ఇరవై నలుగురు కొడుకులు [adi 44 (story)]; సంవరణుని తండ్రి; పాండవులు 'అజమీఢ వంశం' [adi 89, adi 96, sabha 13 (story)]",not stated in our sources — వంశావళిలో మాత్రమే [adi 44 (story)],పోర్ట్రెయిట్‌కు దృశ్యం లేదు.
to do,bahlika.png,bahlika,బాహ్లికుడు,,"ప్రతీపుని కొడుకు, శంతనుని సోదరుడు",Kuru elders,1,prince,male,not stated in our sources [—],not stated in our sources [—],not stated in our sources [—],"son of Pratipa by Sunanda; younger brother of Shantanu (Nannaya 4.114: Devapi eldest, Shantanu, Bahlika youngest) [adi 44 (story, note); adi 47 (note)]; in Vyasa (Udyoga): the second son, who left his father's kingdom for his maternal uncle's and gained that rich kingdom [Ganguli Udyoga CXLIX (vyasa, adi 44)]; as 'Bahlika' (Bahlika elder) he is among the elders who urge peace at the dice game (Vyasa) [Ganguli Sabha LXXIV, LXXVIII (vyasa, sabha 23, sabha 24)]",not stated in our sources (named in the genealogy and among elders only) [adi 44 (story)],"Order of the three brothers differs: Nannaya — Devapi, Shantanu, Bahlika; Vyasa (Udyoga) — Devapi, Bahlika, Shantanu. 'Bahlika' is also a country (horses of Bahlika, adi 106, sabha 15) and a Danava-born king (adi 32) — different. Somadatta is called 'son of Bahlika' (adi 44 vyasa). No description."
to do,surabhi.png,surabhi,సురభి,,"దక్షుని కూతురు, నందిని తల్లి",gods,1,animal,female,"Mother of Nandini, who is in the form of a cow (the wish-giving Kamadhenu) [adi 45 (Vyasa: Ganguli, Adi Parva, Sections XCIX, CLXXVI)]",not stated in our sources [],not stated in our sources [],not stated in our sources [],"Named as daughter of Daksha, wife of Kashyapa, mother of Nandini; also mother of Rohini, Gandharvi and Anala. [adi 45 (story); adi 31 (story)]",Our text never describes Surabhi herself as a cow — it says her daughter Nandini is cow-formed. Type 'animal' is a guess from that; keep it neutral.
to do,kakshivanta.png,kakshivanta,కాక్షీవంతుడు,,దీర్ఘతముని కొడుకు,sages & teachers,1,sage,male,not stated in our sources [—],not stated in our sources [—],not stated in our sources [—],"అంధ ముని దీర్ఘతమునికి సుదేష్ణ దాది కూతురు వల్ల పుట్టిన పదకొండు మంది కొడుకులలో మొదటివాడు — 'గొప్ప ధర్మపరులు, ఎదురులేని బలం గలవారు' [adi 52 (story)]; వ్యుషితాశ్వుని భార్య భద్ర 'కాక్షీవతి' (కక్షీవంతుని కూతురు) [adi 59 (story; Vyasa, Ganguli Adi CXXI)]",not stated in our sources — పుట్టుక ప్రస్తావన మాత్రమే [adi 52 (story)],"జాగ్రత్త: sabha 5లో చండకౌశికుని తండ్రి 'కక్షీవంతుడనే గౌతముడు', sabha 6లో గౌతముడు ఔశీనరి వల్ల కన్న 'కాక్షీవంతుడు' — మన పాఠం ఈ పేర్లను వేర్వేరు సందర్భాలలో వాడుతుంది; ఒకే వ్యక్తా కాదా మూలం స్పష్టం చేయదు. పాత్ర వివరణ ప్రకారం దీర్ఘతముని కొడుకు."
to do,anga.png,anga,అంగుడు,,సుదేష్ణకు దీర్ఘతముని అనుగ్రహంతో పుట్టిన రాజర్షి,others,1,king,male,"వ్యాసునిలో 'సూర్యునంతటి తేజస్సు గల' కొడుకు [adi 52 (vyasa, Ganguli Adi CIV)]",not stated in our sources [],not stated in our sources [],"బలి రాజు రాణి సుదేష్ణకు పుట్టు గుడ్డి ముని దీర్ఘతముని అనుగ్రహంతో — ముని చేతితో తాకి ఆశీర్వదించగా — పుట్టిన రాజర్షి; నన్నయలో ఒక్కడే [adi 52 (story; note 4.235)]; వ్యాసునిలో అంగ వంగ కళింగ పుండ్ర సుహ్ములు అయిదుగురు; అంగ దేశం అతని పేరుతో [adi 52 (vyasa, Ganguli Adi CIV)]",not stated in our sources — పుట్టుక ప్రస్తావన మాత్రమే [adi 52 (story)],రూపం మా మూలాల్లో లేదు.
to do,satyavrata.png,satyavrata,సత్యవ్రత,,ధృతరాష్ట్రుని భార్య,Kaurava side,1,princess,female,not stated in our sources [],not stated in our sources [],not stated in our sources [],గాంధారితో పుట్టిన పదిమంది కన్యలలో ఒకతె — అదే లగ్నంలో ధృతరాష్ట్రుని పెళ్ళాడింది [adi 55 (story)],గాంధారితో పాటు అదే లగ్నంలో ధృతరాష్ట్రుని పెళ్ళాడుతున్న పదిమంది సోదరీమణులలో ఒకతె [adi 55 (story)],"పేర్ల జాబితాలో మాత్రమే. sabha 16 vyasa లోని 'సత్యవ్రతుడు' (జూదరి, పురుషుడు) వేరు; 'సత్యవ్రతుడు' అనే విశేషణం భీష్మునికీ వాడబడింది."
to do,satyasena.png,satyasena,సత్యసేన,,ధృతరాష్ట్రుని భార్య,Kaurava side,1,queen,female,not stated in our sources [—],not stated in our sources [—],not stated in our sources [—],one of ten maidens (born with Gandhari / of the same Gandhara house) married to Dhritarashtra at the same auspicious hour as Gandhari [adi 55 (story)],not stated in our sources (named only in the list of brides) [adi 55 (story)],"Only a name in a list. No description, no scene."
to do,samhita.png,samhita,సంహిత,,ధృతరాష్ట్రుని భార్య,Kaurava side,1,queen,female,not stated in our sources [],not stated in our sources [],not stated in our sources [],not stated in our sources [],"One of the ten maidens born with Gandhari, married to Dhritarashtra at the same muhurta. [adi 55 (story)]",Only a name in a list.
to do,tejashrava.png,tejashrava,తేజశ్శ్రవ,,ధృతరాష్ట్రుని భార్య,Kaurava side,1,queen,female,not stated in our sources [—],not stated in our sources [—],not stated in our sources [—],గాంధారితో పాటు అదే లగ్నంలో ధృతరాష్ట్రుడు పెళ్ళాడిన పదిమంది కన్యలలో ఒకతె (గాంధారి చెల్లెళ్ళు — 'గాంధారితో పుట్టిన') [adi 55 (story)],not stated in our sources — జాబితాలో పేరు మాత్రమే [adi 55 (story)],పేరు మాత్రమే; గాంధారి గంతలు కట్టుకున్న విషయం ఈమెకు వర్తించదు.
to do,sushrava.png,sushrava,సుశ్రవ,,ధృతరాష్ట్రుని భార్య,Kaurava side,1,queen,female,not stated in our sources [],not stated in our sources [],not stated in our sources [],గాంధారితో పుట్టిన పదిమంది కన్యలలో ఒకతె — అదే లగ్నంలో ధృతరాష్ట్రుని భార్య అయింది (సుబలుని కూతురు) [adi 55 (story)],not stated in our sources — పెళ్ళిలో పేరు ప్రస్తావన మాత్రమే [adi 55 (story)],పేరు మాత్రమే. ఆది 41లోని 'సుశ్రవస' (విదర్భ రాజకుమార్తె) వేరు.
to do,nikriti.png,nikriti,నికృతి,,ధృతరాష్ట్రుని భార్య,Kaurava side,1,princess,female,not stated in our sources [],not stated in our sources [],not stated in our sources [],గాంధారితో పుట్టిన పదిమంది కన్యలలో ఒకతె — అదే లగ్నంలో ధృతరాష్ట్రుని పెళ్ళాడింది [adi 55 (story)],గాంధారితో పాటు అదే లగ్నంలో ధృతరాష్ట్రుని పెళ్ళాడుతున్న పదిమంది సోదరీమణులలో ఒకతె [adi 55 (story)],పేర్ల జాబితాలో మాత్రమే.
to do,shubha.png,shubha,శుభ,,ధృతరాష్ట్రుని భార్య,Kaurava side,1,queen,female,not stated in our sources [—],not stated in our sources [—],not stated in our sources [—],one of ten maidens married to Dhritarashtra at the same auspicious hour as Gandhari [adi 55 (story)],not stated in our sources (named only in the list of brides) [adi 55 (story)],Only a name in a list. (Other hits of 'శుభ' in the text are the common word 'auspicious'.) No description.
to do,shambhuva.png,shambhuva,శంభువ,,ధృతరాష్ట్రుని భార్య,Kaurava side,1,queen,female,not stated in our sources [],not stated in our sources [],not stated in our sources [],not stated in our sources [],"Married to Dhritarashtra at the same muhurta as Gandhari, one of ten maidens born with her. [adi 55 (story)]",Only a name in the list of Gandhari's ten co-brides. Nothing else stated.
to do,dasharna.png,dasharna,దశార్ణ,,ధృతరాష్ట్రుని భార్య,Kaurava side,1,queen,female,not stated in our sources [—],not stated in our sources [—],not stated in our sources [—],గాంధారితో పాటు అదే లగ్నంలో ధృతరాష్ట్రుడు పెళ్ళాడిన పదిమంది కన్యలలో చివరిది [adi 55 (story)],not stated in our sources — జాబితాలో పేరు మాత్రమే [adi 55 (story)],"'దశార్ణ' అనే పదం దేశం పేరుగా కూడా వస్తుంది (sabha 8, sabha 9, adi 51) — ఆ సందర్భాలు ఈ రాణికి సంబంధించినవి కావు."
to do,shura.png,shura,శూరుడు,,"యాదవ ప్రభువు, కుంతి తండ్రి",others,1,king,male,not stated in our sources [],not stated in our sources [],not stated in our sources [],యాదవ వంశానికి ప్రభువు; వసుదేవుని తండ్రి; పృథ (కుంతి) తండ్రి [adi 56 (story; vyasa Ganguli Adi CXI)]; సత్యవాక్కు గలవాడు — పూర్వం ఇచ్చిన మాట ప్రకారం మొదటి సంతానమైన పృథను పిల్లలు లేని మేనత్త కొడుకు కుంతిభోజునికి కూతురుగా ఇచ్చాడు [adi 56 (story; vyasa Ganguli Adi CXI)],ప్రేమతో తన పెద్ద కూతురు పృథను కుంతిభోజునికి కూతురుగా అప్పగించడం [adi 56 (story)],రూపం మా మూలాల్లో లేదు.
to do,sharadandayani.png,sharadandayani,శారదండాయని,,"కేకయ రాజు, శ్రుతసేన భర్త",others,1,king,male,not stated in our sources [],not stated in our sources [],not stated in our sources [],కేకయ రాజు; కొడుకులు లేక భార్య శ్రుతసేనను (కుంతి చెల్లెలు) సంతానం కోసం నియోగించాడు — దుర్జయాదులు ముగ్గురు పుట్టారు [adi 59 (story; note)],not stated in our sources — పాండురాజు కుంతికి చెప్పిన ఉదాహరణలో మాత్రమే [adi 59 (story)],ఒక్క వాక్యం; దృశ్యం లేదు.
to do,shrutasena-k.png,shrutasena-k,శ్రుతసేన,,"కుంతి చెల్లెలు, కేకయ రాజు భార్య",others,1,queen,female,not stated in our sources [—],not stated in our sources [—],not stated in our sources [—],"Kunti's younger sister; wife of the Kekaya king Sharadandayani [adi 59 (story; note Nannaya 5.75)]; appointed by her husband for niyoga; after a holy bath and a pumsavana homa she bore three sons, Durjaya and others, by priests [adi 59 (story)]",not stated in our sources as a scene — her story is told by Pandu to Kunti as an example [adi 59 (story)],"Appears only in Pandu's example-story. Do not confuse with Shrutasena (male) — Sahadeva's son, Janamejaya's brother etc. No description."
to do,bhadra.png,bhadra,భద్ర,,"వ్యుషితాశ్వుని భార్య, కాక్షీవతి",Kuru elders,1,queen,female,not stated in our sources [],not stated in our sources [],not stated in our sources [],"Daughter of Kakshivan (కాక్షీవతి); childless widow who bore seven sons (three Salvas, four Madras) by the voice from her dead husband's body [adi 59 (story); adi 59 (Vyasa: Ganguli, Adi Parva, Section CXXI)]","Embracing her husband Vyushitashva's corpse on a bed of darbha grass, weeping 'take me with you, or give me sons like you' — when a divine voice speaks from the body. [adi 59 (story)]","Told by Kunti to Pandu as an old story. Her husband died of consumption from excessive passion. A different Bhadra (princess of Vishala, abducted by Shishupala) appears only in the Vyasa box at sabha 13."
to do,jalapada.png,jalapada,జలపద,,శరద్వంతుని తపస్సు భంగానికి ఇంద్రుడు పంపిన యువతి,gods,1,gandharva/apsara,female,"కమలాల్లాంటి కళ్ళు గల యువతి [adi 66 (story)]; వ్యాసునిలో (జానపది) అందంలో సాటిలేని అప్సరస/దేవకన్య [adi 66 (Vyasa, Ganguli Adi CXXX)]","వ్యాసునిలో ఒంటి మీద ఒకే వస్త్రంతో వచ్చింది [adi 66 (Vyasa, Ganguli Adi CXXX)]",not stated in our sources [—],శరద్వంతుని తపస్సు భంగానికి ఇంద్రుడు పంపినది; ఆమె కడగంటి చూపు పడగానే శరద్వంతుని చేతిలోని విల్లు బాణాలు జారిపడ్డాయి [adi 66 (story)],"అడవిలో ఒంటరిగా శరద్వంతుని ఆశ్రమం దగ్గరకు వచ్చి కడగంటి చూపు విసరడం — అతని చేతి నుండి విల్లు, బాణాలు జారిపడడం [adi 66 (story; Vyasa)]","పేరుకు పాఠాంతరాలు: జానపది, జాలవతి, జలవతి (TTD). నన్నయలో 'యువతి' అని మాత్రమే; అప్సరస/దేవకన్య అనేది వ్యాసుని మాట."
to do,hiranyadhanu.png,hiranyadhanu,హిరణ్యధన్వుడు,,"ఎరుకల రాజు, ఏకలవ్యుని తండ్రి",others,1,king,male,not stated in our sources [],not stated in our sources [],not stated in our sources [],ఎరుకల రాజు / వనచరుల రాజు (వ్యాసునిలో నిషాద రాజు హిరణ్యధనువు); ఏకలవ్యుని తండ్రి [adi 69 (story; vyasa Ganguli Adi CXXXIV)],not stated in our sources — ఏకలవ్యుని మాటలో పేరు మాత్రమే [adi 69 (story)],"కొడుకు ఏకలవ్యుని నల్లని దృఢమైన దేహం, జింక చర్మం (adi 69 note 5.235) — తండ్రికి కాదు; తండ్రి రూపం మూలంలో లేదు."
to do,jalasandha.png,jalasandha,జలసంధుడు,,ద్రుపదునితో యుద్ధానికి వెళ్ళిన కౌరవుడు,Kaurava side,1,prince,male,not stated in our sources [],not stated in our sources [],not stated in our sources [],ధృతరాష్ట్రుని నూరుగురు కొడుకులలో ఒకడు (నన్నయ జాబితాలో ఐదవ పేరు) [adi 61 (story)]; గురుదక్షిణ యుద్ధంలో ద్రుపదుని మీదకు ముందు దూకిన కౌరవులలో ఒకడు [adi 74 (story; vyasa Ganguli Adi Parva Sec CXL)],ద్రోణుని గురుదక్షిణ కోసం ద్రుపదుని మీదకు దుర్యోధన దుశ్శాసన వికర్ణులతో కలిసి ముందుగా దూకుతున్న జలసంధుడు [adi 74 (story)],జాబితాల్లో మాత్రమే; ఒంటరి రూపం లేదు.
to do,satyajit.png,satyajit,సత్యజిత్తు,,ద్రుపదుని తమ్ముడు,Pandava side,1,warrior,male,not stated in our sources [—],not stated in our sources [—],"a great bow (పెద్ద విల్లు), hundreds of sharp arrows; a chariot with guard-charioteers and driver [adi 74 (story)]","Drupada's younger brother; faces Arjuna when Drona's pupils attack Panchala [adi 74 (story; note Nannaya 6.81–6.83)]; Arjuna cuts his arrows mid-air and shatters his chariot, guards and charioteer; Satyajit flees [adi 74 (story)]","charging Arjuna with his great bow, raining hundreds of arrows, before his chariot is smashed [adi 74 (story)]",Defeated and flees in his only scene. No physical description.
to do,shalihotra.png,shalihotra,శాలిహోత్రుడు,,"సరస్సు, మహా వృక్షం ఏర్పరిచిన మహాముని",sages & teachers,1,sage,male,not stated in our sources [],not stated in our sources [],not stated in our sources [],By his tapas a lake and a great tree came into being [adi 83 (story)],"Receiving Kunti and the Pandavas with honour in his hermitage by the lake and tree, where they learn dharma and niti shastras. [adi 83 (story)]",Ghatotkacha bows to his elders in Shalihotra's hermitage (adi 83 caption) — Shalihotra himself is not described.
to do,upayaja.png,upayaja,ఉపయాజుడు,,"యాజుని తమ్ముడు, గొప్ప తపస్వి",sages & teachers,1,sage,male,not stated in our sources [—],not stated in our sources [—],"మంత్రాలతో పవిత్రం చేసిన హవిస్సు (ద్రుపదుని యజ్ఞానికి) [adi 87 (Vyasa, Ganguli Adi CLXIX)]",యాజుని తమ్ముడు; కశ్యప గోత్రం; వానప్రస్థంలో ఎప్పుడూ వ్రతాలలో నిమగ్నమైనవాడు; ఇద్దరిలో అతని తపస్సు అందరికంటే గొప్పది [adi 87 (story)]; ఫలం కోరే యజ్ఞం చేయించడానికి నిరాకరించి ద్రుపదుని అన్న దగ్గరకు పంపాడు; తరువాత యాజునికి సహాయకుడుగా నిలిచాడు [adi 87 (story)],గంగా తీరాన ద్రుపదుడు లక్ష ఆవులు ఇస్తానన్నా 'ఫలం కోరేవాళ్ళ దగ్గరకు వెళ్ళు' అని నిరాకరించడం [adi 87 (story)],"రూపం మూలంలో లేదు. యాజ ఉపయాజుల యజ్ఞ కుండం నుండే ధృష్టద్యుమ్నుడు, ద్రౌపది పుట్టారు."
to do,kokiladevi.png,kokiladevi,కోకిలాదేవి,,ద్రుపదుని రాణి,Pandava side,1,queen,female,not stated in our sources [],"వ్యాసునిలో — 'నా నోరు కుంకుమపువ్వు మొదలైన సుగంధాలతో నిండి ఉంది, ఒంటి మీద సుగంధాలు ఉన్నాయి' అని హవిస్సుకు ఆగమంది [adi 87 (vyasa, Ganguli Adi CLXIX)]",not stated in our sources [],"ద్రుపదుని రాణి — పేరు నన్నయలో ఇక్కడే వస్తుంది (TTD); పుత్రకామేష్టిలో యజ్ఞపత్నిగా తూర్పు ముఖంగా కూర్చుంది [adi 87 (story; note 7.17)]; వ్యాసునిలో 'పృషతుని కోడలు' [adi 87 (vyasa, Ganguli Adi CLXIX)]",ద్రుపదుని పుత్రకామేష్టిలో యాజుని పక్కన యజ్ఞపత్నిగా తూర్పు ముఖంగా కూర్చున్న రాణి [adi 87 (story)],ధృష్టద్యుమ్న ద్రౌపదులు యాగాగ్ని/వేది నుండి పుట్టారు — ఆమె గర్భం నుండి కాదు.
to do,kumbhinasi.png,kumbhinasi,కుంభీనసి,,భర్త ప్రాణం కోసం వేడుకున్న అంగారపర్ణుని భార్య,others,1,gandharva/apsara,female,not stated in our sources [],not stated in our sources [],not stated in our sources [],గంధర్వుడు అంగారపర్ణుని భార్య [adi 88 (story; vyasa Ganguli Adi Parva Sec CLXXII)],అర్జునుడు జుట్టు పట్టి ఈడ్చుకొచ్చిన భర్త కోసం ఎంతో భయంతో ఏడుస్తూ ధర్మరాజును వేడుకుంటున్న కుంభీనసి — 'దయతో నా భర్త ప్రాణాలు నాకు దానం చేయండి' [adi 88 (story)],Vyasa: ఆమె పరుగున వచ్చి ధర్మరాజునే శరణు కోరింది. రూపం పాఠంలో లేదు; పేరును బట్టి వికార రూపం ఊహించకూడదు.
to do,kinkara.png,kinkara,కింకరుడు,,కల్మాషపాదునిలో ప్రవేశించిన రాక్షసుడు,others,1,demon/rakshasa,male,not stated in our sources [—],not stated in our sources [—],none stated [—],a rakshasa sent by an invisible Vishvamitra to enter King Kalmashapada; possesses him on and off [adi 91 (story; note Nannaya 7.113–7.114)],"entering the body of Kalmashapada at Vishvamitra's command, after Shakti's curse [adi 91 (story)]",He has no visible form in the text — he enters the king's inner self. Any portrait would really be the possessed king. (The 'కింకరుడు భౌమనుడు' of adi 21 is a different being — a servant of the gods.)
to do,angirasi.png,angirasi,ఆంగిరసి,,కల్మాషపాదుని శపించిన పతివ్రత,sages & teachers,1,sage's wife,female,not stated in our sources [],not stated in our sources [],not stated in our sources [],A great pativrata whose husband was eaten by the rakshasa-possessed Kalmashapada while they were together in her season [adi 91 (story)],"Grieving, she curses Kalmashapada to die if he unites with a woman, foretells a son through Vasishtha, and enters the fire. [adi 91 (story)]",She ends by entering fire (agnipravesham). Her husband is a Brahmin eaten in the forest; she is not named in Vyasa box here.
to do,kritavirya.png,kritavirya,కృతవీర్యుడు,,భృగు వంశపు బ్రాహ్మణులను యాజకులుగా పెట్టుకున్న రాజు,others,1,king,male,not stated in our sources [—],not stated in our sources [—],లెక్కలేనంత ధనం — యజ్ఞాలలో భార్గవులకు దానం చేశాడు [adi 92 (story)],భృగు వంశపు బ్రాహ్మణులను యాజకులుగా పెట్టుకుని ఎన్నో యజ్ఞాలు చేసి స్వర్గానికి వెళ్ళిన రాజు; అతని తరువాత అతని వంశపు క్షత్రియులు ధనం కోసం భార్గవులను హింసించారు [adi 92 (story)]; యముని సభలో యముని సేవించే రాజర్షుల జాబితాలో ఉన్నాడు (నారదుని సభావర్ణన) [sabha 3 (story)],భార్గవ యాజకులతో యజ్ఞాలు చేసి వారికి లెక్కలేనంత ధనం దానం చేయడం [adi 92 (story)],ఔర్వుని కథకు నేపథ్యం మాత్రమే; రూపం లేదు. adi 41లో 'కృతవీర్యుని కూతురు భానుమతి' ప్రస్తావన కూడా ఉంది.
to do,pulastya.png,pulastya,పులస్త్యుడు,,వసిష్ఠుని ఆశ్రమానికి వచ్చి సత్రం ఆపించిన మహర్షి,sages & teachers,1,sage,male,not stated in our sources [],not stated in our sources [],not stated in our sources [],"బ్రహ్మ మనసు నుండి పుట్టిన ఆరుగురు కుమారులలో నాలుగవవాడు; అనేక రాక్షసులకు తండ్రి; కౌరవ తమ్ముళ్ళు పూర్వం అతని కొడుకులైన రాక్షసులు; విభీషణుడు అతని వంశం [adi 31, adi 32 (story; vyasa Ganguli Adi LXVII); sabha 9 (story)]; బ్రహ్మసభలో ప్రజాపతులు, మహర్షులతో [sabha 3 (story)]","రాక్షస జాతి నాశనమవుతుండగా పులహ క్రతువులు, మహర్షి గణాలతో వసిష్ఠుని ఆశ్రమానికి వచ్చి, రాక్షస సత్రాగ్ని ముందున్న యువ పరాశరుని యాగం ఆపమని వేడుకోవడం [adi 92 (story, caption; vyasa Ganguli Adi CLXXXIII)]",రూపం మా మూలాల్లో లేదు. వ్యాసునిలో పరాశరునికి నచ్చజెప్పినది పులస్త్యుడే.
to do,pulaha.png,pulaha,పులహుడు,,వసిష్ఠుని ఆశ్రమానికి వచ్చి సత్రం ఆపించిన మహర్షి,sages & teachers,1,sage,male,not stated in our sources [],not stated in our sources [],not stated in our sources [],"బ్రహ్మ మనసు నుండి పుట్టిన ఆరుగురు కుమారులలో ఐదవవాడు; అతనికి కిన్నరులు, కింపురుషులు పుట్టారు [adi 31 (story)]","పరాశరుని రాక్షస సత్రం ఆపమని పులస్త్య, క్రతువులతో కలిసి వసిష్ఠుని ఆశ్రమానికి వచ్చి వేడుకుంటున్న పులహుడు [adi 92 (story, caption)]",రూపం పాఠంలో లేదు. సత్రాగ్ని ముందు 'యువ పరాశరుడు' — పులహుడు వేడుకునే మహర్షుల గుంపులో.
to do,kratu.png,kratu,క్రతువు,,వసిష్ఠుని ఆశ్రమానికి వచ్చి సత్రం ఆపించిన మహర్షి,sages & teachers,1,sage,male,not stated in our sources [—],not stated in our sources [—],not stated in our sources [—],"one of the six mind-born sons of Brahma (with Marichi, Angiras, Atri, Pulastya, Pulaha); from him came bird-lineages devoted to truthful vows [adi 31 (story)]; comes with Pulastya, Pulaha and hosts of sages to Vasishtha's hermitage to stop Parashara's rakshasa-sattra [adi 92 (caption, story)]","arriving with Pulastya and Pulaha before the young Parashara's blazing rakshasa-sacrifice fire to ask him to stop [adi 92 (caption, story)]",Kratu is also the common word for 'sacrifice' — only the adi 31 and adi 92 mentions are the sage. No description.
to do,maudgalya.png,maudgalya,మౌద్గల్యుడు,,"ఇంద్రసేన భర్త, మహాముని",sages & teachers,1,sage,male,"Leprous: only skin and bones, old, wrinkled belly, grey hair, foul-smelling mouth, nails and skin falling away [adi 98 (story)]; Later takes beautiful forms, dividing himself into five bodies [adi 98 (story)]",not stated in our sources [],not stated in our sources [],His thumb broke off and fell into the food [adi 98 (story)]; Very angry temper [adi 98 (story)],"Sick in the hermitage, being fed by his devoted wife Indrasena, who eats his leavings even after his thumb falls into them. [adi 98 (story); adi 98 (caption)]",Not named in the Vyasa box for this episode. In Nannaya it is the thumb (పెనువ్రేలు) that falls off (note).
to do,indrasena.png,indrasena,ఇంద్రసేన (నాలాయని),,"మౌద్గల్యుని భార్య, మహా పతివ్రత",sages & teachers,1,sage's wife,female,తామరకన్నుల ఇంద్రసేన [adi 98 (story)],not stated in our sources [—],భర్త తిని వదిలిన ఎంగిలి అన్నం — అందులో తునిగి పడిన భర్త బొటనవేలు [adi 98 (story)],"నలుని కూతురు (నాలాయని); మౌద్గల్యుని భార్య; మహా పతివ్రత — ద్రౌపది పూర్వజన్మ (నన్నయ కథనం) [adi 98 (story)]; భర్త (కుష్ఠు రోగి, ముసలి, నెరసిన వెంట్రుకలు, ఊడిపోతున్న గోళ్ళూ చర్మమూ) ఐదు దేహాలు ధరించి ఆమెతో సూర్యుని రథం ఎక్కి, ఆకాశగంగలో స్నానం చేస్తూ విహరించాడు [adi 98 (story)]","ఆశ్రమంలో రోగగ్రస్తుడైన భర్తకు అన్నం పెట్టి, అతని ఎంగిలి అన్నంలో పడిన బొటనవేలిని ఏ అసహ్యమూ లేకుండా తీసి పక్కన పెట్టి తినడం కొనసాగించడం [adi 98 (story; caption)]","వ్యాసుని ఈ ఘట్టంలో ఇంద్రసేన, మౌద్గల్యుల పేర్లు లేవు — అక్కడ ఒక మహర్షి కూతురు శివుని ఐదుసార్లు భర్తను అడిగిన కథ (Vyasa, Ganguli Adi CXCIX). నన్నయ కథనం పాటించాలి."
to do,chitrasena.png,chitrasena,చిత్రసేనుడు,,పాండవులకు ఎదురేగిన కౌరవ పక్షపు వీరుడు,Kaurava side,1,warrior,male,not stated in our sources [],not stated in our sources [],"జూదశాలలో గంధపుష్పాలతో పూజించిన పాచికలు సిద్ధం చేసుకుని శకుని, వివింశతి, వికర్ణులతో కూర్చున్నాడు [sabha 17 (story)]","ధృతరాష్ట్రుడు వికర్ణ ద్రోణ కృపులతో సైన్యంతో పాండవులకు ఎదురు పంపినవాడు [adi 101 (story; note 8.62)]; వ్యాసునిలో విదురుడు చెప్పిన జూదరులలో 'చిత్రసేన రాజు' [sabha 16 (vyasa, Ganguli Sabha LVIII)]","గంధం, కర్పూరం, కస్తూరి చల్లిన జూద స్థలంలో పూజించిన పాచికలతో శకుని పక్కన కూర్చుని పాండవుల రాకకు ఎదురుచూడడం [sabha 17 (story)]",సభ 4లోని చిత్రసేనుడు (జరాసంధుని అనుచరుడు డిభకుని మరోపేరు) వేరు. రూపం మా మూలాల్లో లేదు.
to do,nikumbha.png,nikumbha,నికుంభుడు,,"సుందోపసుందుల తండ్రి, దైత్యుడు",others,1,demon/rakshasa,male,not stated in our sources [],not stated in our sources [],not stated in our sources [],"హిరణ్యకశిపుని వంశపు దైత్యుడు; సుందోపసుందుల తండ్రి [adi 103 (story)]; adi 31: ప్రహ్లాదుని ముగ్గురు కొడుకులలో ఒకడు నికుంభుడు (విరోచనుడు, కుంభుడు, నికుంభుడు) [adi 31 (story)]",not stated in our sources — సుందోపసుందుల తండ్రిగా పేరు మాత్రమే [adi 103 (story)],దృశ్యం లేదు. adi 31 నికుంభుడు (ప్రహ్లాదుని కొడుకు) ఇతనేనా అని పాఠం స్పష్టం చేయదు.
to do,chitravahana.png,chitravahana,చిత్రవాహనుడు,,"మణిపూర రాజు, చిత్రాంగద తండ్రి",others,1,king,male,not stated in our sources [—],not stated in our sources [—],not stated in our sources [—],"king of Manipura, father of Chitrangada; of Prabhakara's line, which by Parameshvara's boon has only one son per generation [adi 104 (story; note Nannaya 8.140–8.145)]; raised Chitrangada as a putrika — her son to be his heir; that is the bride-price he asks of Arjuna [adi 104 (story)]; receives the infant Babhruvahana as heir [adi 104 (story)]",honouring Arjuna at Manipura and explaining his line's boon and the condition for giving Chitrangada [adi 104 (story)],Modali's prose calls Chitrangada's father 'Chitrangada'; Nannaya — Chitravahana (adi 104 note). No description.
to do,vanda.png,vanda,వంద,,మొసలిగా మారిన కుబేరుని చెలికత్తె,gods,1,gandharva/apsara,female,"Cursed into a huge crocodile (పెద్ద మొసలి) in the Saubhadra tirtha [adi 104 (story)]; Freed, she becomes a celestial woman shining with fresh youth (కొత్త యౌవనంతో వెలిగిపోతున్న దివ్యకాంత) [adi 104 (story)]",not stated in our sources [],not stated in our sources [],Companion (చెలికత్తె) of Kubera; with four friends cursed by an ascetic Brahmin whose tapas they tried to break [adi 104 (story)],"Thrown out of the pool by Arjuna as a crocodile, she turns in that instant into a radiant celestial woman. [adi 104 (story); adi 104 (caption)]","In Sanskrit her name is Varga (adi 104 caption). Her four friends: Saurabheyi, Samichi, Budbuda, Lata. Narada told them Arjuna would free them after a hundred years."
to do,gada.png,gada,గదుడు,,సుభద్ర గురించి అర్జునునికి చెప్పిన యాదవుడు,others,1,warrior,male,not stated in our sources [—],not stated in our sources [—],not stated in our sources [—],"యాదవుడు; సుభద్ర 'తిలోత్తమ కంటే అందమైనది, మంచి గుణాల రాశి' అని అర్జునునికి ముందే చెప్పినవాడు [adi 105 (story; note 8.164)]; రైవతక మహోత్సవానికి భార్యతో వెళ్ళిన యాదవులలో ఒకడు [adi 105 (story)]","not stated in our sources — అతను సుభద్ర గురించి చెప్పిన సంభాషణ ఘట్టం మన పాఠంలో వర్ణించబడలేదు, ప్రస్తావన మాత్రమే [adi 105 (story)]",ఆయుధం 'గద' పేరుతో పోలిక ఉన్నా మూలంలో అతనికి గద ఉందని లేదు. రూపం లేదు.
to do,satyabhama.png,satyabhama,సత్యభామ,,శ్రీకృష్ణుని భార్య,others,1,queen,female,not stated in our sources [],not stated in our sources [],not stated in our sources [],"శ్రీకృష్ణుని భార్య; యతి వేషంలో ఉన్నది అర్జునుడని కృష్ణుడు ఆమెకూ రుక్మిణికీ మాత్రమే రహస్యంగా చెప్పాడు [adi 105 (story)]; సుభద్రార్జునుల వివాహంలో అరుంధతి, శచి, రుక్మిణి మొదలైనవారితో [adi 105 (story; note)]","ద్వారకలో యతి వేషంలో ఉన్న అర్జునుని రహస్యం కృష్ణుని ద్వారా తెలుసుకుని, సుభద్రా వివాహంలో పాల్గొనడం [adi 105 (story)]",రూపం మా మూలాల్లో లేదు.
to do,samba.png,samba,సాంబుడు,,యాదవ వీరుడు,others,1,warrior,male,not stated in our sources [],not stated in our sources [],not stated in our sources [],యాదవ వీరుడు — ద్రౌపదీ స్వయంవరానికి వచ్చిన యదు వృష్ణి వీరులలో ఒకడు [adi 93 (story)]; సుభద్ర సంగతి కృష్ణుడు ఏకాంతంగా చెప్పిన కొద్దిమందిలో ఒకడు; అంతర్ద్వీపం నుండి కృష్ణునితో తిరిగి వచ్చాడు [adi 105 (story)],రైవతక ఉత్సవం తరువాత కృష్ణునితో అంతర్ద్వీపం నుండి తిరిగి వస్తున్న యాదవులలో సాంబుడు [adi 105 (story)],"పేర్ల జాబితాల్లోనే; రూపం, తల్లిదండ్రులు మన పాఠంలో చెప్పబడలేదు."
to do,akrura.png,akrura,అక్రూరుడు,,యాదవ ప్రముఖుడు,others,1,warrior,male,not stated in our sources [—],not stated in our sources [—],not stated in our sources [—],"a Yadava chief — present at Draupadi's swayamvara and at the Raivataka festival; returns with Krishna from Antardvipa [adi 93, adi 105 (story)]",among the Yadava heroes at Draupadi's swayamvara [adi 93 (story)],"Appears only in name lists of Yadavas; no description, no scene of his own. Type 'warrior' as a Yadava hero (role: యాదవ ప్రముఖుడు)."
to do,uddhava.png,uddhava,ఉద్ధవుడు,,యాదవ ప్రముఖుడు,others,1,other,male,not stated in our sources [],not stated in our sources [],not stated in our sources [],not stated in our sources [],"Among the Yadavas who ride out with their wives on elephants, horses and palanquins to the Raivataka festival. [adi 105 (story)]",A Yadava. adi 32 also lists an 'Uddhava' among kings born of the Krodhavasha asura host — a genealogy list; our text does not say it is the same person.
to do,prithushravas.png,prithushravas,పృథుశ్రవసుడు,,ద్వారక నగర రక్షకుల నాయకుడు,others,1,warrior,male,not stated in our sources [—],not stated in our sources [—],not stated in our sources [—],ద్వారక నగర రక్షకుల నాయకుడు; సుభద్రను తీసుకుపోతున్న అర్జునుని గుర్తుపట్టి దారికి అడ్డం నిలిచినవాడు [adi 106 (story; note 8.198–8.199)],ద్వారక రక్షకులతో నలువైపుల నుండీ అర్జునుని రథాన్ని చుట్టుముట్టడం — అర్జునుని బాణాల దెబ్బలకు సేనలు చెల్లాచెదరవడం [adi 106 (story)],నన్నయలో రక్షకులకు అర్జునుడు ఎవరో బాగా తెలుసు; మొదలి వచనంలో తెలియదు — నన్నయను అనుసరించాలి. adi 41లోని పృథుశ్రవసుడు (కామ తండ్రి) వేరొకడు.
to do,shrutasoma.png,shrutasoma,శ్రుతసోముడు,,"భీముని కొడుకు, ఉపపాండవుడు",Pandava side,1,prince,male,not stated in our sources [],not stated in our sources [],not stated in our sources [],"ద్రౌపదికి భీముని వల్ల పుట్టిన కొడుకు — ఉపపాండవులలో ఒకడు [adi 44, adi 106 (story)]",not stated in our sources — పుట్టుక ప్రస్తావన మాత్రమే [adi 106 (story)],"ఉపపాండవులు నిద్రలో అశ్వత్థామ చేత చంపబడ్డారు (adi 4, Ganguli Adi I) — ద్రౌపది కొడుకులు అని మాత్రమే, పేరుతో కాదు."
to do,shrutakirti.png,shrutakirti,శ్రుతకీర్తి,,"అర్జునుని కొడుకు, ఉపపాండవుడు",Pandava side,1,child,male,not stated in our sources [],not stated in our sources [],not stated in our sources [],ద్రౌపదికి అర్జునుని వల్ల పుట్టిన కొడుకు — ఉపపాండవులలో ఒకడు [adi 44 (story); adi 106 (story)],not stated in our sources — ఉపపాండవుల పేర్ల జాబితాలో మాత్రమే [adi 106 (story)],మన రెండు పర్వాల్లో పుట్టుక మాత్రమే; పోర్ట్రెయిట్‌కు దృశ్యం లేదు. type 'child' పాఠంలో కనిపించే దశను బట్టి.
to do,shatanika.png,shatanika,శతానీకుడు,,"నకులుని కొడుకు, ఉపపాండవుడు",Pandava side,1,prince,male,not stated in our sources [—],not stated in our sources [—],not stated in our sources [—],"son of Nakula by Draupadi — one of the five Upapandavas [adi 44, adi 106 (story)]",not stated in our sources (named only in the list of Draupadi's sons) [adi 106 (story)],Do not confuse with Shatanika son of Janamejaya (adi 44). No description.
to do,shvetaki.png,shvetaki,శ్వేతకి,,నేతితో ఎన్నో యజ్ఞాలు చేసిన రాజర్షి,others,1,king,male,not stated in our sources [],not stated in our sources [],not stated in our sources [],not stated in our sources [],"For twelve years in brahmacharya, pouring an unbroken stream of ghee into the fire as Shiva told him. [adi 107 (story)]",A royal sage (రాజర్షి). He did tapas on Kailasa for Shiva; Durvasa then conducted his hundred-year sacrifice. The ghee surfeit is why Agni later needed Khandava.
to do,jarita.png,jarita,జరిత,,మందపాలుని భార్యైన శార్ఙ్గక పక్షి,others,1,bird,female,లావుక పక్షి (నన్నయ); శార్ఙ్గక పక్షి రూపంలోని మందపాలునికి భార్య [adi 109 (story)],not applicable [—],"చెట్టు మీది గూడు; పక్కనే ఎలుక కలుగు (పిల్లలను దాచమని చూపింది) [adi 109 (story; caption; Vyasa, Ganguli Adi CCXXXII)]","నలుగురు కొడుకుల తల్లి — జరితారి, సారిసృక్కుడు, స్తంబమిత్రుడు, ద్రోణుడు (బ్రహ్మజ్ఞానులైన పక్షి పిల్లలు) [adi 109 (story)]; వ్యాసునిలో 'మిమ్మల్ని నా రెక్కలతో కప్పి మీతో పాటే చనిపోతాను' అని ఏడ్చింది; తరువాత తిరిగి వచ్చి ఒక్కొక్కరినీ కౌగిలించుకుంది [adi 109 (Vyasa, Ganguli Adi CCXXXII, CCXXXV–CCXXXVI)]","ఖాండవ దహనంలో రెక్కలు రాని నలుగురు పిల్లలను వదలలేక, కలుగులోకి దూరమని వేడుకుంటూ దుఃఖిస్తున్న తల్లి పక్షి [adi 109 (story)]",జాతి: నన్నయ 'లావుక పక్షి'; వ్యాసునిలో శార్ఙ్గక జాతి పద్ధతి. ఆమె పక్షి రూపంలోనే — మానవ రూపం కాదు.
to do,lapita.png,lapita,లపిత,,మందపాలుని పూర్వభార్య,others,1,other,female,"వ్యాసునిలో జరిత 'ఆ పడుచు లపిత' అంటుంది (యువతి) [adi 109 (vyasa, Ganguli Adi CCXXXV–CCXXXVI)]",not stated in our sources [],not stated in our sources [],"మందపాలుని పూర్వభార్య; అతను జరితను, పిల్లలను ఖాండవంలో వదిలి ఆమెతో తిరిగాడు; 'అది పక్షి, ఎక్కడికైనా ఎగిరిపోగలదు' అని అసూయతో అంది [adi 109 (story; note 8.300)]",ఖాండవ దహనం విని జరిత కోసం ఆరాటపడుతున్న మందపాలునితో 'అగ్ని మాట ఇచ్చాడు — మరచిపోయావా?' అని అసూయగా వాదించడం [adi 109 (story)],"ఆమె రూపం (స్త్రీయా పక్షియా) మా మూలాల్లో చెప్పలేదు — మందపాలుడు అప్పటికి శార్ఙ్గక పక్షిగా మారాడు, జరిత లావుక పక్షి; లపిత రూపం ఊహించవద్దు."
to do,jaritari.png,jaritari,జరితారి,,"జరిత పెద్ద కొడుకు, శార్ఙ్గక పక్షి",others,1,bird,male,"ఇంకా రెక్కలు రాని, నడవలేని పసి శార్ఙ్గక (లావుక) పక్షి పిల్ల — నలుగురిలో పెద్దవాడు [adi 109 (story)]; 'మేము మాంసపు ముద్దలం' అని తానే అంటాడు [adi 109 (story)]",not stated in our sources [],"మంటలు చుట్టుముట్టిన చెట్టు మీద గూడు; దగ్గర ఎలుక కలుగు [adi 109 (story, caption)]","మందపాలుడు (శార్ఙ్గక పక్షిగా మారిన ముని), జరిత కొడుకు; పరబ్రహ్మను ఎరిగినవాడు; Vyasa: పెద్దవాడు, వంశాన్ని నిలిపేవాడు [adi 109 (story; vyasa Ganguli Adi Parva Sec CCXXXI)]","మంటలు చుట్టుముట్టిన గూడులో 'కలుగులోకి దూరితే ఎలుక చంపుతుంది; ఈ జ్వాలల్లోనే ఉంటాం' అని తల్లికి చెబుతున్న పెద్ద పిల్ల జరితారి — నలుగురూ అగ్నిని స్తుతిస్తూ [adi 109 (story, caption)]",రెక్కలు రాని పసి పక్షి — ఎగిరే పక్షిగా చూపకూడదు. మనిషి రూపం కాదు.
to do,sarisrikka.png,sarisrikka,సారిసృక్కుడు,,"జరిత కొడుకు, శార్ఙ్గక పక్షి",others,1,bird,male,"a young Sharngaka/lavuka bird-chick, wings not yet grown, cannot walk or fly [adi 109 (story)]",not stated in our sources [—],the nest in a tree surrounded by the Khandava fire [adi 109 (caption)],"second of the four sons of the sage Mandapala (as a Sharngaka bird) and Jarita; the four are knowers of Brahman / Veda-reciting rishis [adi 109 (story; Ganguli Adi CCXXXI vyasa)]; with his brothers praises Agni and is spared by him [adi 109 (caption, story)]","one of four chicks in a nest on a burning tree, praising Agni as the Khandava fire approaches [adi 109 (caption)]","A bird chick, not a human child. Nannaya's spelling 'సారిసృక్క'. Individually he has no separate scene — he acts with his three brothers."
to do,stambamitra.png,stambamitra,స్తంబమిత్రుడు,,"జరిత కొడుకు, శార్ఙ్గక పక్షి",others,1,bird,male,"A baby sarngaka bird — wingless, unable to walk (రెక్కలు రాని, నడవలేని పసి శార్ఙ్గకులు); one of four chicks [adi 109 (story)]",not stated in our sources [],not stated in our sources [],A bird-chick who knows Brahman; son of the sage Mandapala (turned sarngaka bird) and the bird Jarita [adi 109 (story)],"With his three brothers in the tree as the Khandava fire approaches, praising Agni with the mantras of the four Vedas, crying 'abhayam'; Agni spares their tree. [adi 109 (story)]","Draw a fledgling bird, not a boy. The four chicks are compared to Brahma's four faces. In Vyasa the names come from Jarita (adi 109, Ganguli Sec. CCXXXI). The chick 'Drona' is not Dronacharya."
to do,parvata.png,parvata,పర్వతుడు,,నారదునితో సభకు వచ్చిన ముని,sages & teachers,1,sage,male,not stated in our sources [—],not stated in our sources [—],not stated in our sources [—],"నారదుడు తన వెంట వచ్చిన దేవతలను వెనక్కి పంపినా తనతో పాటు పాండవుల సభకు దిగివచ్చిన నలుగురు మునులలో ఒకడు (పర్వత, పారిజాత, రైవత, సుముఖులు) [sabha 2 (story)]","నారదునితో కలిసి ఆకాశం నుండి మయసభకు దిగివచ్చి, నారదుడు ధర్మరాజుకు రాజనీతి ప్రశ్నలు వేస్తుండగా ఉండడం [sabha 2 (story; caption)]",పేరు మాత్రమే; రూపం లేదు. adi 26 జాబితాలోని 'పర్వతుడు' కూడా ఉండవచ్చు.
to do,parijata.png,parijata,పారిజాతుడు,,నారదునితో సభకు వచ్చిన ముని,sages & teachers,1,sage,male,not stated in our sources [],not stated in our sources [],not stated in our sources [],"నారదుడు మిగిలినవారిని వెనక్కి పంపినా ఆయనతో వచ్చిన నలుగురు మునులు — పర్వతుడు, పారిజాతుడు, రైవతుడు, సుముఖుడు [sabha 2 (story; note 1.25)]",నారదునితో ఆకాశం నుండి మయసభకు దిగి వచ్చిన మునుల గుంపులో [sabha 2 (story)],"పేరు మాత్రమే. ఆది 5లోని 'పారిజాత వృక్షం' ఉపమానం, ఆది 26లోని 'పారిజాతయాత్రుడు' (నాగుడు) వేరు."
to do,raivata.png,raivata,రైవతుడు,,నారదునితో సభకు వచ్చిన ముని,sages & teachers,1,sage,male,not stated in our sources [],not stated in our sources [],not stated in our sources [],"నారదునితో ఇంద్రప్రస్థానికి వచ్చిన మునులలో ఒకడు (పర్వతుడు, పారిజాతుడు, రైవతుడు, సుముఖుడు) [sabha 2 (story)]",నారదునితో కలిసి ఆకాశం నుండి పాండవుల భవనానికి దిగి వచ్చిన మునుల గుంపులో రైవతుడు [sabha 2 (story)],ఒక్క పేరు మాత్రమే; రైవతక పర్వతంతో కలపకూడదు.
to do,sumukha.png,sumukha,సుముఖుడు,,నారదునితో సభకు వచ్చిన ముని,sages & teachers,1,sage,male,not stated in our sources [—],not stated in our sources [—],not stated in our sources [—],"one of the sages (with Parvata, Parijata, Raivata) who came with Narada to Dharmaraja's assembly hall [sabha 2 (story; note Nannaya 1.25)]",accompanying Narada as he descends from the sky to Dharmaraja's hall [sabha 2 (story)],Only a name. The Naga 'Sumukha' in adi 16 is a different being. Nannaya mentions no vina for Narada here (sabha 2 note). No description.
to do,hamsa.png,hamsa,హంసుడు,,జరాసంధుని సేవించిన మాయా యుద్ధ వీరుడు,others,1,warrior,male,not stated in our sources [],not stated in our sources [],not stated in our sources [],Cannot be killed by weapons [sabha 4 (story); sabha 5 (story)]; Also called Kaushika / Chitrasena; skilled in maya warfare; with Dibhaka like Jarasandha's left and right arms [sabha 4 (story)],"Hearing that Dibhaka drowned himself on a false report of Hamsa's death, Hamsa too gives up his life out of love for him. [sabha 4 (story)]","Always paired with Dibhaka. In Vyasa (sabha 4, Ganguli Sec. XIV) both leap into the Yamuna, and Hamsa's wife is Jarasandha's daughter. The Gandharva-king Hamsa reborn as Dhritarashtra (adi 32) is a different being."
to do,dibhaka.png,dibhaka,డిభకుడు,,జరాసంధుని సేవించిన మాయా యుద్ధ వీరుడు,others,1,warrior,male,not stated in our sources [—],not stated in our sources [—],"ఆయుధాలతో చావు లేని వరం గలవాడు [sabha 4 (story; Vyasa, Ganguli Sabha XIV)]","హంసునితో కలిసి జరాసంధునికి ఎడమ కుడి భుజాల్లాంటివాడు; మాయా యుద్ధం తెలిసినవాడు; హంసుడు, డిభకుడు ఒకరిమీద ఒకరికి ప్రాణం [sabha 4 (story)]; వ్యాసునిలో పేరు 'డింభకుడు' [sabha 4 (Vyasa, Ganguli Sabha XIV)]",'హంసుడు యుద్ధంలో చనిపోయాడు' అనే అబద్ధపు కబురు నమ్మి 'హంసుడు లేని లోకంలో నాకు బతుకెందుకు?' అంటూ నీళ్ళలో (వ్యాసునిలో యమునలో) మునిగి ప్రాణం విడవడం [sabha 4 (story; Vyasa)],కృష్ణుడు ధర్మరాజుకు చెప్పిన కథలో మాత్రమే; రూపం లేదు.
to do,nila.png,nila,నీలుడు,,మాహిష్మతీపుర రాజు,others,1,king,male,not stated in our sources [],not stated in our sources [],"సహదేవునికి కప్పంగా గుర్రాలు, ఏనుగులు, దివ్య వస్త్రాలు, రత్నాలు [sabha 9 (story)]","మాహిష్మతీపుర రాజు; సహదేవునికి ఎదురు నిలిచి యుద్ధం చేశాడు; అగ్నిదేవుడు ఆ నగరాన్ని కాపాడేవాడు [sabha 9 (story)]; వ్యాసునిలో అగ్ని నీలుని అందమైన కుమార్తెను కోరాడు; ఆమె పెదవుల ఊపిరి తగిలితేనే నీలుని యజ్ఞాగ్ని మండేది [sabha 9 (vyasa, Ganguli Sabha XXXI)]","అగ్ని శాంతించాక భక్తితో సహదేవుని దర్శనానికి వచ్చి కప్పం సమర్పించడం [sabha 9 (story; note 1.259, 1.261)]","నన్నయలో నీలుడు అగ్నిని పిలవలేదు (sabha 9 note); కప్పం ఇచ్చినది నీలుని వంశంవాడైన నిషధుడని TTD అర్థవివరణ. ఆది 16 (నాగుడు), ఆది 32లోని నీలుడు వేరు."
to do,nishadha.png,nishadha,నిషధుడు,,నీలుని వంశపు మాహిష్మతీ రాజు,others,1,king,male,not stated in our sources [],not stated in our sources [],not stated in our sources [],"నీలుని వంశపు మాహిష్మతీ రాజు; బ్రాహ్మణ రూపంలో పట్టుబడిన అగ్ని నిజరూపంతో మండిపడగా భయపడి చేతులు జోడించాడు; శత్రువులను కాల్చమని వరం పొందాడు [sabha 9 (story)]; Vyasa లో ఈ కథ రాజు నీలుని పేరుతో ఉంది (కుమార్తెను అగ్నికి ఇచ్చాడు) [sabha 9 (vyasa, Ganguli Sabha Parva Sec XXXI)]",సభలో జ్వాలలతో మండిపడుతున్న అగ్ని ఎదుట భయంతో చేతులు జోడించి 'మహాపురుషా! నా అజ్ఞానాన్ని సహించు' అంటున్న నిషధుడు [sabha 9 (story)],నన్నయ పాఠంలో నిషధుడు; వ్యాసంలో నీలుడు — ఇది మూలాల తేడా. రూపం పాఠంలో లేదు.
to do,bhishmaka.png,bhishmaka,భీష్మకుడు,,సహదేవునికి ధనం పంపిన రాజు,others,1,king,male,not stated in our sources [—],not stated in our sources [—],not stated in our sources [—],a king (with Rukmi and the kings of Shurparaka and Dandaka) who sent countless wealth to Sahadeva through envoys [sabha 9 (story; note Nannaya 1.261)],not stated in our sources (only sends tribute through messengers) [sabha 9 (story)],In Nannaya he is not conquered — he sends wealth via envoys (Modali says conquered). No description.
to do,yajnavalkya.png,yajnavalkya,యాజ్ఞవల్క్యుడు,,రాజసూయంలో అధ్వర్యుడు,sages & teachers,1,sage,male,not stated in our sources [],not stated in our sources [],not stated in our sources [],not stated in our sources [],Serves as adhvaryu at Yudhishthira's Rajasuya. [sabha 10 (story)],Also in the list of sages in Maya's hall (sabha 1). No physical detail.
to do,sunitha.png,sunitha,సునీథుడు,,శిశుపాలుని సేనాపతి,others,1,warrior,male,"వ్యాసునిలో కోపంతో ఎర్రబడిన కళ్ళు [sabha 11 (Vyasa, Ganguli Sabha XXXIX)]",not stated in our sources [—],not stated in our sources [—],"నన్నయ కథనంలో శిశుపాలుని సేనాపతి [sabha 11 (story)]; వ్యాసుని మూలంలో (గంగూలీ) సునీథుడు శిశుపాలుడే — వేరే సేనాపతి ప్రస్తావన లేదు [sabha 11 (Vyasa, Ganguli Sabha XXXIX)]",రాజసూయంలో అర్ఘ్యం కృష్ణునికి దక్కగానే మిక్కిలి కోపంతో కఠినంగా మాట్లాడుతూ తమ పక్షపు రాజులందరినీ కూడగట్టి యుద్ధానికి సిద్ధం కావడం [sabha 11 (story)],"నన్నయలో శిశుపాలుని సేనాపతి, వ్యాసునిలో శిశుపాలుని మరో పేరు — వరుసకు నన్నయను పాటించాలి. రూపం లేదు."
to do,damaghosha.png,damaghosha,దమఘోషుడు,,"చేది వంశపు రాజు, శిశుపాలుని తండ్రి",others,1,king,male,not stated in our sources [],not stated in our sources [],not stated in our sources [],"చేది వంశపు రాజు; సాత్వతి భర్త; శిశుపాలుని తండ్రి — నాలుగు చేతులు, నుదుటి కన్నుతో పుట్టి గాడిద గొంతుతో ఏడ్చిన బిడ్డను చూసి భయంతో, ఆశ్చర్యంతో నిండిపోయాడు [sabha 12 (story); sabha 11 (story)]","నాలుగు చేతులు, నుదుటి కన్నుతో పుట్టిన కొడుకును చూసి సాత్వతితో కలిసి భయపడుతుండగా అశరీరవాణి వినిపించడం (వ్యాసునిలో అతిథుల ఒడిలో బిడ్డను ఒక్కొక్కరిగా పెట్టడం) [sabha 12 (story; vyasa Ganguli Sabha XLIII)]",రూపం మా మూలాల్లో లేదు. వ్యాసునిలో బిడ్డకు 'మూడు కళ్ళు' అని (Ganguli).
to do,satvati.png,satvati,సాత్వతి,,శిశుపాలుని తల్లి,others,1,queen,female,not stated in our sources [],not stated in our sources [],"వికారరూపపు పసిబిడ్డ శిశుపాలుడు (నాలుగు చేతులు, నుదుటి కన్ను) [sabha 12 (story, caption)]",చేది రాజు దమఘోషుని భార్య; బలరామ కృష్ణుల మేనత్త [sabha 12 (story); sabha 13 (story)]; కృష్ణుని వేడుకుని కొడుకు నూరు తప్పులు సహించే వరం పొందింది [sabha 12 (story)],"బిడ్డను కృష్ణుని చేతికి ఇవ్వగానే అదనపు చేతులు, నుదుటి కన్ను మాయమవడం చూసి ఆశ్చర్యపోతున్న తల్లి సాత్వతి [sabha 12 (story, caption)]","రాణి; రూపం పాఠంలో లేదు. బిడ్డను మొదట బలరామునికి, తరువాత కృష్ణునికి ఇచ్చింది — ఆ క్రమం ముఖ్యం."
to do,daruka.png,daruka,దారుకుడు,,శ్రీకృష్ణుని రథసారథి,others,1,attendant,male,not stated in our sources [—],not stated in our sources [—],"drives Krishna's divine golden chariot — horses swift as wind, gleaming with gold and gems, Garuda-banner, thundering like clouds [sabha 13 (story)]",Krishna's charioteer (సారథి) [sabha 13 (story)],at the reins of Krishna's golden Garuda-bannered chariot as Krishna sets out at once [sabha 13 (story)],"Only the chariot is described, not Daruka himself."
to do,bhanumati.png,bhanumati,భానుమతి,,గాంధారి కోడళ్ళలో ముందున్నది,Kaurava side,1,princess,female,Shines at the head of Gandhari's daughters-in-law 'like Rohini among the stars' [sabha 17 (story)],not stated in our sources [],not stated in our sources [],not stated in our sources [],Standing foremost among the Kaurava daughters-in-law with Gandhari as Draupadi bows to Gandhari in Hastina. [sabha 17 (story)],"Our text does not say whose wife she is. The 'Bhanumati, daughter of Kritavirya' in adi 41 is a different, ancient queen."
